{"type":"FeatureCollection","attribution":"Rivers and water bodies © OpenStreetMap contributors (ODbL)","features":[{"type":"Feature","properties":{"kind":"river","name":""},"geometry":{"type":"MultiLineString","coordinates":[[[120.67166,16.46669],[120.67231,16.46648],[120.6725,16.46594],[120.67197,16.46474],[120.67124,16.46423],[120.67123,16.46268],[120.67292,16.46062],[120.67362,16.45897],[120.67484,16.45937],[120.6755,16.45902],[120.67562,16.45717],[120.67842,16.45342],[120.678,16.45164],[120.67876,16.45095],[120.6781,16.45002],[120.6783,16.44755]],[[120.6783,16.44755],[120.68083,16.44662],[120.68321,16.44833],[120.68423,16.44835],[120.6847,16.45152],[120.68568,16.45268],[120.68624,16.45262],[120.6863,16.45049],[120.68681,16.45026],[120.68964,16.45075],[120.69022,16.45001],[120.68952,16.44887],[120.69013,16.44811],[120.69081,16.44787],[120.6918,16.44854],[120.69216,16.4484],[120.69269,16.4475],[120.69398,16.44755],[120.69559,16.44535],[120.69769,16.44486],[120.69851,16.44194],[120.69848,16.44057],[120.70052,16.44043],[120.70161,16.43806],[120.70338,16.43681],[120.70387,16.43559],[120.70542,16.43448],[120.70838,16.43398],[120.70764,16.43104],[120.71038,16.43105],[120.71123,16.43188],[120.71219,16.43136],[120.71213,16.4306],[120.71097,16.42947],[120.71117,16.42829],[120.71267,16.42877],[120.71393,16.42756],[120.7155,16.42947],[120.71671,16.42835],[120.71934,16.42946],[120.72266,16.42865]],[[120.72266,16.42865],[120.72615,16.42869],[120.72866,16.42982],[120.73218,16.428]],[[120.62997,16.45201],[120.63165,16.45224],[120.63362,16.45172],[120.63403,16.45257],[120.63506,16.45298],[120.63493,16.4546],[120.63587,16.45573],[120.63549,16.45749],[120.63679,16.45794],[120.6369,16.45919],[120.63829,16.46189],[120.63916,16.46175],[120.63894,16.46081],[120.63941,16.46048],[120.6405,16.46147],[120.64052,16.46206],[120.64096,16.4621],[120.64161,16.46033],[120.64213,16.46379],[120.64289,16.46385],[120.64355,16.4627],[120.64411,16.46345],[120.64479,16.46307],[120.64535,16.46328],[120.64555,16.4638],[120.64516,16.46467],[120.64552,16.46547],[120.64595,16.4648],[120.64726,16.465],[120.64767,16.46472],[120.64726,16.4631],[120.64941,16.46366],[120.65046,16.4633]],[[120.65046,16.4633],[120.65227,16.46375],[120.6525,16.46257],[120.65195,16.46196],[120.65208,16.46127],[120.6534,16.46091],[120.65309,16.45984],[120.65388,16.45965],[120.65444,16.45888],[120.65485,16.45887],[120.65504,16.45993],[120.65565,16.45987],[120.65901,16.45811],[120.65902,16.45686],[120.65815,16.4558],[120.65979,16.45441],[120.66123,16.45473],[120.66219,16.456],[120.66277,16.45619],[120.66432,16.4552],[120.66567,16.45353],[120.66701,16.45345],[120.6664,16.45186],[120.66744,16.45048],[120.66955,16.45094],[120.66936,16.45212],[120.66983,16.45272],[120.67127,16.4525],[120.67177,16.45229],[120.67257,16.45056],[120.67307,16.45051],[120.67324,16.45008],[120.67425,16.45033],[120.67427,16.44949],[120.67307,16.44895],[120.6731,16.44834],[120.6783,16.44755]],[[120.71962,16.42687],[120.72011,16.42719],[120.72069,16.42612],[120.72183,16.42809],[120.72266,16.42865]],[[120.99782,17.96777],[120.99819,17.96876],[121.00044,17.96921],[121.00127,17.97006],[121.00171,17.97102],[121.00167,17.97257],[121.00121,17.97281],[121.00142,17.97376],[121.00106,17.97416],[121.00165,17.97531],[121.00233,17.97539],[121.00334,17.97365],[121.00556,17.97404],[121.00701,17.97518]],[[121.00701,17.97518],[121.00959,17.9762],[121.01085,17.97723],[121.01573,17.97659],[121.01673,17.97687],[121.01779,17.97821],[121.01748,17.97918],[121.02074,17.97926],[121.02071,17.98027],[121.0215,17.98203],[121.02037,17.98259],[121.02106,17.98388],[121.02313,17.98512],[121.02601,17.9853],[121.02683,17.98602],[121.02747,17.98736],[121.0304,17.98981],[121.03175,17.99231],[121.03441,17.9927],[121.03615,17.99482],[121.03561,17.99582],[121.03565,17.99648],[121.03643,17.99704],[121.03629,17.99826],[121.03816,17.99867],[121.03925,17.99797],[121.03979,17.99935],[121.03916,18.00065],[121.04072,18.00177],[121.04221,18.00228],[121.04387,18.00146],[121.04425,18.00284],[121.04508,18.0034],[121.04621,18.00266],[121.04746,18.00294],[121.04787,18.0036],[121.05006,18.00412],[121.05018,18.00544],[121.05086,18.00667],[121.05286,18.00647],[121.05536,18.00868],[121.06114,18.01084],[121.0649,18.01173],[121.06929,18.01504],[121.07106,18.01479]],[[121.07106,18.01479],[121.07209,18.01379],[121.07258,18.01388],[121.07632,18.01537],[121.07793,18.017],[121.07883,18.01723],[121.07979,18.01695],[121.08152,18.01461],[121.08288,18.0145],[121.08369,18.01282],[121.08569,18.01291]],[[121.08569,18.01291],[121.08776,18.01648],[121.08943,18.01761]],[[121.08943,18.01761],[121.09068,18.01793],[121.09618,18.02234],[121.09779,18.02305]],[[121.09779,18.02305],[121.10028,18.02506],[121.10177,18.02531],[121.10279,18.02462],[121.10386,18.02479],[121.10542,18.0258],[121.111,18.02803],[121.11297,18.02841],[121.11471,18.02707],[121.1162,18.02652]],[[121.06053,18.35744],[121.05971,18.35684],[121.05956,18.35555],[121.05816,18.35406],[121.05865,18.35296],[121.05777,18.35083],[121.05827,18.34985],[121.05821,18.34815],[121.05485,18.34679],[121.05349,18.34406],[121.05258,18.345],[121.05081,18.34292],[121.05055,18.34393],[121.05017,18.34399],[121.04877,18.34288],[121.04885,18.34234],[121.0499,18.34168],[121.04964,18.34017],[121.05221,18.33969],[121.0529,18.33901],[121.05272,18.33843],[121.04838,18.33747],[121.0475,18.33589],[121.04614,18.33528],[121.04642,18.33464],[121.04815,18.33529],[121.04838,18.33451],[121.04938,18.33394],[121.04677,18.33215],[121.04675,18.3316],[121.04768,18.33104],[121.04745,18.3292],[121.04785,18.32861],[121.04886,18.32861],[121.05029,18.32629],[121.04841,18.32433],[121.048,18.32339],[121.04887,18.3219],[121.04796,18.32115],[121.04551,18.32026],[121.04414,18.31771],[121.04365,18.31561],[121.0421,18.31504],[121.0424,18.31312],[121.04107,18.31258],[121.04,18.31273],[121.04031,18.31119],[121.03935,18.30909],[121.04059,18.30771],[121.04045,18.30586],[121.03987,18.30533],[121.03823,18.30615],[121.03746,18.30582],[121.03671,18.30467],[121.03619,18.30263],[121.03465,18.30207],[121.03385,18.30097],[121.03362,18.29974],[121.03142,18.29722],[121.03057,18.29411],[121.03179,18.29126],[121.03466,18.28879],[121.0361,18.28699],[121.0345,18.28223],[121.0358,18.28137],[121.03606,18.2801],[121.0351,18.27876],[121.03521,18.27813],[121.03655,18.27787],[121.0375,18.27697],[121.03781,18.27566],[121.03702,18.27559],[121.03656,18.27507],[121.03657,18.2742],[121.03466,18.27447],[121.03438,18.27413],[121.03418,18.27247],[121.03562,18.27197],[121.03614,18.27139],[121.03382,18.27018],[121.0352,18.26808],[121.034,18.2658],[121.03437,18.26376],[121.03575,18.26377],[121.03669,18.26272],[121.03708,18.26143],[121.03658,18.26016],[121.03733,18.25873]],[[121.03733,18.25873],[121.04411,18.26059],[121.04559,18.25988],[121.04605,18.25863]],[[121.1923,18.32146],[121.19414,18.32175],[121.19414,18.32264],[121.19467,18.32292],[121.19864,18.32329],[121.20028,18.32434],[121.20329,18.32543],[121.20432,18.32456],[121.20508,18.32284],[121.20434,18.32093],[121.20475,18.32055],[121.20617,18.32078],[121.20688,18.32148],[121.20789,18.32176],[121.20964,18.32146],[121.2129,18.32016],[121.2138,18.31941],[121.2141,18.31837],[121.21565,18.31758],[121.21785,18.31869],[121.22017,18.31767],[121.22212,18.31857],[121.22433,18.3183],[121.22835,18.31886],[121.23169,18.31611],[121.23175,18.31677],[121.23403,18.31924],[121.23541,18.3198],[121.23591,18.31913]],[[121.23591,18.31913],[121.23631,18.31648],[121.23786,18.31685]],[[121.23786,18.31685],[121.23903,18.31736],[121.24169,18.32376],[121.24306,18.32539],[121.244,18.32533],[121.24543,18.32258],[121.24689,18.32159],[121.24809,18.32192],[121.24981,18.32375],[121.25091,18.32391]],[[121.16253,18.23354],[121.16376,18.23449],[121.1649,18.23737],[121.16881,18.23994],[121.16881,18.24116],[121.16971,18.24157],[121.16928,18.2428],[121.16989,18.24509],[121.17337,18.24559],[121.17355,18.24445],[121.17443,18.24377],[121.17428,18.24207],[121.17758,18.24232],[121.17978,18.23981],[121.17997,18.23888],[121.18191,18.23901],[121.18275,18.23776],[121.18544,18.23638],[121.18636,18.23477],[121.18837,18.23458],[121.18886,18.2341],[121.18783,18.23261],[121.18914,18.23131],[121.18967,18.23162],[121.19119,18.23504],[121.19309,18.23548],[121.19561,18.23491],[121.20105,18.23485],[121.20181,18.23397],[121.20503,18.23318],[121.20811,18.23057],[121.21073,18.23075],[121.21199,18.2317],[121.21547,18.23085],[121.21613,18.23261],[121.21716,18.23236],[121.21909,18.2329],[121.21948,18.23627],[121.22272,18.23919],[121.22368,18.24077],[121.22619,18.24251],[121.22689,18.24474],[121.22667,18.24794],[121.22616,18.2491],[121.22625,18.25148],[121.22808,18.25401],[121.22786,18.25471],[121.22725,18.25495],[121.22712,18.25571],[121.22892,18.25852],[121.22927,18.26053],[121.23081,18.26315],[121.23104,18.2652],[121.22949,18.26559],[121.22714,18.26703],[121.2282,18.27163],[121.22768,18.27325],[121.22805,18.27556]],[[121.22805,18.27556],[121.22874,18.27723],[121.23284,18.27883],[121.23701,18.2817],[121.23868,18.28234],[121.23929,18.28413],[121.24112,18.28685],[121.24535,18.28899],[121.246,18.2914],[121.2458,18.29202],[121.24435,18.29289],[121.24489,18.29502],[121.24409,18.29627],[121.24444,18.29913],[121.24395,18.30048],[121.24278,18.30113],[121.2428,18.30184],[121.2469,18.30236],[121.24876,18.30404],[121.25048,18.30333],[121.25254,18.30438],[121.25281,18.30489],[121.25257,18.30554],[121.25107,18.30617],[121.25175,18.30911],[121.25279,18.31077],[121.25273,18.31218],[121.24774,18.3176],[121.24887,18.32032],[121.25077,18.31974],[121.25238,18.32117],[121.25257,18.32262],[121.25091,18.32391]],[[121.10949,18.33767],[121.11056,18.3367],[121.11104,18.33545],[121.11085,18.33417],[121.11424,18.33265],[121.11431,18.33046],[121.1156,18.32925],[121.11692,18.32985],[121.11834,18.32963],[121.11994,18.32823],[121.12011,18.32696],[121.12194,18.32678],[121.12312,18.32506],[121.12502,18.3251],[121.12644,18.32613],[121.12727,18.32604],[121.12766,18.32538],[121.12732,18.32438],[121.12887,18.32187],[121.12992,18.32105],[121.13166,18.32066],[121.13275,18.31993],[121.13315,18.32002],[121.13441,18.32206],[121.13745,18.32139],[121.13911,18.32051],[121.14236,18.32156],[121.14327,18.32059],[121.14378,18.32055],[121.14474,18.32193],[121.146,18.32117],[121.14714,18.32193],[121.14812,18.32114],[121.15005,18.32095],[121.15125,18.32118],[121.15352,18.3229],[121.15537,18.32362],[121.15757,18.32179],[121.16016,18.32252],[121.16093,18.32106],[121.16183,18.32081],[121.16367,18.32237],[121.16513,18.32152],[121.16614,18.32315],[121.16688,18.32338],[121.16698,18.32254],[121.16782,18.32177],[121.17256,18.32114],[121.17332,18.31912],[121.17499,18.31908],[121.17533,18.31797],[121.17626,18.31796],[121.17768,18.31862],[121.17806,18.31788],[121.17866,18.31766],[121.18217,18.31845],[121.18352,18.31714],[121.18444,18.3174],[121.18531,18.31826],[121.18847,18.31725],[121.18938,18.32016],[121.19007,18.32072],[121.19164,18.32105]],[[121.19164,18.32105],[121.1923,18.32146]],[[121.05058,17.92591],[121.05244,17.92479],[121.05356,17.92459],[121.05595,17.92566],[121.05926,17.92208],[121.06064,17.9211],[121.06218,17.92061],[121.06979,17.92033]],[[121.02426,17.46143],[121.02363,17.46248],[121.02381,17.46435],[121.02561,17.46455],[121.02602,17.46519],[121.02457,17.46717],[121.02506,17.46969],[121.02385,17.47202],[121.02423,17.47256],[121.02541,17.47239],[121.02565,17.47342],[121.02433,17.47382],[121.0243,17.47415],[121.02506,17.47455],[121.02588,17.47443],[121.02636,17.47515],[121.02739,17.47511],[121.03098,17.47811],[121.03205,17.47856]],[[121.0509,18.43346],[121.05009,18.43406],[121.04924,18.43575],[121.05272,18.43808],[121.05922,18.43975],[121.06395,18.44038],[121.06488,18.44013],[121.06725,18.44066],[121.068,18.43959],[121.07223,18.43989],[121.07372,18.44063],[121.07727,18.44143],[121.07853,18.44226]],[[121.07853,18.44226],[121.08038,18.44563],[121.08146,18.44599],[121.08323,18.44576],[121.08378,18.44608],[121.08395,18.44739],[121.08432,18.44768],[121.08627,18.44758],[121.08895,18.44586],[121.09043,18.44624],[121.09092,18.44672],[121.09138,18.44848],[121.09264,18.44921],[121.09393,18.45133],[121.09581,18.45161],[121.09698,18.45299],[121.09714,18.45417],[121.09901,18.4557],[121.10114,18.45455],[121.10173,18.45301],[121.10436,18.45491],[121.10692,18.45606],[121.10751,18.45849],[121.10838,18.45841],[121.10956,18.45709],[121.11229,18.45749],[121.11297,18.45806],[121.112,18.45888],[121.11342,18.46058],[121.11485,18.46195],[121.11786,18.46312],[121.11887,18.46171],[121.11798,18.46054],[121.11822,18.45951],[121.11915,18.45882],[121.12147,18.45845],[121.12303,18.45553],[121.12492,18.45611],[121.12533,18.45733],[121.12671,18.45857],[121.12648,18.46018],[121.12702,18.46055],[121.13075,18.46032],[121.13204,18.46095],[121.13429,18.45907],[121.13541,18.45931],[121.13604,18.46018],[121.13663,18.46013],[121.13722,18.45987],[121.13782,18.4585],[121.13877,18.45824],[121.14018,18.45879],[121.14125,18.45736],[121.14228,18.45687],[121.14296,18.45703],[121.14411,18.45504],[121.14605,18.4554],[121.14794,18.45426],[121.14932,18.45394],[121.15155,18.4541],[121.15309,18.45296],[121.15464,18.4528],[121.1573,18.45128],[121.15773,18.45019],[121.15893,18.44889],[121.16065,18.4484],[121.16374,18.4484],[121.1641,18.44646],[121.16459,18.44596],[121.1656,18.44593],[121.16704,18.44379],[121.16805,18.44343],[121.16987,18.44387],[121.17077,18.44352],[121.17168,18.44072],[121.17245,18.43998],[121.17421,18.43993],[121.17517,18.44154],[121.17686,18.44182],[121.17774,18.44069],[121.17739,18.43848],[121.1787,18.43801],[121.18093,18.43859],[121.18263,18.44129],[121.1864,18.44124],[121.1876,18.43945],[121.18977,18.43192],[121.19028,18.43075],[121.19094,18.43054]],[[121.11117,18.37161],[121.11382,18.37168],[121.1138,18.37236],[121.1153,18.37239],[121.11613,18.37322],[121.11691,18.37315],[121.11904,18.37419],[121.12173,18.37351],[121.12264,18.37283],[121.12551,18.37279],[121.12688,18.37324],[121.12864,18.37249],[121.12959,18.37284],[121.13318,18.37222],[121.13619,18.37329],[121.13631,18.37403],[121.13763,18.37474],[121.13964,18.3741],[121.14066,18.37641],[121.14118,18.37621],[121.1418,18.37493],[121.14602,18.37922],[121.14726,18.37918],[121.14744,18.38016],[121.14863,18.38048],[121.14936,18.38018],[121.15117,18.37823],[121.15264,18.37892],[121.15414,18.37838],[121.15474,18.37941],[121.15617,18.38026],[121.15628,18.38372],[121.15718,18.38533],[121.15754,18.38555],[121.15892,18.384],[121.15995,18.38387],[121.16026,18.38469],[121.15979,18.38677],[121.16202,18.38749],[121.16528,18.38765],[121.16546,18.38856],[121.16366,18.39061],[121.1643,18.39158],[121.16723,18.39297],[121.16659,18.39487],[121.16794,18.39553],[121.16843,18.39447],[121.16915,18.39407],[121.17013,18.39523],[121.17183,18.39413],[121.17217,18.39468],[121.17153,18.39618],[121.1728,18.39617],[121.17341,18.39711],[121.17483,18.3967],[121.17613,18.398],[121.17424,18.3987],[121.17328,18.39969],[121.17412,18.40122],[121.17387,18.40255],[121.17473,18.40357],[121.17464,18.40498],[121.17533,18.40517],[121.17709,18.40425],[121.17802,18.40426],[121.18092,18.40511],[121.183,18.40397],[121.18481,18.40484],[121.18501,18.40787],[121.18396,18.40914],[121.1835,18.41077],[121.18426,18.41385],[121.18394,18.41591],[121.18435,18.41849],[121.18259,18.41964],[121.18237,18.4203],[121.18268,18.42119],[121.18368,18.42169],[121.18401,18.42452],[121.18507,18.42565],[121.18682,18.42612]],[[121.18682,18.42612],[121.18911,18.42572],[121.18969,18.42619],[121.19007,18.42686],[121.18984,18.4287],[121.19094,18.43054]],[[121.13988,18.3971],[121.14314,18.3958],[121.14417,18.39596],[121.14485,18.39514],[121.14838,18.39795],[121.14918,18.39796],[121.14949,18.39759],[121.14962,18.39825],[121.15138,18.39871],[121.15363,18.39831],[121.15429,18.40062],[121.15556,18.40085],[121.15716,18.40203],[121.1579,18.40199],[121.15962,18.40394],[121.16133,18.40492],[121.16288,18.40752],[121.16383,18.40674],[121.16554,18.4077],[121.16688,18.40748],[121.16777,18.4086],[121.16788,18.41013],[121.17087,18.41164],[121.17358,18.41545],[121.17477,18.41823],[121.17461,18.4213],[121.17585,18.42368],[121.17665,18.42398],[121.17717,18.42549],[121.17707,18.42809],[121.17865,18.42956],[121.17814,18.43065],[121.18103,18.43189],[121.18158,18.43076],[121.18187,18.42763],[121.18277,18.42738],[121.18417,18.42767],[121.18682,18.42612]],[[121.16947,18.49933],[121.17095,18.49776],[121.17193,18.4988],[121.17298,18.49862],[121.17318,18.49725],[121.17394,18.4963],[121.17541,18.49546],[121.17632,18.49569],[121.17577,18.49709],[121.17598,18.49731],[121.18005,18.49577],[121.18063,18.49445],[121.18039,18.49349],[121.18122,18.49287],[121.18274,18.49302],[121.18303,18.49198],[121.18619,18.49175],[121.18699,18.4927],[121.18781,18.49319],[121.18819,18.49301],[121.18834,18.49241],[121.18772,18.49151],[121.1882,18.48964],[121.18971,18.49045],[121.1902,18.49027],[121.18988,18.48895],[121.1913,18.48802],[121.19257,18.48545],[121.19312,18.48506],[121.19467,18.48498],[121.19464,18.48397],[121.19593,18.4838],[121.19819,18.48249],[121.2015,18.48227],[121.20339,18.48357],[121.20579,18.48748],[121.20682,18.4878],[121.20683,18.48641],[121.20798,18.48545],[121.20786,18.48372],[121.20909,18.48227],[121.20864,18.48129],[121.20724,18.48108],[121.20734,18.47999],[121.2094,18.47869],[121.21036,18.47631],[121.21094,18.47625],[121.21176,18.47684],[121.21238,18.4763],[121.21175,18.47488],[121.21277,18.47196],[121.21419,18.47025],[121.21342,18.46649],[121.21299,18.46611],[121.2117,18.4665],[121.211,18.46625],[121.21137,18.46518],[121.21305,18.46418],[121.2117,18.4624],[121.2127,18.46148],[121.21334,18.46144],[121.21418,18.46208],[121.21468,18.46041],[121.21654,18.45944]],[[121.3172,18.03787],[121.31836,18.03825],[121.31979,18.03763],[121.32267,18.03803],[121.32558,18.03967],[121.3273,18.04327]],[[121.01837,17.51915],[121.01774,17.52096],[121.01517,17.5229],[121.01545,17.52383],[121.01513,17.5248],[121.01324,17.52575],[121.01329,17.52666],[121.01107,17.52923],[121.01261,17.5308],[121.01289,17.53175],[121.01281,17.53233],[121.01132,17.53331],[121.01126,17.53423],[121.01148,17.53468],[121.01384,17.53573],[121.01484,17.53704],[121.01451,17.53817],[121.01494,17.5392],[121.01593,17.53999],[121.01673,17.54217],[121.01796,17.54318],[121.01826,17.54459],[121.01794,17.54532],[121.01861,17.54645],[121.01821,17.54784]],[[121.01821,17.54784],[121.01634,17.55178],[121.01387,17.55472],[121.01355,17.55616],[121.01128,17.55987],[121.0112,17.56091],[121.0102,17.56162],[121.00888,17.56189],[121.00804,17.56316],[121.00792,17.56405],[121.00864,17.56491],[121.01074,17.5661],[121.01104,17.56787],[121.00918,17.56888],[121.00885,17.56955],[121.00648,17.57068],[121.00383,17.57598],[121.00367,17.57721],[121.00281,17.57773],[121.00182,17.57928],[121.00054,17.57999],[120.99935,17.57999],[120.99732,17.58119]],[[120.99732,17.58119],[120.99685,17.58182],[120.99703,17.58236],[120.99838,17.58318],[120.99622,17.58514],[120.99681,17.58602],[120.99784,17.58617],[120.99876,17.58756],[120.99892,17.58895],[120.998,17.58982],[120.99822,17.5907],[120.99994,17.59101],[121.00065,17.59224],[121.00065,17.59322],[120.99957,17.59446],[120.99649,17.59513],[120.99606,17.59574],[120.99762,17.59621],[120.99719,17.59724],[120.99546,17.5977],[120.99595,17.5995],[120.99714,17.59893],[120.9987,17.59914],[120.99789,17.60032],[120.99735,17.60228],[120.99924,17.60418],[120.99881,17.60526],[120.99725,17.60526],[120.9966,17.60593],[120.99676,17.60671],[120.99503,17.60671],[120.99406,17.60815],[120.9926,17.60758],[120.99163,17.60773],[120.99044,17.60686],[120.98996,17.60743],[120.99012,17.60892],[120.98909,17.60984],[120.98958,17.61077],[120.99141,17.61087],[120.9919,17.61015],[120.99271,17.61026],[120.99293,17.61098],[120.99233,17.61195],[120.99121,17.61231],[120.99162,17.61252],[120.99115,17.61331],[120.99209,17.61431],[120.99184,17.617],[120.99126,17.61729],[120.9904,17.61932],[120.98828,17.62182],[120.98678,17.62227],[120.98706,17.62448],[120.98584,17.62509],[120.98689,17.62593],[120.9867,17.62667],[120.9851,17.6273],[120.98687,17.62896],[120.98714,17.63207],[120.98609,17.63196],[120.98565,17.63125],[120.98463,17.63107],[120.98366,17.6317],[120.9823,17.63412],[120.98272,17.63444],[120.98258,17.63581],[120.98065,17.63589],[120.98059,17.63707],[120.98272,17.63842],[120.98283,17.63937],[120.9802,17.64016],[120.98062,17.64105],[120.98319,17.64282],[120.98333,17.64406]],[[121.02746,17.70328],[121.02853,17.70092]],[[121.02853,17.70092],[121.0287,17.6992],[121.02896,17.69896],[121.02956,17.69924],[121.02999,17.69879],[121.0306,17.69511]],[[121.0306,17.69511],[121.03096,17.69309],[121.03,17.69317],[121.02857,17.69163],[121.0269,17.69187],[121.02634,17.69292],[121.02615,17.69187],[121.02504,17.6912],[121.02479,17.68994],[121.02362,17.69055],[121.02293,17.68998]],[[121.02293,17.68998],[121.02246,17.68976],[121.02106,17.69032],[121.02044,17.69205],[121.01994,17.69175],[121.01969,17.69059],[121.01815,17.69129],[121.0184,17.69038],[121.01795,17.68962],[121.01627,17.68948],[121.01573,17.68986],[121.01507,17.68958],[121.01614,17.68881],[121.01442,17.68713],[121.01621,17.68711],[121.01651,17.68439],[121.01558,17.68469],[121.01475,17.68234],[121.01314,17.68135],[121.012,17.6816],[121.01223,17.68303],[121.01143,17.68271],[121.01039,17.68439],[121.00948,17.68437],[121.00852,17.68318],[121.00886,17.68241],[121.00735,17.68212],[121.00503,17.68032]],[[121.00503,17.68032],[121.00345,17.68059],[121.00248,17.68016],[121.0017,17.68047],[121.00047,17.68268],[121.00104,17.68441],[120.99854,17.68627],[120.99874,17.68827],[120.99835,17.68866],[120.9971,17.68879],[120.99656,17.6882],[120.99456,17.68772],[120.99412,17.68672],[120.99292,17.68658],[120.99254,17.68565],[120.99186,17.68528],[120.99039,17.68545],[120.98971,17.68513],[120.98535,17.68563],[120.9847,17.68518],[120.98436,17.68293],[120.98346,17.68214],[120.98179,17.68177],[120.98057,17.67988],[120.9786,17.68002],[120.97826,17.67952]],[[120.9821,17.64842],[120.98056,17.6503]],[[121.04552,17.6826],[121.04483,17.68298],[121.04343,17.68273],[121.0428,17.68321],[121.04196,17.68315],[121.04153,17.68451],[121.0389,17.68584],[121.03859,17.68669],[121.03692,17.68707],[121.03595,17.6866],[121.03374,17.68834],[121.03237,17.68804],[121.03135,17.6886],[121.03077,17.68827],[121.02965,17.68919],[121.02889,17.68889],[121.0262,17.68919],[121.02574,17.68873],[121.02465,17.68861],[121.02293,17.68998]],[[120.99576,17.78288],[120.99646,17.78517],[120.99601,17.78635],[120.99519,17.78648],[120.99518,17.78946],[120.9959,17.78921],[120.9968,17.78974],[120.99979,17.78999],[120.99999,17.79061],[120.99895,17.791],[120.99836,17.79178],[120.9967,17.79155],[120.99472,17.79273],[120.9948,17.7933],[120.99671,17.79492],[120.99616,17.7954],[120.9953,17.79464],[120.99453,17.79521],[120.99453,17.79696],[120.99327,17.80052],[120.99362,17.80189],[120.99224,17.80367],[120.99287,17.80535],[120.99235,17.80624],[120.99163,17.80638],[120.99092,17.80714],[120.99101,17.80784],[120.99275,17.80799],[120.99297,17.8085],[120.99098,17.81011]],[[120.93449,17.80805],[120.9366,17.80662],[120.93676,17.80369],[120.93727,17.80295],[120.93752,17.80005],[120.93839,17.7996],[120.93896,17.79685],[120.93855,17.79446],[120.93987,17.79315],[120.93952,17.79193],[120.94018,17.79066],[120.93998,17.7897],[120.93857,17.7881],[120.93739,17.78758],[120.93784,17.78575],[120.93765,17.7846]],[[120.93034,17.74611],[120.92969,17.74671],[120.9288,17.75108],[120.92778,17.75349],[120.92805,17.75423],[120.9296,17.75528],[120.92968,17.75661],[120.93141,17.75854],[120.93127,17.75917],[120.92982,17.76071],[120.93101,17.76398],[120.93212,17.76525],[120.93175,17.76641],[120.92955,17.76773],[120.92972,17.77076],[120.92922,17.77144],[120.92751,17.77363],[120.92485,17.77502],[120.92248,17.77822],[120.92324,17.78121],[120.92319,17.78381]],[[121.10901,17.74746],[121.10774,17.74571],[121.10739,17.74416],[121.10611,17.74392],[121.106,17.74499],[121.10553,17.74413],[121.10509,17.74415],[121.10455,17.74344],[121.10395,17.7435],[121.10361,17.74607],[121.1017,17.74763],[121.10177,17.74825],[121.10296,17.7486],[121.1034,17.74944],[121.10182,17.75024],[121.10102,17.75217],[121.1014,17.75239],[121.1025,17.75171],[121.10318,17.75271],[121.10426,17.75275],[121.10507,17.75377],[121.10496,17.75463],[121.1018,17.75568],[121.1017,17.75741],[121.09971,17.75799],[121.09858,17.75951],[121.09712,17.75932],[121.09709,17.76247],[121.09599,17.76281],[121.09552,17.76384],[121.09432,17.76366],[121.09328,17.76447],[121.09306,17.76549],[121.09222,17.76658],[121.09222,17.76746],[121.09085,17.76984],[121.09136,17.77199],[121.08962,17.77242],[121.08945,17.77375],[121.08826,17.77388],[121.08738,17.7752],[121.08601,17.77486],[121.0859,17.77605],[121.08487,17.77636],[121.08531,17.77723],[121.08492,17.77783],[121.08407,17.77805],[121.08417,17.77962],[121.08335,17.78078],[121.08248,17.78115],[121.0825,17.78027],[121.08175,17.77879],[121.08109,17.77963],[121.07986,17.77991],[121.0801,17.78105],[121.07899,17.78073],[121.07845,17.78138],[121.07837,17.78017],[121.07732,17.78011],[121.07574,17.78131],[121.07543,17.78243],[121.07424,17.78215],[121.07383,17.78239],[121.074,17.7833],[121.07336,17.78379]],[[121.07633,17.71389],[121.07582,17.71412],[121.07534,17.71341],[121.07355,17.715],[121.07295,17.71443],[121.07264,17.71539],[121.07302,17.71619],[121.07422,17.71672],[121.07322,17.719],[121.07239,17.71971],[121.07092,17.71806],[121.06984,17.71944],[121.07101,17.71944],[121.07129,17.72019],[121.0705,17.72042],[121.07059,17.72171],[121.06954,17.72185],[121.07023,17.72237],[121.07023,17.72312],[121.06803,17.72249],[121.06845,17.72384],[121.06749,17.72467],[121.06628,17.72303],[121.06429,17.723],[121.06378,17.72338],[121.06375,17.72432],[121.06483,17.72435],[121.06483,17.72536],[121.06595,17.72576],[121.06531,17.72628],[121.0655,17.72714],[121.06347,17.72872],[121.0629,17.72849],[121.06296,17.72631],[121.06245,17.72576],[121.06157,17.7276],[121.06163,17.72892],[121.06242,17.72947],[121.06139,17.73142],[121.06058,17.7311],[121.06031,17.72952],[121.05928,17.72952],[121.05919,17.73061],[121.05847,17.73116],[121.05946,17.73202],[121.05964,17.73346],[121.05835,17.73386],[121.05768,17.73472],[121.05793,17.73558],[121.05904,17.73561],[121.05904,17.7367],[121.05765,17.73754],[121.05729,17.73846],[121.05729,17.73892],[121.05835,17.73889],[121.05898,17.73943],[121.05901,17.74093],[121.05955,17.74187],[121.0601,17.74202],[121.06049,17.74096],[121.06242,17.74187],[121.06179,17.74348],[121.06233,17.74391],[121.06393,17.74317],[121.06447,17.74366],[121.06411,17.74501],[121.06468,17.74595],[121.06604,17.74679],[121.06708,17.74847],[121.06701,17.75021],[121.0681,17.75044],[121.06956,17.75185],[121.06976,17.7532],[121.06943,17.7538],[121.06804,17.75392],[121.06649,17.75494],[121.06463,17.75501],[121.06417,17.75619],[121.06501,17.75652],[121.0655,17.75742],[121.06498,17.759],[121.0652,17.75927],[121.06635,17.758],[121.06713,17.7582],[121.06746,17.75899],[121.06847,17.75977],[121.06837,17.76037],[121.06714,17.76119],[121.06662,17.7621],[121.06904,17.76356],[121.06965,17.76299],[121.07104,17.76267],[121.07163,17.76288],[121.07247,17.76418],[121.07243,17.76483],[121.07132,17.7653],[121.07087,17.76617],[121.07127,17.76665],[121.07328,17.76685],[121.07305,17.76764],[121.07252,17.76845],[121.07137,17.76825],[121.07031,17.76879],[121.07043,17.76935],[121.07328,17.77042],[121.072,17.77254],[121.07209,17.77315],[121.07234,17.7739],[121.07365,17.77354],[121.07404,17.77395],[121.07282,17.77559],[121.07304,17.77715],[121.07196,17.77912],[121.07183,17.78227],[121.07249,17.78241],[121.07279,17.78339],[121.07336,17.78379]],[[120.97464,17.75057],[120.97575,17.75074],[120.97557,17.75127],[120.97449,17.75128],[120.9751,17.75204],[120.97502,17.7534],[120.97406,17.75493],[120.97455,17.75696],[120.97421,17.75709],[120.97379,17.75635],[120.97329,17.75689],[120.97426,17.76002],[120.97339,17.76226],[120.9738,17.76378],[120.97514,17.76502],[120.97453,17.7662],[120.97504,17.7674],[120.97407,17.76877],[120.97483,17.76955],[120.97461,17.77159],[120.9738,17.77335],[120.97448,17.77716],[120.97374,17.77764],[120.972,17.77749],[120.97085,17.77807],[120.97027,17.78002],[120.97098,17.78037],[120.97101,17.78083],[120.9666,17.78387],[120.96592,17.7863],[120.96447,17.78693],[120.9663,17.791],[120.96526,17.79118],[120.96594,17.79287],[120.96556,17.79338]],[[120.92706,17.95095],[120.92759,17.95222],[120.9284,17.95273],[120.93028,17.95204],[120.93083,17.95319],[120.93283,17.9544],[120.93511,17.95399],[120.93833,17.95494],[120.93925,17.95559],[120.94157,17.95409],[120.9427,17.9538],[120.94516,17.95122],[120.94518,17.95024],[120.94583,17.9498],[120.94582,17.94884],[120.94657,17.94786],[120.94629,17.94681],[120.94736,17.94687],[120.94838,17.94776],[120.94971,17.94679],[120.94849,17.94525],[120.9483,17.94463],[120.94872,17.94357],[120.95058,17.94256],[120.95084,17.94187],[120.95296,17.94175],[120.95485,17.93921],[120.95486,17.93881],[120.95264,17.93767],[120.95214,17.93687],[120.95226,17.93616],[120.95267,17.93529],[120.95576,17.93396],[120.95556,17.93276],[120.9564,17.93205],[120.95676,17.93099],[120.95589,17.9299],[120.95649,17.92909],[120.95615,17.92859],[120.95624,17.92742],[120.95655,17.92685],[120.9579,17.92615],[120.95868,17.92429]],[[120.95868,17.92429],[120.96017,17.92334],[120.96159,17.92385],[120.96424,17.92281],[120.965,17.9221],[120.96519,17.92167],[120.96433,17.92041],[120.96316,17.91662],[120.96619,17.9097],[120.96541,17.90845],[120.96556,17.90784],[120.96609,17.90782],[120.96678,17.90652]],[[120.96678,17.90652],[120.96684,17.90615]],[[120.98373,17.88204],[120.98361,17.88297],[120.98526,17.88321],[120.98567,17.8846],[120.98539,17.88595],[120.98343,17.88546],[120.98456,17.88642],[120.98363,17.88671],[120.98355,17.88752],[120.98243,17.88791],[120.98178,17.88757],[120.9808,17.88834],[120.97978,17.88853],[120.97878,17.88723],[120.97764,17.88786],[120.97654,17.88781],[120.97644,17.88718],[120.97694,17.88617],[120.97747,17.88594],[120.97738,17.88558],[120.9766,17.8848],[120.97522,17.8852],[120.97392,17.88503],[120.97313,17.88583],[120.97299,17.88676],[120.97159,17.88748],[120.97176,17.88797],[120.97257,17.88775],[120.9733,17.88814],[120.97225,17.88935],[120.9718,17.88954],[120.97085,17.88909],[120.97043,17.88816],[120.97025,17.88917],[120.96959,17.88905],[120.96967,17.88812],[120.9691,17.88733],[120.96735,17.88873],[120.96711,17.88933],[120.96765,17.88973],[120.96771,17.89047],[120.96674,17.89176],[120.96768,17.89157],[120.96824,17.89198],[120.96595,17.89284]],[[120.96595,17.89284],[120.96669,17.89442],[120.96662,17.89598],[120.96627,17.89607],[120.96488,17.89401],[120.96222,17.89466],[120.96273,17.89547],[120.96213,17.8958],[120.95998,17.89338]],[[120.93724,17.89965],[120.93799,17.89988],[120.93858,17.89947],[120.93888,17.89769],[120.94039,17.89647],[120.94183,17.89458],[120.94134,17.89312],[120.94172,17.89214],[120.94399,17.89107],[120.94385,17.88997],[120.94455,17.88907],[120.94555,17.88846],[120.94859,17.88871],[120.94916,17.88816],[120.9482,17.88587],[120.94885,17.88511],[120.94855,17.88462]],[[121.50691,17.00551],[121.50498,17.00488],[121.50485,17.004],[121.50595,17.00362],[121.50489,17.00256],[121.50467,17.00151],[121.50555,17.00101],[121.50722,17.00223],[121.5074,17.00189],[121.50568,17.00008],[121.50683,16.99983],[121.50652,16.9984],[121.50713,16.99777],[121.50837,16.99937],[121.50991,16.99937],[121.51044,16.99857],[121.51013,16.99781],[121.5107,16.99684],[121.50841,16.99621],[121.50802,16.99524],[121.50683,16.99495],[121.50618,16.99288]],[[121.50618,16.99288],[121.50465,16.99173],[121.50435,16.99072],[121.50702,16.98824],[121.50616,16.98746],[121.50468,16.98816],[121.50354,16.98792],[121.50296,16.98754],[121.50202,16.9857],[121.50099,16.98627],[121.50042,16.9858],[121.50033,16.9849],[121.50169,16.98421],[121.50093,16.98219],[121.49862,16.98201],[121.49739,16.98304],[121.49771,16.9844],[121.49703,16.98488],[121.49584,16.98419],[121.49494,16.98469],[121.494,16.98455],[121.49319,16.98353],[121.49446,16.98184],[121.49385,16.98123],[121.49288,16.98132],[121.49214,16.98089],[121.4918,16.97975],[121.4925,16.97897],[121.49376,16.98013],[121.495,16.98059],[121.49557,16.98033],[121.495,16.97875],[121.49383,16.97871],[121.49331,16.97811],[121.49541,16.97552],[121.49685,16.97696],[121.49732,16.97809],[121.49811,16.97886],[121.49877,16.97884],[121.4992,16.9772],[121.4987,16.97649],[121.49895,16.97565],[121.50012,16.97638],[121.50183,16.97645],[121.50359,16.97479],[121.50336,16.9733],[121.50278,16.97276],[121.50307,16.97207],[121.50555,16.97203],[121.50695,16.97298],[121.50771,16.97272],[121.50884,16.97304],[121.50992,16.97196],[121.51204,16.97166],[121.51272,16.97093],[121.51247,16.96998],[121.51148,16.97002],[121.50916,16.96862],[121.50916,16.96819],[121.51051,16.96778],[121.51078,16.96718],[121.50938,16.96588],[121.50965,16.96524],[121.51094,16.965],[121.51324,16.96582],[121.51418,16.96446],[121.51403,16.96313],[121.51166,16.96144],[121.51233,16.96037],[121.51159,16.96006],[121.51182,16.95737],[121.5115,16.9567],[121.51215,16.95575],[121.514,16.9559],[121.51653,16.95301],[121.51617,16.95248],[121.51409,16.95252],[121.51294,16.95166],[121.51279,16.95114],[121.51331,16.95066]],[[121.41328,17.04016],[121.41293,17.03951],[121.41221,17.03983],[121.41103,17.03956],[121.41089,17.03837],[121.40968,17.03735],[121.40974,17.03605],[121.40743,17.0347],[121.40709,17.03314],[121.40736,17.03207],[121.409,17.03137],[121.4106,17.03199],[121.41302,17.03153],[121.4116,17.03037],[121.41175,17.02976],[121.4127,17.02892],[121.41363,17.02891],[121.41433,17.02755],[121.4154,17.02726],[121.41688,17.02779],[121.41871,17.02508],[121.41787,17.02415],[121.41692,17.02387],[121.41682,17.02302],[121.41769,17.02218],[121.4197,17.02237],[121.42138,17.021],[121.42166,17.01958],[121.42235,17.01938],[121.42432,17.01979],[121.4248,17.01946],[121.42473,17.01866],[121.4279,17.01658],[121.42979,17.01789],[121.43204,17.01658],[121.43305,17.01742],[121.43336,17.0194],[121.43402,17.01965],[121.43459,17.01826],[121.43609,17.01805],[121.43657,17.0186],[121.43626,17.01953],[121.43525,17.01953],[121.43543,17.02012],[121.43688,17.02071],[121.43697,17.01995],[121.43798,17.01961],[121.44186,17.02357],[121.44331,17.02096],[121.44489,17.02176],[121.45066,17.02012],[121.45211,17.01885],[121.45242,17.01793],[121.45471,17.01831],[121.45595,17.01767],[121.45735,17.01928],[121.45797,17.01885],[121.45797,17.01734],[121.45898,17.01624],[121.45973,17.01612],[121.46074,17.01675],[121.46166,17.01557],[121.46448,17.01376],[121.46536,17.01161],[121.4669,17.00993],[121.46932,17.00985],[121.46937,17.00703],[121.46998,17.00597],[121.47135,17.00534],[121.47166,17.00437],[121.4732,17.00357],[121.475,17.00374],[121.47544,17.00265],[121.47694,17.0029],[121.47773,17.00231],[121.47927,17.00408],[121.4802,17.0037],[121.48125,17.00198],[121.4813,16.99932],[121.4824,16.9997],[121.48385,17.00092],[121.48464,17.00063],[121.48486,16.9997],[121.48661,16.99876],[121.48623,16.99687],[121.48744,16.99622],[121.48766,16.99556],[121.48658,16.99431],[121.48772,16.99132],[121.49102,16.99149],[121.49168,16.98968],[121.49305,16.98956],[121.49318,16.98791],[121.49441,16.9877],[121.49529,16.98859],[121.49415,16.99082],[121.49613,16.99111],[121.4993,16.99351],[121.49926,16.99436],[121.50119,16.9952],[121.503,16.99423],[121.50476,16.99524],[121.50618,16.99288]],[[121.55982,16.9508],[121.55968,16.94915],[121.56076,16.94482],[121.55462,16.92557],[121.55105,16.9173],[121.54581,16.90822],[121.5458,16.90631],[121.54311,16.89988],[121.54294,16.89825],[121.54048,16.89527],[121.5357,16.8871],[121.53524,16.88575],[121.5353,16.88208],[121.53475,16.88119],[121.53433,16.87365],[121.5306,16.86411],[121.52384,16.85636],[121.5231,16.85198],[121.52208,16.85068]],[[120.4996,16.48934],[120.49924,16.49011],[120.49933,16.49158],[120.49635,16.4936],[120.49604,16.49424],[120.49642,16.49517],[120.49579,16.4962],[120.49457,16.49635],[120.49376,16.49706],[120.49258,16.49674],[120.49241,16.49751],[120.49022,16.49922],[120.48974,16.50085],[120.48825,16.50326],[120.48824,16.50545],[120.48752,16.50703],[120.48759,16.5079],[120.48669,16.5083],[120.48694,16.50994],[120.48463,16.51067],[120.48103,16.51328],[120.48013,16.51568],[120.47935,16.5167],[120.47978,16.51788],[120.47964,16.51902],[120.48068,16.52151],[120.48031,16.52224],[120.47964,16.52201],[120.47901,16.52322],[120.47878,16.52642]],[[120.47878,16.52642],[120.47846,16.52828],[120.47629,16.52918]],[[121.55765,16.90372],[121.56565,16.90634],[121.56755,16.90812],[121.57022,16.91204]],[[121.26035,17.89055],[121.25921,17.88883],[121.2599,17.88623],[121.2597,17.88438],[121.26011,17.88278],[121.26109,17.88311],[121.26106,17.88178],[121.2615,17.8811],[121.26263,17.8812],[121.26372,17.88079],[121.26338,17.87946],[121.26415,17.8779],[121.26281,17.87403],[121.26422,17.87355],[121.26456,17.8727],[121.26234,17.87108],[121.26197,17.86976],[121.26206,17.86767],[121.26269,17.86734],[121.26428,17.86739],[121.26412,17.86692],[121.26257,17.86616],[121.26247,17.86413],[121.26381,17.86318],[121.26338,17.86233],[121.26245,17.86284],[121.26171,17.8624],[121.26147,17.86165],[121.26226,17.86106],[121.2614,17.86066],[121.26148,17.85982],[121.26219,17.85936],[121.26293,17.86042],[121.26398,17.86016],[121.26383,17.85893],[121.26469,17.85806],[121.2643,17.85579],[121.26512,17.85495],[121.26394,17.85351],[121.26394,17.85299]],[[121.14013,17.76559],[121.14164,17.76669],[121.14159,17.76808],[121.14204,17.76875],[121.14078,17.76947],[121.14073,17.76986],[121.14112,17.77235],[121.14196,17.77343],[121.14055,17.77446],[121.13987,17.77614],[121.14104,17.77575],[121.14209,17.77624],[121.1412,17.77876],[121.14326,17.78062],[121.14533,17.78131],[121.14686,17.78524],[121.14846,17.78589],[121.14858,17.78776],[121.14782,17.78937],[121.14904,17.79039],[121.14907,17.79139],[121.15305,17.79374],[121.15628,17.79337],[121.15631,17.79465],[121.15578,17.79562],[121.15614,17.79648],[121.15778,17.79837],[121.15933,17.79921],[121.16077,17.8013],[121.16261,17.80095],[121.16303,17.80306],[121.16243,17.80427],[121.1631,17.80562],[121.16641,17.80723],[121.16895,17.8104],[121.16976,17.81071],[121.17034,17.80957],[121.1711,17.80924],[121.17268,17.81154],[121.17464,17.81253],[121.17494,17.81312],[121.17756,17.81337],[121.17728,17.81674],[121.17671,17.81736],[121.17693,17.81837],[121.17935,17.81859],[121.18213,17.82101],[121.18246,17.82189],[121.18162,17.8231],[121.18281,17.82426],[121.18379,17.82411],[121.18447,17.82254],[121.18558,17.82365],[121.19049,17.8241],[121.19103,17.82448],[121.19209,17.82399],[121.19347,17.8243],[121.19455,17.82384],[121.19515,17.82402],[121.19574,17.82549],[121.1938,17.82698],[121.19488,17.82976],[121.19563,17.82987],[121.19691,17.82876],[121.19896,17.82904],[121.1996,17.83099],[121.19953,17.83328],[121.20015,17.83442],[121.20214,17.83441],[121.20449,17.83341],[121.20499,17.83629],[121.20619,17.83738],[121.20681,17.83747],[121.21089,17.83601],[121.21157,17.83485],[121.2117,17.83341],[121.21259,17.83212],[121.21388,17.83305],[121.21475,17.83549],[121.21529,17.8357],[121.21651,17.83446],[121.21674,17.83205],[121.21726,17.83203],[121.2177,17.83266],[121.21873,17.83264],[121.21954,17.83148],[121.22054,17.83156],[121.22071,17.83056],[121.22129,17.83069],[121.22233,17.83192],[121.22383,17.83151],[121.22532,17.83249],[121.22851,17.83168],[121.22936,17.8333],[121.22988,17.83355],[121.23233,17.83243],[121.2327,17.83256],[121.23221,17.83423],[121.23348,17.8339],[121.23437,17.83437],[121.2363,17.83378],[121.23632,17.83562],[121.23663,17.83598],[121.23859,17.83505],[121.23945,17.83324],[121.24133,17.83353]],[[121.24133,17.83353],[121.24906,17.83716]],[[121.24906,17.83716],[121.25183,17.83731],[121.25397,17.83696],[121.25509,17.83753],[121.25584,17.83744],[121.25733,17.83602],[121.25963,17.8301],[121.2613,17.82962]],[[121.2613,17.82962],[121.26399,17.83038],[121.26468,17.83012]],[[121.29315,17.8957],[121.29364,17.89346],[121.29304,17.89306],[121.29183,17.89321],[121.29111,17.89266],[121.29178,17.89013],[121.29045,17.88879],[121.29046,17.88732],[121.28987,17.88635],[121.29016,17.88497],[121.28935,17.8834],[121.29054,17.88197],[121.29005,17.88073],[121.29145,17.8793],[121.291,17.87773],[121.29191,17.87647],[121.29184,17.87494],[121.29313,17.87185],[121.29219,17.86723],[121.28991,17.86577],[121.28966,17.86444],[121.28681,17.86539],[121.28585,17.86525],[121.28482,17.86344],[121.28543,17.86266],[121.28542,17.86205],[121.28206,17.85992],[121.28,17.8593],[121.28043,17.8583],[121.27873,17.85822],[121.27801,17.85924],[121.27858,17.85985],[121.27785,17.86071],[121.27451,17.8605],[121.27282,17.85959],[121.2718,17.85966],[121.27057,17.8589],[121.26878,17.85857],[121.2685,17.85831],[121.26923,17.85681],[121.26654,17.85602],[121.26638,17.85569],[121.26691,17.85494],[121.26394,17.85299]],[[121.26394,17.85299],[121.26277,17.85179],[121.25951,17.85161]],[[120.84985,17.69619],[120.84832,17.69852],[120.84566,17.70107],[120.84632,17.70244],[120.84574,17.70362],[120.84772,17.70651],[120.8457,17.70661],[120.84492,17.70705]],[[121.22549,17.89319],[121.22268,17.89438],[121.2224,17.89506],[121.22313,17.89581],[121.22396,17.8983],[121.22418,17.89969],[121.22387,17.9004],[121.22149,17.90206],[121.22093,17.90205],[121.2207,17.90097],[121.2198,17.90175],[121.22005,17.9033],[121.21903,17.90508],[121.21879,17.90869],[121.21769,17.91022],[121.21911,17.91154],[121.21899,17.91434],[121.2185,17.91476],[121.21745,17.91295],[121.21675,17.91284],[121.21613,17.91377],[121.21453,17.92006],[121.21356,17.92069],[121.21409,17.92313],[121.21323,17.92706],[121.21439,17.9283],[121.21486,17.92949],[121.21365,17.93143],[121.21294,17.93188],[121.21282,17.93285],[121.21163,17.93376],[121.21092,17.93382],[121.21066,17.93284],[121.20993,17.93214],[121.20905,17.93338],[121.20675,17.93391],[121.20751,17.93557],[121.20874,17.93559],[121.21156,17.9374],[121.21132,17.94105],[121.21062,17.94294],[121.20975,17.94321],[121.20804,17.94254],[121.20758,17.94331],[121.21003,17.94439],[121.2106,17.94606],[121.21249,17.94792],[121.21196,17.94847],[121.21055,17.94736],[121.20964,17.94744],[121.20977,17.94852],[121.21088,17.94854],[121.21109,17.94906],[121.21104,17.94969],[121.20985,17.95025],[121.20977,17.95091],[121.21147,17.95094],[121.21203,17.95133],[121.21229,17.95224],[121.21132,17.95251],[121.21062,17.95227],[121.20773,17.95384],[121.20739,17.95524],[121.21018,17.95689],[121.21127,17.95853],[121.21388,17.95971],[121.2154,17.96109],[121.21336,17.96212],[121.21328,17.96338],[121.21385,17.96524],[121.21201,17.97139],[121.21059,17.97208],[121.20695,17.97261]],[[121.25951,17.85161],[121.25894,17.85105],[121.25879,17.84983],[121.25995,17.84719],[121.2593,17.84429],[121.25982,17.84302],[121.26144,17.84129],[121.2616,17.84033],[121.26066,17.83524],[121.26087,17.83425],[121.26177,17.83257],[121.26367,17.83147],[121.26468,17.83012]],[[120.84492,17.70705],[120.84005,17.70527],[120.83983,17.70651],[120.83849,17.70657],[120.83787,17.70618],[120.83672,17.70646],[120.83657,17.70593],[120.8372,17.70484],[120.8368,17.70414],[120.83406,17.70423],[120.83335,17.70501],[120.83294,17.70638],[120.83175,17.70645],[120.8298,17.70489],[120.82902,17.70366],[120.82572,17.70361],[120.82569,17.70404],[120.8265,17.70474],[120.82683,17.70616],[120.82571,17.70718],[120.82567,17.70799],[120.82497,17.70894],[120.82378,17.70901],[120.82301,17.70858],[120.8219,17.70625],[120.82049,17.70625],[120.81986,17.70818],[120.81938,17.70836],[120.81838,17.70737],[120.81655,17.70726],[120.81685,17.70634],[120.81641,17.70581],[120.81389,17.70573],[120.81378,17.70446],[120.81323,17.70425],[120.81018,17.70615],[120.80944,17.70784],[120.80888,17.70763],[120.80859,17.70653],[120.80773,17.70621],[120.80721,17.70653],[120.80694,17.70872],[120.80509,17.7079],[120.80346,17.70874],[120.80294,17.70955],[120.80383,17.71121],[120.80379,17.7122],[120.80319,17.71223],[120.80142,17.71099],[120.80071,17.71135],[120.7983,17.71466],[120.79282,17.71538],[120.79,17.7147],[120.78701,17.71555]],[[120.87537,17.57788],[120.87416,17.57908],[120.87093,17.58027],[120.86746,17.58539],[120.86446,17.58615],[120.86369,17.58683],[120.86351,17.58828],[120.85906,17.59015],[120.85929,17.59122],[120.85838,17.59532],[120.85985,17.59708],[120.85953,17.59896],[120.85989,17.60037],[120.858,17.60067],[120.85603,17.60019],[120.85338,17.60125],[120.85069,17.60099],[120.84984,17.60206],[120.8478,17.6021],[120.84712,17.60257],[120.84626,17.60556],[120.84586,17.60573],[120.84519,17.605],[120.84389,17.60491],[120.84228,17.60393],[120.84025,17.60657],[120.83809,17.60734],[120.83518,17.60656],[120.83379,17.60702],[120.83303,17.60587],[120.83379,17.60429],[120.83357,17.60378],[120.83249,17.60411],[120.8311,17.60373],[120.82837,17.60398],[120.8266,17.60303],[120.82462,17.6026],[120.82337,17.60178],[120.82328,17.60106],[120.82279,17.6008],[120.82203,17.60118],[120.8214,17.60246],[120.82023,17.6016],[120.8187,17.60275],[120.81575,17.60146],[120.81467,17.60146],[120.81404,17.60227],[120.81298,17.60231],[120.81178,17.60171],[120.80904,17.60127],[120.80886,17.60021],[120.80968,17.59901],[120.80946,17.59777],[120.80346,17.59369],[120.79763,17.59346],[120.79701,17.59286],[120.79429,17.58743],[120.79276,17.58717],[120.79195,17.58828],[120.79016,17.5887],[120.78797,17.5913],[120.78523,17.59129],[120.78411,17.59065],[120.78506,17.58843],[120.78471,17.58552],[120.7814,17.58248],[120.78136,17.58167],[120.78029,17.58029],[120.77845,17.58016],[120.7758,17.58195],[120.7728,17.58202],[120.77154,17.58125]],[[121.23816,17.89656],[121.2393,17.89677],[121.23991,17.89636],[121.24055,17.89413],[121.24264,17.89433],[121.24304,17.8933],[121.24405,17.89321],[121.24452,17.89275],[121.24549,17.89297],[121.24441,17.89095],[121.24478,17.88974],[121.24448,17.88764],[121.24319,17.88654],[121.24399,17.88575],[121.24278,17.885],[121.24334,17.88393],[121.24261,17.8827],[121.24279,17.88148],[121.24179,17.88139],[121.24178,17.88071],[121.24114,17.88057],[121.24105,17.88015],[121.24128,17.87943],[121.2424,17.87879],[121.24257,17.87794],[121.24345,17.87784],[121.24377,17.87608],[121.24358,17.87526],[121.24322,17.8752],[121.24281,17.87547],[121.24275,17.87628],[121.24196,17.87575],[121.24213,17.87518],[121.24296,17.87476],[121.24154,17.87341],[121.24305,17.87172],[121.2441,17.87209],[121.24275,17.87059],[121.24386,17.86958],[121.24251,17.8693],[121.24455,17.86856],[121.24392,17.86647],[121.24448,17.86647],[121.24547,17.86782],[121.24587,17.8678],[121.24613,17.86706],[121.24601,17.86665],[121.24496,17.86642],[121.24468,17.8655],[121.24412,17.86576],[121.24371,17.86543],[121.24599,17.8641],[121.24572,17.86225],[121.2469,17.85951],[121.249,17.85895],[121.2498,17.85951],[121.24985,17.85771],[121.25029,17.85709],[121.25129,17.85755],[121.25395,17.85632],[121.2547,17.85684],[121.2554,17.85507],[121.25598,17.8546],[121.25486,17.85317],[121.25616,17.85345],[121.25844,17.85308],[121.2592,17.85261],[121.25951,17.85161]],[[120.85464,17.73363],[120.85187,17.73119],[120.85096,17.72865],[120.85025,17.72875],[120.84916,17.72791],[120.84934,17.72706],[120.84885,17.7257],[120.84965,17.72394],[120.84862,17.72339],[120.84895,17.72248],[120.84805,17.72132],[120.84783,17.72037],[120.84728,17.72008],[120.84684,17.71824],[120.84722,17.71761],[120.84718,17.71612],[120.848,17.71489],[120.84708,17.71305],[120.8476,17.71111],[120.84705,17.71055],[120.84585,17.71028],[120.84596,17.70889],[120.84575,17.70822],[120.84491,17.708],[120.84492,17.70705]],[[120.94948,17.26529],[120.95027,17.26477],[120.95137,17.26498],[120.95173,17.26576],[120.95276,17.26581],[120.95295,17.26686],[120.95424,17.26831],[120.95436,17.26952],[120.95499,17.26973],[120.95586,17.26934],[120.95838,17.2699],[120.95943,17.27106],[120.96122,17.27133],[120.96263,17.27408],[120.96537,17.27351],[120.96588,17.27406],[120.96563,17.27509],[120.9645,17.27594],[120.9646,17.27701],[120.96523,17.27725],[120.96579,17.27983],[120.9685,17.28008],[120.97033,17.28153],[120.96966,17.28361],[120.97085,17.28441],[120.97304,17.28489],[120.97439,17.28644],[120.97426,17.28907],[120.97486,17.28943],[120.97592,17.28875],[120.97661,17.28938],[120.97637,17.29146],[120.97772,17.29132],[120.97802,17.29288],[120.9786,17.29326],[120.9788,17.29481],[120.98099,17.29412],[120.98179,17.29497],[120.98294,17.29307],[120.98353,17.29283],[120.98367,17.29512],[120.98415,17.29536],[120.98539,17.29365],[120.98589,17.29376],[120.98726,17.2948],[120.98764,17.29564],[120.98681,17.29683],[120.98691,17.29742],[120.988,17.29786],[120.98881,17.29891],[120.98979,17.29711],[120.98977,17.29592],[120.99021,17.2951],[120.99093,17.29528],[120.99175,17.29492],[120.99317,17.29575],[120.99358,17.29539],[120.99376,17.29322],[120.9963,17.29312]],[[121.00062,17.269],[121.00062,17.27031],[120.99856,17.27539],[120.99851,17.27813],[120.99799,17.2786],[120.99685,17.28146],[120.99808,17.28707],[120.99627,17.28844],[120.99537,17.2902],[120.9962,17.2918],[120.9963,17.29312]],[[121.27525,17.24739],[121.27611,17.24739],[121.27905,17.24614],[121.27954,17.24645],[121.27869,17.24793],[121.27907,17.24832],[121.27985,17.24821],[121.28055,17.24978],[121.28014,17.25107],[121.28097,17.25206],[121.28071,17.25393],[121.28018,17.25416],[121.28022,17.25461],[121.2814,17.25545],[121.28063,17.2561],[121.28016,17.25752],[121.28009,17.25823],[121.28093,17.25912],[121.28044,17.26021],[121.28164,17.26134],[121.28261,17.26162],[121.28305,17.26233],[121.28617,17.26322],[121.28659,17.26403],[121.28765,17.26423],[121.28893,17.26539],[121.29072,17.26557],[121.29273,17.26736],[121.294,17.26936],[121.29527,17.26962],[121.29548,17.27044],[121.29719,17.27108],[121.29701,17.27246],[121.29961,17.2722],[121.29975,17.2738],[121.3015,17.27416],[121.30181,17.27636],[121.30236,17.27695],[121.30305,17.27672],[121.30388,17.27854],[121.30486,17.27859],[121.30561,17.28038],[121.30762,17.28075],[121.30812,17.28158],[121.30915,17.28171],[121.31077,17.28368],[121.31187,17.28415],[121.31173,17.28536],[121.31467,17.2838],[121.31419,17.28275],[121.3147,17.28229],[121.31617,17.28219],[121.31849,17.28276],[121.32131,17.28156],[121.32303,17.28189],[121.32315,17.2808],[121.32422,17.28097],[121.32436,17.28027],[121.32551,17.27912],[121.32461,17.27868],[121.32278,17.27908],[121.32473,17.27724],[121.32616,17.27768],[121.32731,17.27709],[121.32899,17.27765],[121.32977,17.27591],[121.33173,17.27604],[121.33368,17.2768],[121.33424,17.27537],[121.33862,17.27378],[121.33983,17.27436],[121.34113,17.27647],[121.34215,17.27715],[121.34554,17.27558],[121.34601,17.27655],[121.3452,17.27792],[121.34636,17.27853],[121.349,17.2771],[121.35041,17.27691],[121.3534,17.2776],[121.35453,17.27602],[121.3561,17.27592],[121.35712,17.27532],[121.35704,17.27444],[121.35601,17.27383],[121.35616,17.27305],[121.35912,17.27332],[121.35999,17.27297],[121.36127,17.2743],[121.36275,17.27472],[121.36695,17.27401],[121.36833,17.27286],[121.36988,17.27363],[121.37092,17.27324],[121.37119,17.27268],[121.36945,17.27076],[121.36956,17.26984],[121.37031,17.26977],[121.37229,17.27073],[121.37772,17.26783],[121.37949,17.26978],[121.37984,17.27118],[121.37885,17.27214],[121.37632,17.27298],[121.37545,17.27412],[121.37734,17.2759],[121.37779,17.27595],[121.37888,17.27465],[121.38063,17.27536],[121.38258,17.27467],[121.38306,17.27501],[121.3816,17.27578],[121.38191,17.2765],[121.38268,17.27669],[121.38442,17.27597],[121.38708,17.27575],[121.38989,17.2764],[121.39127,17.27783],[121.39159,17.27969],[121.39217,17.28039],[121.39286,17.28041],[121.39347,17.28127],[121.39581,17.28287],[121.39564,17.28364],[121.39311,17.28523],[121.3932,17.28582],[121.39512,17.28674],[121.39809,17.28732],[121.40008,17.28451],[121.40161,17.28418],[121.40234,17.28485],[121.40246,17.286],[121.40166,17.28699],[121.40189,17.28836],[121.4032,17.28975],[121.405,17.29081],[121.40557,17.29018],[121.40481,17.28628],[121.40586,17.28574],[121.40706,17.28584],[121.40908,17.28347],[121.41,17.28485],[121.40891,17.28615],[121.4096,17.28666],[121.41188,17.28684],[121.41187,17.28852],[121.41278,17.28949],[121.41312,17.28893],[121.4126,17.28584],[121.41346,17.28488],[121.4153,17.28515],[121.41769,17.28688],[121.41941,17.28692]],[[121.39295,16.98934],[121.39446,16.98838],[121.39536,16.98587],[121.39622,16.98511],[121.39596,16.98171],[121.39742,16.97972],[121.39618,16.97816],[121.39619,16.97743],[121.39907,16.97643],[121.40053,16.97445],[121.4006,16.97264],[121.40207,16.9717],[121.40165,16.97043],[121.40056,16.96981],[121.39975,16.96849],[121.40037,16.96789],[121.40014,16.96754],[121.40051,16.96702],[121.40209,16.96568],[121.40135,16.9647],[121.39885,16.96406],[121.39941,16.96241],[121.3992,16.96168],[121.40003,16.96105],[121.40152,16.96214],[121.40275,16.96185],[121.40452,16.96438],[121.40651,16.96492],[121.40658,16.96425],[121.40546,16.96255],[121.40695,16.96278],[121.40801,16.96175],[121.40917,16.96209],[121.41128,16.95958],[121.41089,16.95859],[121.4098,16.9577],[121.40974,16.95715],[121.41026,16.95657],[121.41233,16.95631],[121.41259,16.95811],[121.41408,16.9594],[121.41485,16.95906],[121.41633,16.95738],[121.41767,16.95757],[121.41737,16.95652],[121.41623,16.9552],[121.41701,16.95453],[121.41891,16.95421],[121.42017,16.95243],[121.42011,16.94988],[121.42131,16.94838],[121.42029,16.9473],[121.42029,16.94611],[121.42196,16.94636],[121.42143,16.9473],[121.42161,16.94772],[121.42286,16.94812],[121.42261,16.95093],[121.42296,16.95158],[121.42429,16.95283],[121.4248,16.95285],[121.42668,16.95104],[121.42754,16.95153],[121.42806,16.95482],[121.42891,16.95498],[121.43088,16.95298],[121.43146,16.95287],[121.43204,16.95361],[121.43264,16.95371],[121.43353,16.95209],[121.43602,16.95013],[121.44215,16.94895],[121.44536,16.94775],[121.44676,16.94781],[121.44647,16.9488],[121.44453,16.94982],[121.44572,16.95078],[121.44996,16.95038],[121.45242,16.95113],[121.45272,16.94991],[121.45122,16.94936],[121.45108,16.94864],[121.453,16.94869],[121.45447,16.95028],[121.4556,16.95042],[121.45512,16.94897],[121.45601,16.9473],[121.46062,16.94631],[121.46288,16.94414],[121.46638,16.94566],[121.46634,16.94382],[121.46578,16.94257],[121.46606,16.94169]],[[121.45754,16.90023],[121.46119,16.90046],[121.46205,16.90144],[121.46205,16.90276],[121.4629,16.90374],[121.46428,16.90407],[121.46462,16.90506],[121.46359,16.90604],[121.46376,16.90736],[121.46256,16.90867],[121.46239,16.90999],[121.46514,16.91409],[121.46823,16.91721],[121.47269,16.91376],[121.47406,16.91409],[121.47561,16.91393],[121.47647,16.91458],[121.47698,16.9159],[121.47664,16.91672],[121.47516,16.91672],[121.47379,16.91778],[121.47327,16.91853],[121.47338,16.91966],[121.4749,16.92088],[121.47576,16.92238],[121.47744,16.9228],[121.47685,16.9243],[121.47671,16.92614],[121.47851,16.92775]],[[121.39373,17.14969],[121.39591,17.14922],[121.39707,17.1481],[121.39736,17.147],[121.40001,17.14792],[121.4003,17.15],[121.40208,17.15006],[121.40228,17.1513],[121.40444,17.15257],[121.40647,17.15456],[121.40652,17.15537],[121.40571,17.1568],[121.40799,17.15792],[121.40798,17.15848],[121.40646,17.15954],[121.40586,17.16079],[121.40606,17.16403],[121.40893,17.16892],[121.41042,17.16834],[121.41198,17.16686],[121.41825,17.1688],[121.41973,17.16869],[121.4199,17.16828],[121.42113,17.16859],[121.4217,17.17158],[121.42123,17.17219],[121.42041,17.17185],[121.42005,17.17232],[121.42015,17.1731],[121.42093,17.17297],[121.42099,17.17336],[121.42012,17.17485],[121.42184,17.17532],[121.42342,17.17481],[121.42438,17.17556],[121.42337,17.17647],[121.42334,17.17681],[121.42393,17.17697],[121.42649,17.17639]],[[121.42649,17.17639],[121.42651,17.17502],[121.42682,17.17474],[121.43054,17.1753],[121.43085,17.17485],[121.43062,17.17369],[121.43156,17.17285],[121.43111,17.17153],[121.43139,17.17088],[121.43243,17.17018],[121.43378,17.16835],[121.43655,17.16778],[121.43761,17.16897],[121.43861,17.16919],[121.43984,17.1689],[121.4415,17.1723],[121.44312,17.17382],[121.44725,17.17208],[121.44759,17.17458],[121.44984,17.17539],[121.44974,17.17852],[121.45182,17.18055],[121.45205,17.1821],[121.45318,17.18174],[121.45343,17.18039],[121.45476,17.17911],[121.45502,17.1783],[121.45402,17.17796],[121.45362,17.17716],[121.45456,17.17682],[121.45519,17.17605],[121.45525,17.17514],[121.45481,17.17442],[121.456,17.17416],[121.45656,17.17322],[121.45584,17.17114],[121.45678,17.17037],[121.45703,17.16889],[121.45778,17.16829],[121.45818,17.16679],[121.45939,17.16568],[121.45973,17.16386],[121.4609,17.16306],[121.46055,17.16222],[121.45869,17.16226],[121.45804,17.16134],[121.45834,17.1605],[121.46034,17.16021],[121.46143,17.16195],[121.46212,17.16216],[121.46238,17.16171],[121.46171,17.1604],[121.46238,17.15993],[121.46302,17.16029],[121.46332,17.16144],[121.46555,17.16185],[121.466,17.16161],[121.46585,17.16066],[121.46371,17.16005],[121.46377,17.15941],[121.46557,17.1599],[121.46652,17.15961],[121.46755,17.15863],[121.46858,17.15878],[121.47127,17.16036],[121.47176,17.16023],[121.47109,17.15705],[121.47147,17.15652],[121.47452,17.15611],[121.47482,17.15529],[121.47461,17.15443],[121.47364,17.15348],[121.47418,17.15288],[121.47551,17.15455],[121.4778,17.15453],[121.47896,17.154],[121.47965,17.15429],[121.4798,17.15505],[121.47866,17.1564],[121.47896,17.15699],[121.48094,17.15764],[121.48154,17.15892],[121.48381,17.15952],[121.48305,17.16029],[121.48052,17.16062],[121.48006,17.16122],[121.4814,17.16357],[121.48211,17.16391],[121.48393,17.16294],[121.48579,17.16402],[121.48626,17.1648],[121.48524,17.16698],[121.48303,17.16876],[121.48295,17.16959],[121.48391,17.17067],[121.48517,17.17082],[121.4862,17.17022],[121.48683,17.17037],[121.49221,17.17449],[121.49326,17.17488],[121.4935,17.17549],[121.49224,17.17697],[121.49187,17.17854],[121.49224,17.17885],[121.49573,17.17877],[121.49628,17.17813],[121.49621,17.17646],[121.49758,17.17551],[121.49847,17.17594],[121.49924,17.17812],[121.50048,17.17936],[121.50232,17.17969],[121.50296,17.17887],[121.50095,17.17476],[121.50438,17.17287],[121.50678,17.17262],[121.50964,17.17301],[121.50996,17.17219],[121.50957,17.17184],[121.50754,17.17134],[121.50737,17.16847],[121.50784,17.16793],[121.50984,17.16802],[121.51149,17.16892],[121.51277,17.16855],[121.51287,17.16797],[121.51227,17.16595],[121.50945,17.16492],[121.50925,17.16438],[121.5102,17.16276],[121.51128,17.16199],[121.51024,17.16007],[121.51078,17.15841],[121.51289,17.15715],[121.5126,17.15632],[121.51155,17.1564],[121.51085,17.15586],[121.51091,17.15505],[121.51252,17.15321],[121.51216,17.15236],[121.51145,17.15211],[121.51056,17.15245],[121.50912,17.15228],[121.50841,17.15385],[121.50791,17.15396],[121.50735,17.15352],[121.50679,17.15185],[121.50753,17.15079],[121.50736,17.15018],[121.50576,17.14846],[121.50579,17.14797],[121.50653,17.14732],[121.50585,17.14555],[121.50644,17.14327],[121.50703,17.1423],[121.50773,17.142]],[[121.27444,17.15671],[121.27745,17.15604],[121.27842,17.15529],[121.27777,17.15382],[121.28074,17.15311],[121.28205,17.15468],[121.28376,17.155],[121.28421,17.15614],[121.2859,17.15625],[121.28664,17.15668],[121.28684,17.15812],[121.28758,17.1594],[121.28967,17.15983],[121.29313,17.16275],[121.29557,17.16276],[121.29608,17.16263],[121.29639,17.16165],[121.29639,17.16005],[121.29725,17.16013],[121.29974,17.1615],[121.30107,17.16065],[121.30154,17.15948],[121.30119,17.15824],[121.30248,17.15737],[121.30405,17.157],[121.30562,17.15841],[121.30614,17.15796],[121.30657,17.15531],[121.30796,17.15411],[121.31054,17.1553],[121.31263,17.15317],[121.31367,17.15369],[121.31621,17.15209],[121.3206,17.15144],[121.32173,17.15086],[121.32187,17.14873],[121.32107,17.14773],[121.31969,17.1479],[121.3189,17.14742],[121.31883,17.14687],[121.32128,17.14586],[121.32307,17.14391],[121.32689,17.14333],[121.32707,17.14281],[121.32559,17.14152],[121.32613,17.1404],[121.32707,17.14032],[121.32917,17.14302],[121.32973,17.14272],[121.32972,17.13955],[121.33015,17.13914],[121.33116,17.13981],[121.33177,17.13975],[121.33316,17.13905],[121.33223,17.1383],[121.33471,17.13588],[121.33391,17.13518],[121.33257,17.13519],[121.33112,17.13662],[121.33063,17.13624],[121.3303,17.13438],[121.32962,17.13401],[121.32906,17.13419],[121.32847,17.13356],[121.32796,17.13164],[121.32591,17.12898],[121.32569,17.12759],[121.32616,17.1272],[121.32579,17.12622],[121.32227,17.12428],[121.32245,17.12209],[121.32153,17.11908],[121.31893,17.11805],[121.31896,17.11716],[121.31953,17.11688],[121.31967,17.11583],[121.32045,17.11544],[121.32464,17.11444],[121.32379,17.10925],[121.32314,17.10816],[121.32318,17.10674],[121.32373,17.10525],[121.32471,17.10447],[121.32582,17.10241],[121.32685,17.10107],[121.32797,17.10095],[121.32947,17.09993],[121.33003,17.09799],[121.3314,17.09728],[121.33331,17.09784]],[[121.33331,17.09784],[121.33492,17.09789],[121.33574,17.09711],[121.33607,17.0959]],[[121.33607,17.0959],[121.33658,17.09411]],[[121.33658,17.09411],[121.33671,17.09388]],[[121.33671,17.09388],[121.33764,17.09323]],[[121.31644,17.91581],[121.3151,17.91574],[121.31303,17.91415],[121.31189,17.91173],[121.31048,17.91084],[121.30914,17.91084],[121.30734,17.9095],[121.30426,17.90854],[121.30285,17.90701],[121.30205,17.90701],[121.30071,17.90612],[121.29923,17.906],[121.29816,17.90427],[121.29609,17.90383],[121.29515,17.90313],[121.29448,17.90243],[121.29401,17.90103],[121.29334,17.90058],[121.29315,17.8957]],[[121.26531,17.96245],[121.26708,17.9629],[121.26923,17.96492],[121.27263,17.96529],[121.27372,17.96576],[121.27491,17.965],[121.27919,17.96462],[121.28244,17.96228],[121.28408,17.96272],[121.28618,17.96146],[121.29007,17.96124],[121.29333,17.96385],[121.29367,17.96375],[121.2937,17.96267],[121.29408,17.96255],[121.29583,17.96342],[121.29792,17.9634],[121.2997,17.96446],[121.30161,17.96448],[121.3032,17.96568],[121.30462,17.96609],[121.30639,17.96524]],[[121.32607,17.95274],[121.32427,17.95412],[121.32322,17.95427],[121.32324,17.95575],[121.32291,17.95589],[121.32096,17.95522],[121.32053,17.95577],[121.31962,17.95577],[121.31929,17.95637],[121.31856,17.95564],[121.31779,17.95587],[121.31737,17.95681],[121.3162,17.95668],[121.31588,17.95765],[121.31455,17.95825],[121.31227,17.95763],[121.31309,17.95867],[121.31292,17.95945],[121.31118,17.95941],[121.311,17.95875],[121.31022,17.95837],[121.30945,17.95935],[121.30926,17.95841],[121.30761,17.9593],[121.30741,17.95982],[121.30673,17.95948],[121.30604,17.96156],[121.307,17.96288],[121.30623,17.96323],[121.30522,17.96272],[121.30466,17.96389]],[[121.26368,17.9484],[121.2636,17.94954],[121.26259,17.95069],[121.26316,17.95249],[121.26198,17.95512],[121.26174,17.95756],[121.26122,17.95805]],[[121.26122,17.95805],[121.26114,17.95969],[121.26211,17.9605],[121.263,17.96222],[121.26531,17.96245]],[[121.24735,17.94393],[121.24691,17.9443],[121.24793,17.94617],[121.24873,17.94648],[121.24863,17.94763],[121.25046,17.9483]],[[121.25046,17.9483],[121.25149,17.94819],[121.25173,17.94916],[121.25317,17.94954],[121.25438,17.94928],[121.2541,17.95146],[121.25523,17.95222],[121.25535,17.95272],[121.25685,17.95347],[121.25688,17.95559],[121.25885,17.95766],[121.26122,17.95805]],[[121.26107,17.90101],[121.26033,17.90066],[121.26007,17.90006],[121.26086,17.89852],[121.26075,17.89668],[121.26169,17.89259],[121.26103,17.89261],[121.26063,17.89205],[121.26035,17.89055]],[[121.34255,17.93088],[121.34216,17.92802],[121.34547,17.92677],[121.3452,17.92523],[121.34664,17.92527],[121.34696,17.92354],[121.34935,17.92374],[121.34893,17.92303],[121.34902,17.92185],[121.34953,17.9219],[121.35033,17.92065],[121.34954,17.91971],[121.34976,17.91911],[121.35292,17.91581],[121.35325,17.91506],[121.35308,17.9138],[121.35473,17.91301],[121.35551,17.91125],[121.35686,17.91082],[121.35784,17.9088]],[[121.34464,17.94006],[121.34378,17.93863],[121.34404,17.93587],[121.34286,17.9347],[121.34299,17.93328],[121.34231,17.93264],[121.34255,17.93088]],[[120.72299,17.70723],[120.7227,17.70639],[120.72315,17.70502]],[[120.72315,17.70502],[120.72351,17.70311],[120.7232,17.70106],[120.7224,17.69994],[120.71845,17.69649],[120.71682,17.69077]],[[120.71682,17.69077],[120.71646,17.68777],[120.71554,17.68645],[120.71492,17.68405],[120.71364,17.68418],[120.71242,17.68296]],[[120.71242,17.68296],[120.71152,17.68382],[120.71089,17.68131]],[[120.71089,17.68131],[120.71091,17.67801]],[[120.69169,17.6451],[120.69057,17.64194],[120.69226,17.63788],[120.68839,17.63284]],[[120.72484,17.74011],[120.72525,17.73924],[120.72379,17.73828],[120.72109,17.73491],[120.71978,17.73395],[120.71664,17.73266]],[[120.71664,17.73266],[120.71446,17.73134],[120.71329,17.72982],[120.71222,17.72588],[120.71084,17.72354],[120.7099,17.72037],[120.70996,17.71838],[120.71158,17.71621],[120.71138,17.71458]],[[120.71138,17.71458],[120.71082,17.71226],[120.70907,17.70807]],[[120.70907,17.70807],[120.7084,17.70415]],[[120.6805,17.63938],[120.67978,17.63595],[120.67829,17.63469],[120.67291,17.63483],[120.66823,17.6327],[120.66586,17.63297],[120.66187,17.63209],[120.66114,17.63152],[120.65843,17.627]],[[120.65843,17.627],[120.65284,17.63012],[120.65046,17.63235],[120.64878,17.63324],[120.64701,17.6336],[120.64103,17.63202],[120.63371,17.62616],[120.632,17.62669],[120.62793,17.63049]],[[120.74219,17.75643],[120.7402,17.75555],[120.73673,17.75552],[120.73534,17.75335],[120.73251,17.75188],[120.73006,17.7456],[120.72947,17.74278]],[[120.72166,17.73144],[120.72315,17.73043],[120.72589,17.72673]],[[120.72589,17.72673],[120.72599,17.72512],[120.72693,17.724],[120.72762,17.72108],[120.72751,17.71946],[120.72609,17.71738]],[[120.72609,17.71738],[120.72523,17.71451]],[[120.72523,17.71451],[120.72409,17.71178]],[[120.72409,17.71178],[120.72421,17.70967],[120.72299,17.70723]],[[120.72299,17.70723],[120.72174,17.70615],[120.71851,17.70513]],[[120.69314,17.66398],[120.68948,17.65961],[120.68846,17.65633],[120.68799,17.65468],[120.68904,17.65277],[120.68887,17.65183],[120.68732,17.65054],[120.68663,17.64925],[120.6881,17.64702],[120.68787,17.64569],[120.68717,17.64458]],[[120.72142,17.72777],[120.72408,17.72283],[120.72607,17.72033],[120.72609,17.71738]],[[120.71972,17.72323],[120.71597,17.72146],[120.71535,17.72022],[120.71557,17.7188]],[[120.71557,17.7188],[120.7144,17.71767]],[[120.7144,17.71767],[120.71371,17.71651],[120.71279,17.71224]],[[120.71279,17.71224],[120.7128,17.71149]],[[120.7128,17.71149],[120.71266,17.71044]],[[120.71266,17.71044],[120.71086,17.7091]],[[120.71086,17.7091],[120.7103,17.70724],[120.70943,17.70609]],[[120.70943,17.70609],[120.7084,17.70415]],[[120.7084,17.70415],[120.70702,17.69982],[120.70765,17.69565]],[[120.70765,17.69565],[120.70745,17.69117]],[[120.70745,17.69117],[120.70832,17.69012]],[[120.7084,17.70415],[120.70778,17.70416],[120.70493,17.70172],[120.70288,17.69769],[120.70391,17.69531],[120.70418,17.69254],[120.70547,17.68999],[120.70533,17.68866],[120.70424,17.68697],[120.69953,17.68293],[120.69708,17.68001],[120.69375,17.68012],[120.69271,17.67981],[120.69287,17.67738],[120.69254,17.67614]],[[120.69254,17.67614],[120.69221,17.67489],[120.69143,17.67387],[120.68706,17.67008],[120.68723,17.66733],[120.68669,17.66647],[120.68164,17.66409],[120.67759,17.66285]],[[120.70985,17.67881],[120.70833,17.67801],[120.70855,17.67376]],[[120.70855,17.67376],[120.70751,17.6676],[120.70876,17.66383]],[[120.70876,17.66383],[120.70952,17.66247]],[[120.70952,17.66247],[120.71033,17.66102],[120.71058,17.65924]],[[120.72523,17.71451],[120.72648,17.71339],[120.72624,17.7111],[120.72335,17.70666],[120.72315,17.70502]],[[120.70745,17.69117],[120.70745,17.68941],[120.70678,17.68775],[120.70655,17.68531],[120.70703,17.68091],[120.7059,17.67859],[120.70667,17.67322]],[[120.70667,17.67322],[120.7066,17.67195],[120.70603,17.6708],[120.70694,17.66747],[120.7068,17.66416],[120.70438,17.65949]],[[120.70438,17.65949],[120.70404,17.65866]],[[120.70404,17.65866],[120.70394,17.65711],[120.70255,17.65573],[120.70132,17.65504],[120.70014,17.65514]],[[120.70014,17.65514],[120.69661,17.65323]],[[120.69661,17.65323],[120.69307,17.65159],[120.69092,17.65013]],[[120.69092,17.65013],[120.68921,17.6494]],[[120.68921,17.6494],[120.689,17.64591]],[[120.689,17.64591],[120.68791,17.64469]],[[120.75289,17.88203],[120.75359,17.88051],[120.75304,17.88017],[120.75263,17.87848],[120.7514,17.87887],[120.75122,17.8772],[120.75024,17.87592],[120.74903,17.87525],[120.74848,17.87749],[120.74794,17.87769],[120.74708,17.87579],[120.74459,17.875],[120.74474,17.87382],[120.74384,17.87238],[120.74322,17.86829],[120.74242,17.86774],[120.74238,17.86721],[120.74286,17.86655],[120.745,17.86628],[120.74253,17.86455],[120.7425,17.86409],[120.74318,17.86325],[120.74429,17.86291],[120.74435,17.8613],[120.74715,17.85963],[120.74719,17.85862],[120.7458,17.85751],[120.7454,17.8559],[120.74348,17.85289],[120.74409,17.85169],[120.74358,17.84974],[120.74179,17.84828],[120.74058,17.84864],[120.73977,17.84845],[120.73804,17.8466]],[[120.70449,17.84269],[120.70814,17.84196],[120.70941,17.83904],[120.70878,17.838],[120.70932,17.83775],[120.71225,17.83895],[120.71338,17.83796],[120.71335,17.83644],[120.71757,17.83479],[120.71964,17.83587],[120.72075,17.83562],[120.7224,17.83702],[120.72285,17.83825],[120.72609,17.83846],[120.72675,17.84043],[120.72877,17.84324],[120.7292,17.84491],[120.73012,17.84623],[120.73098,17.84658]],[[120.71951,17.84808],[120.72134,17.84671],[120.72255,17.84656],[120.72375,17.84586],[120.72488,17.84626],[120.72566,17.84586],[120.72818,17.84689],[120.73098,17.84658]],[[120.73098,17.84658],[120.73506,17.84871],[120.73599,17.84863],[120.73804,17.8466]],[[120.73804,17.8466],[120.73844,17.84548],[120.74007,17.84433],[120.73901,17.84361],[120.73832,17.84367],[120.73829,17.84281],[120.73959,17.8423],[120.7393,17.84135],[120.73953,17.84008],[120.74109,17.83921],[120.74159,17.83848],[120.7417,17.8364],[120.74339,17.83494],[120.74353,17.83436]],[[120.6237,17.67995],[120.626,17.67952],[120.62598,17.67828],[120.62474,17.67788],[120.62517,17.67655],[120.62776,17.67615],[120.62695,17.67337],[120.62942,17.67097],[120.62972,17.66794],[120.63093,17.66479],[120.63325,17.66416],[120.63477,17.66458]],[[120.9248,18.27807],[120.92565,18.28061],[120.92516,18.28086],[120.92481,18.28218],[120.92562,18.28462],[120.92505,18.28786],[120.92451,18.28893],[120.92554,18.29035],[120.92618,18.29274],[120.92742,18.29451],[120.92966,18.29572],[120.92939,18.29674],[120.93026,18.29719],[120.92976,18.29825],[120.93015,18.29897],[120.9294,18.29923],[120.92929,18.29963],[120.93022,18.30043],[120.92983,18.30107],[120.92879,18.30097],[120.92801,18.30199],[120.92633,18.30121],[120.92612,18.30333],[120.92513,18.30426],[120.92547,18.3051],[120.92513,18.30571],[120.92562,18.30716],[120.9255,18.30817],[120.92584,18.30872],[120.9265,18.30889],[120.9261,18.3097],[120.92665,18.3108],[120.92656,18.31151],[120.92562,18.31222],[120.9247,18.31213],[120.92405,18.31129],[120.92338,18.31156]],[[120.93453,18.33382],[120.93345,18.33206],[120.93276,18.33221],[120.93162,18.33111],[120.92956,18.33052]],[[120.92918,18.32934],[120.92946,18.32879],[120.92889,18.32845]],[[120.73941,16.76606],[120.73931,16.76814],[120.73771,16.76798],[120.73591,16.76653],[120.73211,16.76951],[120.73264,16.77232],[120.73235,16.77415],[120.72894,16.77574],[120.72791,16.77675],[120.72774,16.77908],[120.72963,16.78235],[120.72904,16.78366],[120.72798,16.78501],[120.72624,16.78538],[120.7259,16.78703],[120.72502,16.78732],[120.72498,16.78837],[120.72331,16.78997],[120.72165,16.79044],[120.71982,16.79027],[120.7187,16.79091],[120.71935,16.79264],[120.72083,16.79248],[120.72199,16.79304],[120.72246,16.7946],[120.72329,16.79527],[120.72267,16.7956],[120.72163,16.7972],[120.72183,16.79832],[120.72064,16.79887],[120.72005,16.79995],[120.71841,16.8001],[120.71525,16.79839],[120.71373,16.8004],[120.71414,16.80318],[120.7136,16.80417],[120.71297,16.80362],[120.71206,16.80353],[120.7105,16.80112],[120.71023,16.80172],[120.70854,16.8028],[120.70683,16.80298],[120.70588,16.80435],[120.70333,16.80257],[120.70307,16.80205],[120.70336,16.80101],[120.70286,16.80048],[120.70116,16.80029],[120.70029,16.8016],[120.69898,16.80106],[120.69886,16.80039],[120.69974,16.79995],[120.70006,16.79856],[120.69643,16.79935],[120.69545,16.79882]],[[120.69545,16.79882],[120.69333,16.79832],[120.69114,16.79691],[120.68874,16.79724],[120.68782,16.79794],[120.68529,16.79774],[120.68393,16.80041],[120.6794,16.80009],[120.67795,16.80249],[120.67725,16.80272],[120.67515,16.80233],[120.67506,16.80305],[120.67368,16.80382],[120.66994,16.80373],[120.66943,16.80338],[120.66942,16.80248],[120.66756,16.80117],[120.66499,16.8008],[120.66267,16.79988],[120.65395,16.7993]],[[120.66316,16.55533],[120.66304,16.55667],[120.66354,16.55739],[120.66339,16.5579],[120.66295,16.55799]],[[120.66295,16.55799],[120.66039,16.55825],[120.66016,16.55962],[120.65947,16.56027],[120.65932,16.5616],[120.66072,16.56321],[120.65828,16.56404],[120.65732,16.5678]],[[120.57246,16.63871],[120.57719,16.63776],[120.57921,16.63626],[120.58044,16.63667],[120.58242,16.63663],[120.58351,16.63723],[120.58423,16.63716],[120.58469,16.63605],[120.58654,16.63603],[120.58843,16.637],[120.58856,16.63759]],[[120.58856,16.63759],[120.58839,16.63856],[120.58915,16.63887],[120.58937,16.64017]],[[120.58937,16.64017],[120.59003,16.64086],[120.58944,16.64173]],[[120.58944,16.64173],[120.5905,16.64231],[120.59105,16.64328],[120.5917,16.64604],[120.59228,16.64732],[120.59305,16.64787],[120.59379,16.6498]],[[120.75851,16.67634],[120.75723,16.67569],[120.75556,16.67395],[120.7547,16.67447],[120.75431,16.67256],[120.75528,16.67183],[120.75495,16.67134],[120.7537,16.67124],[120.75396,16.66984]],[[120.75396,16.66984],[120.75376,16.669],[120.75179,16.67002],[120.75043,16.6697],[120.74959,16.66833],[120.74907,16.6653],[120.74834,16.66433],[120.74765,16.66417],[120.74674,16.66325],[120.74591,16.66382],[120.74413,16.66386],[120.74355,16.66249],[120.74103,16.66055],[120.74002,16.66023],[120.74042,16.65877],[120.73964,16.65828],[120.73952,16.65745],[120.73856,16.65693],[120.73874,16.65567],[120.73763,16.6552],[120.73582,16.6554],[120.73595,16.65398],[120.73564,16.65356],[120.73337,16.65279],[120.73349,16.65205],[120.73217,16.6505]],[[120.73217,16.6505],[120.73091,16.64859],[120.73037,16.64855],[120.72923,16.6496],[120.72771,16.64926]],[[120.76898,16.66049],[120.76767,16.66182],[120.76825,16.66265],[120.76786,16.66529],[120.76671,16.66639],[120.76602,16.66776],[120.76474,16.66739],[120.76401,16.66828],[120.76319,16.66838],[120.76291,16.67016],[120.76096,16.67229],[120.75936,16.67226],[120.75748,16.67072],[120.75683,16.67076],[120.75682,16.67153],[120.75538,16.67113],[120.75396,16.66984]],[[120.96147,16.57175],[120.96175,16.57261],[120.96105,16.57588],[120.96351,16.5816],[120.96469,16.58328],[120.96455,16.58406],[120.9649,16.58464],[120.96405,16.58718],[120.96576,16.58871],[120.96566,16.59101],[120.96511,16.59237],[120.96549,16.59308]],[[120.96549,16.59308],[120.96533,16.5942]],[[120.96533,16.5942],[120.96514,16.5957],[120.96548,16.59624]],[[120.96548,16.59624],[120.96546,16.59683]],[[120.96546,16.59683],[120.96483,16.59869],[120.96619,16.60032],[120.96615,16.60224],[120.96766,16.60538],[120.96751,16.60612]],[[120.96751,16.60612],[120.96755,16.60705],[120.96811,16.6078],[120.9679,16.60914],[120.96856,16.611],[120.9695,16.61211],[120.96956,16.61301]],[[120.96956,16.61301],[120.96911,16.61357]],[[120.96911,16.61357],[120.9677,16.6147]],[[120.9677,16.6147],[120.96766,16.6154],[120.96731,16.61588]],[[120.96731,16.61588],[120.96917,16.62001],[120.96938,16.62421]],[[120.96938,16.62421],[120.96954,16.6258]],[[120.96954,16.6258],[120.96955,16.62673],[120.97018,16.62755]],[[120.97018,16.62755],[120.971,16.62888]],[[120.971,16.62888],[120.97185,16.63212],[120.9729,16.63255],[120.97307,16.63334],[120.97245,16.63531],[120.97022,16.63682]],[[120.97022,16.63682],[120.96966,16.63817]],[[120.96966,16.63817],[120.96991,16.64129]],[[120.96991,16.64129],[120.97052,16.64212],[120.97057,16.6431]],[[120.97057,16.6431],[120.9708,16.64361],[120.9701,16.64545],[120.97022,16.64624]],[[120.97022,16.64624],[120.97072,16.64747],[120.97083,16.64916]],[[120.97083,16.64916],[120.97184,16.65283],[120.9736,16.65489]],[[120.9736,16.65489],[120.97334,16.657],[120.97415,16.659]],[[120.97415,16.659],[120.97608,16.66328],[120.97545,16.66574],[120.97781,16.6669],[120.97904,16.66676],[120.97944,16.66882]],[[121.07575,18.43205],[121.0754,18.43342],[121.07593,18.43516],[121.07527,18.43602],[121.07683,18.43828],[121.07911,18.43941],[121.07927,18.44118],[121.07853,18.44226]],[[121.1084,18.38932],[121.10996,18.38852],[121.11036,18.38728],[121.11106,18.38691],[121.11224,18.38726],[121.11299,18.388],[121.11314,18.3897],[121.11378,18.39039],[121.11677,18.389],[121.11783,18.38916],[121.11982,18.38862],[121.12035,18.38779],[121.12363,18.38731],[121.12615,18.38848],[121.12923,18.39256],[121.12915,18.39329],[121.13393,18.39653],[121.13415,18.39731],[121.13531,18.39736],[121.13732,18.39629],[121.1385,18.39652],[121.13934,18.39623],[121.13988,18.3971]],[[121.13077,18.26867],[121.13213,18.26835],[121.13356,18.26875],[121.13517,18.26819],[121.13691,18.26864],[121.13915,18.26818],[121.13979,18.26766],[121.1409,18.26804],[121.14186,18.26899],[121.14387,18.26955],[121.14523,18.27076],[121.14889,18.27016],[121.15169,18.27034],[121.15272,18.27075],[121.1522,18.27316],[121.15318,18.27433],[121.15384,18.27435],[121.15474,18.27371],[121.1553,18.27444],[121.15686,18.27432],[121.15757,18.27297],[121.15799,18.27275],[121.15951,18.27318],[121.16021,18.27157],[121.16175,18.27117],[121.1628,18.27234],[121.16247,18.27328],[121.16274,18.27384],[121.16467,18.27382],[121.16587,18.27275],[121.16714,18.27306],[121.1678,18.27425],[121.1687,18.27457],[121.16921,18.27685],[121.17013,18.27777],[121.17164,18.27825],[121.17326,18.27805],[121.17558,18.27703],[121.17703,18.27911],[121.17895,18.27948],[121.18006,18.27945],[121.18164,18.27786],[121.1826,18.27778],[121.18324,18.27897],[121.18272,18.27961],[121.18286,18.28],[121.18522,18.28008]],[[121.18522,18.28008],[121.1865,18.27892],[121.18647,18.27804]],[[121.18647,18.27804],[121.18516,18.27712],[121.1849,18.27648],[121.18598,18.27551],[121.18569,18.27382],[121.18599,18.27318],[121.18689,18.27296],[121.18756,18.27326],[121.1878,18.27395],[121.18981,18.27598],[121.19045,18.27568],[121.19105,18.27457]],[[121.19105,18.27457],[121.19218,18.27379],[121.19432,18.27487]],[[121.19432,18.27487],[121.1954,18.27499],[121.19648,18.27438],[121.1966,18.27283],[121.19711,18.27189],[121.19817,18.27289],[121.20133,18.27345],[121.20352,18.2744],[121.20661,18.2744],[121.20864,18.27229],[121.20989,18.2722],[121.21398,18.27356],[121.21499,18.27345],[121.21663,18.27473],[121.21944,18.2761],[121.22805,18.27556]],[[120.77562,17.10816],[120.77482,17.10807],[120.7738,17.10996]],[[120.77491,17.11138],[120.77521,17.11157]],[[120.82464,17.09993],[120.82261,17.10065]],[[120.82261,17.10065],[120.81941,17.10113],[120.81631,17.10264],[120.81487,17.10214],[120.81291,17.10013],[120.80881,17.10057],[120.80603,17.09948],[120.8054,17.09983],[120.80423,17.10174],[120.79999,17.10402],[120.79652,17.10282],[120.79436,17.10277],[120.79369,17.10313],[120.79285,17.10529],[120.79141,17.10547],[120.7895,17.10635],[120.78785,17.10858],[120.78584,17.10844],[120.78526,17.10719],[120.7837,17.10711],[120.78277,17.10783],[120.78258,17.10938],[120.78198,17.11028],[120.78053,17.11043],[120.77672,17.10825],[120.77562,17.10816]],[[120.77562,17.10816],[120.77493,17.10997],[120.77521,17.11157]],[[120.77521,17.11157],[120.77676,17.11374]],[[120.68906,17.4159],[120.69028,17.41778],[120.6908,17.42295],[120.69206,17.42781],[120.6949,17.43102],[120.69498,17.43175]],[[120.76436,17.25493],[120.76434,17.2562],[120.76345,17.25646],[120.76336,17.25756],[120.76023,17.26096],[120.75891,17.26086],[120.75598,17.26172],[120.75525,17.26061],[120.75454,17.26045],[120.75359,17.26176],[120.75274,17.26188],[120.75213,17.2606],[120.75113,17.26063],[120.75096,17.25968],[120.74952,17.25958],[120.74942,17.25762],[120.74669,17.25968],[120.74651,17.26109],[120.74686,17.26236],[120.74537,17.26304],[120.74445,17.26314],[120.74386,17.26211],[120.74341,17.26216],[120.7419,17.26247],[120.74102,17.2637],[120.74066,17.26267],[120.73991,17.26304],[120.7385,17.26242],[120.73853,17.26345],[120.73758,17.26378],[120.73498,17.26258],[120.73444,17.26184],[120.73341,17.26166]],[[120.70458,17.37696],[120.70477,17.38639],[120.70419,17.3881],[120.70375,17.39261],[120.70631,17.40287],[120.70599,17.40556],[120.70317,17.41466],[120.70259,17.41765],[120.70259,17.42113],[120.69767,17.4262],[120.69498,17.43175]],[[120.69498,17.43175],[120.6959,17.43647]],[[120.71976,17.52433],[120.71929,17.52704],[120.71807,17.52978],[120.71818,17.53294],[120.71949,17.53548],[120.72352,17.54071],[120.72445,17.54317],[120.72359,17.54651],[120.72154,17.54991],[120.72101,17.55256],[120.7179,17.56012],[120.71698,17.56182],[120.71552,17.56245],[120.71374,17.56422],[120.71182,17.56743],[120.71275,17.56939],[120.71328,17.57386],[120.7142,17.57613],[120.71671,17.57993]],[[120.66841,17.26572],[120.67084,17.26641],[120.67731,17.26731],[120.68282,17.2674],[120.684,17.26805]],[[120.6007,17.39583],[120.60071,17.39511]],[[120.60071,17.39511],[120.60032,17.39458],[120.60058,17.39406],[120.59995,17.39376],[120.5998,17.39296],[120.59903,17.39343],[120.59847,17.3932],[120.59927,17.3919],[120.59893,17.39095],[120.60048,17.39052],[120.60111,17.38959],[120.60097,17.38902],[120.59902,17.38905],[120.59816,17.38839],[120.59564,17.38872],[120.59508,17.38853],[120.59491,17.3874],[120.59443,17.387],[120.58995,17.38574]],[[121.38913,17.19323],[121.38965,17.19322],[121.39248,17.19121],[121.39291,17.19027],[121.39256,17.18902],[121.39329,17.18787],[121.39392,17.18794],[121.39639,17.18878],[121.39753,17.18993],[121.40192,17.18897],[121.4025,17.19157],[121.40464,17.19316],[121.41016,17.19481],[121.41093,17.19393],[121.41206,17.19392],[121.41402,17.19631],[121.41512,17.19557],[121.41575,17.19376],[121.41631,17.19345],[121.41925,17.19355],[121.41969,17.19416],[121.42077,17.19458],[121.42077,17.19642],[121.42124,17.19651],[121.42272,17.19568],[121.42503,17.19757],[121.42781,17.19535],[121.42875,17.193],[121.4283,17.1908],[121.43286,17.19105],[121.43338,17.19066],[121.43347,17.18917],[121.43436,17.18815],[121.43399,17.18682],[121.43313,17.18585],[121.4319,17.18558],[121.43089,17.18622],[121.43036,17.18615],[121.4297,17.18482],[121.42997,17.18384],[121.4314,17.18274],[121.43215,17.18127],[121.43166,17.1787],[121.43132,17.17836],[121.42974,17.17879],[121.4288,17.17709],[121.42649,17.17639]],[[121.1522,17.00471],[121.15451,17.00223],[121.15501,17.00101],[121.15488,16.99955],[121.15554,16.99879],[121.15595,16.99736],[121.15588,16.99562],[121.15534,16.99523],[121.15467,16.99346],[121.15635,16.99112],[121.15547,16.99058],[121.15527,16.98994],[121.15568,16.98935],[121.15693,16.98916],[121.15875,16.98795],[121.15848,16.98679],[121.15691,16.98632],[121.15675,16.98587],[121.15824,16.98424],[121.15935,16.98201],[121.15778,16.98014],[121.15774,16.97922],[121.15902,16.97843],[121.16034,16.9783],[121.16117,16.97744],[121.16345,16.9772],[121.16411,16.97641],[121.16511,16.97658],[121.16536,16.97713],[121.16687,16.97768],[121.16883,16.97629],[121.16967,16.97798],[121.17031,16.97829],[121.17144,16.9778],[121.17196,16.97693],[121.17359,16.9765],[121.17376,16.97598],[121.17449,16.97581],[121.17615,16.97614],[121.17753,16.97562],[121.18155,16.97737],[121.18474,16.97723],[121.18621,16.97575],[121.18612,16.97451],[121.18683,16.97427],[121.18689,16.97353],[121.1861,16.9717],[121.18883,16.9704],[121.18952,16.96958],[121.18874,16.96898],[121.18719,16.96906],[121.1871,16.96791],[121.18548,16.96757],[121.18498,16.96626],[121.18254,16.96447],[121.18281,16.96391],[121.18479,16.96391],[121.18558,16.96433],[121.18591,16.96401],[121.18464,16.96136],[121.18252,16.96066],[121.18206,16.95925],[121.18025,16.95907],[121.17999,16.95788],[121.17834,16.9588],[121.17695,16.95851],[121.17697,16.95682],[121.17848,16.95525],[121.17848,16.95352],[121.17995,16.95396],[121.18025,16.95257],[121.1816,16.95269],[121.18134,16.95107],[121.18179,16.95049],[121.18354,16.95016],[121.18198,16.9493],[121.18114,16.94524],[121.18079,16.94495],[121.1795,16.94539],[121.17856,16.94482],[121.17821,16.94386],[121.17932,16.94226],[121.18003,16.93957],[121.18116,16.93789],[121.18103,16.93659],[121.18239,16.93585],[121.18269,16.93513],[121.18471,16.93419],[121.18479,16.9337],[121.18335,16.93249],[121.18097,16.93376],[121.18073,16.933],[121.18197,16.93094],[121.18178,16.92929],[121.18095,16.92909],[121.17937,16.93009],[121.17804,16.92925],[121.17821,16.92767],[121.17965,16.92515],[121.17903,16.92368],[121.17956,16.92236],[121.1794,16.92182],[121.17912,16.92156],[121.17802,16.92179],[121.17711,16.92294],[121.17616,16.92327],[121.17579,16.92292],[121.1755,16.92086],[121.17347,16.92025],[121.17285,16.92061],[121.17243,16.92186],[121.17164,16.92175],[121.17119,16.91892],[121.16962,16.9182]],[[121.27561,16.94149],[121.27589,16.94041],[121.27504,16.93967],[121.274,16.94032],[121.27291,16.94228],[121.27186,16.94241],[121.27083,16.94187],[121.27148,16.9387],[121.27022,16.93705],[121.27039,16.93631],[121.27138,16.93625],[121.27385,16.93721],[121.27433,16.93643],[121.27128,16.93379],[121.27219,16.93229],[121.27211,16.93119],[121.27035,16.93082],[121.26987,16.93019],[121.27069,16.92963],[121.27304,16.92989],[121.27388,16.92962],[121.27396,16.92901],[121.27257,16.92808],[121.27249,16.92686],[121.27159,16.92569],[121.26962,16.92748],[121.26909,16.92766],[121.26781,16.92708],[121.26756,16.92674],[121.26878,16.92519],[121.26892,16.92411],[121.26802,16.92355],[121.26488,16.92298],[121.26461,16.92235],[121.2654,16.92148],[121.26767,16.92104]],[[121.2635,16.69392],[121.26316,16.69273],[121.26372,16.69072],[121.26481,16.68895],[121.26443,16.68747],[121.26471,16.68539],[121.26793,16.68073],[121.27034,16.67994],[121.27605,16.67962]],[[121.1499,16.7771],[121.15066,16.77468],[121.15348,16.77278]],[[121.14688,16.78087],[121.14777,16.77874],[121.1492,16.77761]],[[121.19149,16.75635],[121.19307,16.75688],[121.19591,16.76014]],[[120.71933,17.72255],[120.71979,17.72049],[120.71861,17.7146],[120.71923,17.71253]],[[121.53841,16.87365],[121.53885,16.87725],[121.54058,16.88359],[121.54232,16.88865],[121.5431,16.88965]],[[120.63628,16.4932],[120.6348,16.49514],[120.63074,16.49661],[120.62967,16.49671],[120.62884,16.49622],[120.62844,16.49676],[120.628,16.49626],[120.62443,16.49575],[120.62431,16.49502],[120.62331,16.49413],[120.62294,16.49313],[120.6215,16.49239],[120.61756,16.49213],[120.61658,16.49022],[120.61513,16.49015],[120.61404,16.48932],[120.61216,16.48913],[120.61008,16.49059],[120.61001,16.49207],[120.60873,16.49229],[120.60994,16.49606],[120.60969,16.49721],[120.60868,16.49836],[120.6083,16.49952],[120.60971,16.50102],[120.60947,16.50184],[120.60798,16.50347],[120.60801,16.50668],[120.60739,16.50728],[120.60564,16.50765],[120.60401,16.5065],[120.60299,16.50637],[120.60212,16.5108],[120.60234,16.51147],[120.60028,16.51328]],[[120.56681,16.54984],[120.57077,16.54763],[120.57121,16.54685],[120.57285,16.54637],[120.57495,16.54445],[120.57615,16.54455],[120.57689,16.54374],[120.57835,16.54357],[120.57844,16.54148],[120.57887,16.54147],[120.57997,16.54031],[120.58081,16.54103],[120.58136,16.54049],[120.58182,16.54079],[120.5844,16.53852],[120.5847,16.5373],[120.58644,16.53579],[120.58663,16.53472],[120.58599,16.5331],[120.58615,16.5314],[120.58456,16.52858],[120.58375,16.52783],[120.58342,16.52634],[120.58391,16.52498],[120.58299,16.52421],[120.5819,16.52394],[120.58213,16.52189],[120.58091,16.52146],[120.58041,16.5219],[120.5798,16.52177],[120.57916,16.52131],[120.57865,16.52011],[120.57794,16.51737],[120.57888,16.51511]],[[120.74782,16.55195],[120.74878,16.55012],[120.74857,16.5492]],[[120.74857,16.5492],[120.74916,16.54828],[120.74982,16.54823],[120.75087,16.54739],[120.75208,16.5451],[120.75198,16.54401],[120.75269,16.54321],[120.75192,16.54216],[120.75267,16.53956],[120.75168,16.53896],[120.7516,16.53815],[120.75262,16.53726],[120.75273,16.53661],[120.75396,16.53589],[120.75389,16.53527],[120.7533,16.53492],[120.75338,16.53433],[120.75469,16.5334],[120.75538,16.53203],[120.75546,16.53071],[120.75461,16.53005],[120.75612,16.52853],[120.75548,16.52721],[120.75603,16.52619],[120.75567,16.52439],[120.757,16.52391],[120.75875,16.52237],[120.75992,16.5227],[120.75996,16.52153],[120.76188,16.5227],[120.76263,16.52269],[120.7638,16.52045],[120.76337,16.51879],[120.76411,16.518],[120.76369,16.51669],[120.76293,16.51593],[120.76367,16.51441],[120.76324,16.51396],[120.76492,16.51376],[120.76516,16.51334],[120.76152,16.51096],[120.76079,16.50857],[120.761,16.50722],[120.76051,16.5051],[120.7595,16.50434],[120.76029,16.50367],[120.75978,16.50093],[120.75797,16.49925],[120.75806,16.49814],[120.75711,16.49846],[120.7568,16.49805],[120.75616,16.49822],[120.75536,16.4961],[120.75396,16.49603],[120.7518,16.49504],[120.7477,16.49407],[120.74768,16.49354],[120.7486,16.49233],[120.74785,16.49029],[120.7463,16.48879],[120.74578,16.48434],[120.74588,16.48152],[120.7469,16.47911]],[[120.83348,16.84887],[120.83131,16.84609],[120.82934,16.84545],[120.82897,16.84474],[120.82914,16.84323],[120.82813,16.84127],[120.82843,16.84044],[120.82781,16.83922],[120.8296,16.83771],[120.82925,16.83647],[120.82942,16.83511],[120.82743,16.83496],[120.82499,16.8336],[120.82472,16.83187],[120.82359,16.83128],[120.82257,16.82985],[120.82062,16.82907],[120.82005,16.82777],[120.81606,16.82673],[120.81602,16.82581],[120.81313,16.82286],[120.81256,16.82003],[120.81137,16.81948],[120.80841,16.81659],[120.80905,16.81547],[120.80903,16.81275],[120.80772,16.81126],[120.80764,16.80972],[120.80659,16.80913],[120.80665,16.8071],[120.80472,16.8054],[120.80419,16.80517],[120.80283,16.80557],[120.80256,16.8053],[120.80319,16.80411],[120.8023,16.80256],[120.80227,16.8017],[120.80293,16.80123],[120.80291,16.80077],[120.8021,16.80053],[120.80071,16.8011],[120.79917,16.8007],[120.79796,16.79919],[120.79832,16.79772],[120.79796,16.79708],[120.79688,16.79682],[120.79652,16.79601],[120.79533,16.79607],[120.79468,16.79405],[120.79366,16.79355],[120.79401,16.79257],[120.79312,16.78735],[120.7936,16.78567],[120.79319,16.78533],[120.79247,16.78512],[120.79145,16.78556],[120.789,16.78506],[120.78667,16.7861],[120.78648,16.78693],[120.7882,16.78796],[120.7882,16.78906],[120.78755,16.79063],[120.78211,16.79249],[120.78261,16.79335],[120.78161,16.79616],[120.78317,16.79652],[120.78326,16.79743],[120.7815,16.79828],[120.78064,16.79939],[120.78135,16.80007],[120.7813,16.80096],[120.77902,16.80292],[120.77908,16.80426],[120.77853,16.80492],[120.77778,16.80496],[120.77786,16.80596],[120.77675,16.80625],[120.77834,16.80909],[120.77918,16.80963],[120.77913,16.81015],[120.77819,16.81073],[120.77879,16.81134],[120.77849,16.81271],[120.77968,16.8134],[120.7784,16.81435],[120.77671,16.81441],[120.77645,16.81472],[120.77682,16.81582],[120.77649,16.81633],[120.77552,16.81556],[120.77444,16.81613],[120.77381,16.81525],[120.77266,16.8155],[120.7719,16.81704],[120.77377,16.81752],[120.77383,16.81804],[120.77313,16.81873],[120.77466,16.81958],[120.77316,16.82115]],[[120.77674,16.74677],[120.77624,16.74828],[120.77671,16.74878],[120.77771,16.74895],[120.77841,16.74974],[120.77857,16.75075],[120.77796,16.75169],[120.77779,16.75303],[120.77779,16.75467],[120.77827,16.75597],[120.77785,16.75671],[120.77823,16.75774],[120.77795,16.75853],[120.77891,16.75968],[120.77927,16.76121],[120.77996,16.76153],[120.78019,16.76274],[120.77988,16.76352],[120.78154,16.76498],[120.78155,16.76593]],[[120.76061,16.24496],[120.76239,16.2428],[120.76236,16.24203],[120.76322,16.24068],[120.76314,16.23932],[120.76418,16.23884],[120.76452,16.23788],[120.76613,16.23668],[120.76728,16.23398],[120.76686,16.23131],[120.76789,16.23055],[120.76854,16.22895],[120.77111,16.22718],[120.77139,16.22609],[120.77069,16.22538],[120.77118,16.22298],[120.77104,16.22034],[120.77303,16.21881],[120.77574,16.21416]],[[120.50066,16.38106],[120.49925,16.38183],[120.49817,16.38326],[120.49606,16.384],[120.49417,16.38374],[120.49376,16.38287],[120.49228,16.3816],[120.49133,16.38122],[120.49044,16.38139],[120.48964,16.38085],[120.48868,16.37833],[120.48869,16.3757],[120.48956,16.37473],[120.48907,16.37406],[120.48925,16.37326],[120.48836,16.37119],[120.48818,16.36948],[120.48662,16.36581],[120.48781,16.36423],[120.48749,16.36318],[120.48508,16.35993],[120.48267,16.35486],[120.48203,16.35453],[120.4792,16.35519],[120.4802,16.35271],[120.48129,16.35169],[120.48164,16.35035],[120.48123,16.34975],[120.47978,16.34923],[120.48086,16.34805],[120.48086,16.34664]],[[120.54742,16.38764],[120.54626,16.38815],[120.54594,16.38909],[120.54611,16.39038],[120.5446,16.39125],[120.5442,16.39268],[120.54294,16.39317],[120.54252,16.39447],[120.54085,16.39454],[120.54014,16.39543],[120.53934,16.39549],[120.53891,16.39619],[120.53726,16.39709],[120.53634,16.39677],[120.53551,16.3971],[120.53492,16.39764],[120.53497,16.39864],[120.53435,16.39905],[120.5338,16.40021],[120.53223,16.40025],[120.53194,16.40456],[120.52982,16.40474],[120.5299,16.40581],[120.52773,16.40676],[120.52739,16.40714],[120.52734,16.40867],[120.52607,16.40905],[120.52618,16.41028],[120.52489,16.41082],[120.52427,16.41182],[120.52196,16.41243],[120.52214,16.41406],[120.52141,16.41502],[120.52123,16.41798]],[[120.54328,16.46526],[120.54134,16.46646],[120.53704,16.46583],[120.53615,16.46621],[120.53467,16.46593],[120.53224,16.46636],[120.53185,16.46738],[120.52993,16.46759],[120.52841,16.46763],[120.52785,16.46635]],[[120.53578,16.45737],[120.53192,16.45829],[120.53126,16.45798],[120.53045,16.45674],[120.52942,16.45688],[120.52975,16.45801],[120.52941,16.45811],[120.52937,16.46095],[120.52804,16.46267],[120.5286,16.46511],[120.52785,16.46635]],[[120.52785,16.46635],[120.52656,16.46553],[120.52523,16.46708],[120.52559,16.47123],[120.52652,16.47203],[120.52595,16.47461],[120.52684,16.4759],[120.5288,16.47584],[120.52931,16.4761],[120.52951,16.47688],[120.52903,16.47769],[120.52824,16.47775],[120.52785,16.47819],[120.52748,16.47965],[120.52843,16.48118],[120.52805,16.48319],[120.52626,16.48396],[120.52548,16.48562],[120.52582,16.48651],[120.52445,16.4882],[120.52468,16.49174],[120.5252,16.4933],[120.52491,16.49479],[120.52625,16.49531],[120.52699,16.49618],[120.52728,16.49766],[120.5265,16.49846],[120.52758,16.49964],[120.52842,16.50167],[120.52798,16.50304],[120.52919,16.50391],[120.53081,16.50298],[120.53322,16.50296],[120.53297,16.50419],[120.53379,16.50554],[120.53346,16.50605],[120.53405,16.50768],[120.53251,16.50945],[120.53184,16.50932],[120.53068,16.51026],[120.5298,16.50926],[120.52844,16.5086],[120.5276,16.50859],[120.5271,16.50902],[120.52688,16.51043],[120.52755,16.51332],[120.52667,16.51423],[120.52649,16.51649],[120.52588,16.51767],[120.52675,16.51882],[120.52635,16.52154],[120.52812,16.52194],[120.52831,16.5241],[120.52735,16.52601],[120.52768,16.52836]],[[120.69484,16.22647],[120.69636,16.22583]],[[120.65881,16.2777],[120.66083,16.27721],[120.66427,16.27848],[120.66459,16.27654],[120.66308,16.27483],[120.66457,16.27365],[120.66552,16.27417],[120.66636,16.27219],[120.6662,16.27097],[120.66724,16.26952],[120.66925,16.26986],[120.6705,16.27114],[120.67225,16.27039],[120.6733,16.26845],[120.67525,16.26771],[120.67529,16.26658],[120.67718,16.26603],[120.67691,16.26494],[120.67812,16.26367],[120.67917,16.26456],[120.67969,16.26431],[120.68018,16.263],[120.68157,16.26423],[120.68275,16.26384],[120.68349,16.2645],[120.68572,16.26471],[120.6868,16.26322],[120.68727,16.26095],[120.68702,16.26033],[120.68749,16.25994],[120.68931,16.26126],[120.68994,16.26354],[120.69133,16.26313],[120.6922,16.26056],[120.69352,16.26047],[120.69599,16.26162],[120.6976,16.26148],[120.6975,16.26052],[120.69621,16.25943],[120.6961,16.25859],[120.69846,16.25871],[120.6985,16.25805],[120.69809,16.25762],[120.69864,16.25699],[120.7001,16.25708],[120.70241,16.25598],[120.70263,16.25526],[120.70185,16.25466],[120.70185,16.25414],[120.70305,16.25407],[120.70322,16.25364],[120.70173,16.25216],[120.7021,16.25094],[120.70445,16.25164],[120.7049,16.25131],[120.70274,16.24902],[120.70302,16.24736],[120.70402,16.24655],[120.70415,16.24588],[120.70334,16.24512],[120.70177,16.24515],[120.70142,16.24449],[120.70174,16.2439],[120.70369,16.24411],[120.70407,16.24233],[120.70507,16.24141]],[[120.49611,16.34964],[120.49577,16.34952]],[[120.49577,16.34952],[120.4952,16.34869],[120.49392,16.34841],[120.49306,16.34715],[120.49285,16.34587]],[[120.49208,16.34368],[120.49207,16.34279],[120.49126,16.34196]],[[120.49797,16.34977],[120.497,16.35008],[120.49611,16.34964]],[[120.52928,16.29259],[120.52855,16.29197],[120.52718,16.29227],[120.52399,16.29157],[120.52276,16.29253],[120.52242,16.29587],[120.52106,16.29664],[120.51995,16.29658],[120.51662,16.29438],[120.51376,16.29359],[120.51272,16.29269],[120.51088,16.29322],[120.5105,16.29165],[120.50998,16.29115],[120.50941,16.29128],[120.50942,16.29221],[120.50903,16.29252],[120.50747,16.29229],[120.50484,16.28954],[120.50283,16.29155],[120.50239,16.29339],[120.50131,16.29374],[120.49977,16.29289],[120.49885,16.29306]],[[120.558,16.44148],[120.55835,16.4399],[120.55716,16.43845],[120.55793,16.43714],[120.55724,16.43699],[120.55727,16.43613],[120.55604,16.43542],[120.55714,16.43282]],[[120.55714,16.43282],[120.55613,16.43231],[120.55552,16.43083],[120.55527,16.43153],[120.55453,16.43159],[120.55343,16.43246],[120.55328,16.4287],[120.55163,16.43021],[120.55005,16.43066],[120.54815,16.43202],[120.54667,16.43389],[120.54508,16.43449]],[[120.50884,16.39591],[120.50888,16.39604]],[[120.83142,17.04313],[120.83065,17.04442],[120.82942,17.04501],[120.82714,17.04505],[120.82394,17.04429],[120.82178,17.04503],[120.81883,17.04522],[120.81661,17.04711],[120.81595,17.04658],[120.81453,17.04694],[120.81452,17.04832],[120.81234,17.0481],[120.81127,17.04847],[120.81044,17.04978],[120.81049,17.0511],[120.80994,17.05133],[120.80703,17.04989],[120.80676,17.04866],[120.80602,17.04774],[120.80201,17.04535],[120.8013,17.04548],[120.80041,17.04644],[120.79927,17.04847],[120.79853,17.04837],[120.79763,17.04716],[120.79589,17.04793],[120.795,17.04748],[120.79342,17.04581],[120.79272,17.04421],[120.78907,17.04291],[120.78771,17.04105],[120.78534,17.0393],[120.78475,17.03843],[120.78188,17.03735],[120.78136,17.03625],[120.78146,17.03444],[120.78014,17.03226],[120.77919,17.03138],[120.77815,17.03132]],[[120.77815,17.03132],[120.77738,17.03148],[120.77629,17.03084],[120.77628,17.0329],[120.77503,17.03325],[120.77369,17.03447],[120.77302,17.03425]],[[120.84074,17.00161],[120.83999,17.00047],[120.83819,16.99964],[120.83674,16.99801],[120.8349,16.9968],[120.83294,16.99613],[120.83248,16.99567],[120.83245,16.99474],[120.83111,16.99422],[120.83083,16.99303],[120.82865,16.99206],[120.82817,16.98958],[120.8276,16.98951],[120.82737,16.98905],[120.82884,16.98534],[120.82791,16.98467],[120.82813,16.98338],[120.82732,16.98228],[120.82503,16.98074],[120.82506,16.97999],[120.82457,16.97925],[120.82357,16.97872],[120.82405,16.97719],[120.82299,16.97605],[120.82354,16.97563],[120.822,16.97484],[120.82137,16.97317],[120.81995,16.9725],[120.81976,16.97149],[120.81841,16.97106],[120.81581,16.96647],[120.8145,16.96593],[120.81274,16.96591],[120.81064,16.96324],[120.80997,16.96363],[120.80547,16.96164],[120.80354,16.96254],[120.8026,16.96359],[120.80212,16.96339],[120.80091,16.96422],[120.79924,16.96344],[120.79812,16.96375],[120.79604,16.96313],[120.79552,16.96216],[120.79335,16.96011],[120.79177,16.95975]],[[120.54335,16.64427],[120.54359,16.64281],[120.54288,16.64237],[120.54269,16.64172],[120.54205,16.64153],[120.54177,16.64008],[120.54123,16.63972],[120.54181,16.63829],[120.54121,16.63784],[120.54103,16.6367],[120.54023,16.63615],[120.54159,16.63507],[120.53957,16.63441],[120.54044,16.63263],[120.53961,16.63121],[120.53963,16.63039],[120.54069,16.63009],[120.54085,16.62865],[120.53951,16.62822],[120.53827,16.62462],[120.53701,16.62339],[120.53777,16.62273],[120.53827,16.62132],[120.53677,16.61936],[120.53692,16.61597],[120.53628,16.61517],[120.53449,16.61493],[120.53379,16.61352],[120.53229,16.61203],[120.53229,16.61097],[120.53341,16.60861],[120.53253,16.60776],[120.5311,16.60769],[120.52964,16.60637],[120.52795,16.60642],[120.5261,16.60725],[120.52233,16.60719]],[[120.55877,16.56194],[120.55829,16.56235],[120.55739,16.56208],[120.55592,16.56264],[120.55458,16.56239],[120.5533,16.56388],[120.55116,16.56538],[120.5472,16.56742],[120.54528,16.56783],[120.54508,16.56935],[120.54177,16.56993],[120.5409,16.57157],[120.53582,16.57229],[120.53528,16.57719],[120.53452,16.57784],[120.53457,16.5795],[120.53345,16.58063],[120.53314,16.5818],[120.5325,16.58218],[120.52936,16.58164],[120.52789,16.58294],[120.526,16.58275],[120.52514,16.58372],[120.5236,16.58405],[120.52208,16.58368],[120.52079,16.58405],[120.52124,16.58495],[120.52051,16.58571],[120.52032,16.58746],[120.51792,16.58882],[120.5194,16.58915],[120.51963,16.59057],[120.51887,16.59137],[120.51685,16.5918],[120.51667,16.5924],[120.51809,16.59396]],[[120.55873,16.61043],[120.5576,16.61109],[120.5572,16.61092],[120.55557,16.60911],[120.5556,16.60769],[120.5548,16.60643],[120.55409,16.60615],[120.55323,16.60282],[120.55205,16.60275],[120.55143,16.60195],[120.54933,16.60167],[120.54684,16.59977],[120.54431,16.59992],[120.54249,16.59857],[120.54201,16.59906],[120.54123,16.59898],[120.54072,16.59974],[120.53974,16.59906],[120.53907,16.59784],[120.53826,16.59806],[120.53701,16.59704],[120.5356,16.59687],[120.53506,16.59592],[120.53176,16.59578],[120.53,16.59661],[120.52901,16.59657],[120.52792,16.59558],[120.52504,16.59575],[120.5244,16.59525],[120.52309,16.59515],[120.52038,16.59536],[120.51946,16.59281],[120.51809,16.59396]],[[120.51809,16.59396],[120.51762,16.5947],[120.51587,16.59498]],[[120.94972,17.15605],[120.95012,17.15595],[120.95087,17.15662],[120.95218,17.15645],[120.95305,17.15503],[120.95267,17.15377],[120.95407,17.15177],[120.95409,17.15096],[120.95524,17.15002],[120.9555,17.14898]],[[120.8993,16.65705],[120.90339,16.65606],[120.90438,16.65654],[120.90509,16.65615],[120.9065,16.65632],[120.90774,16.65786],[120.90979,16.65856],[120.9115,16.65787],[120.9118,16.65722],[120.91527,16.65698],[120.91682,16.6575],[120.91696,16.65852],[120.91864,16.65932],[120.92167,16.65946],[120.92426,16.65897],[120.92597,16.66046],[120.9276,16.65773],[120.92995,16.65901]],[[121.17494,16.65718],[121.17549,16.6566],[121.17496,16.65371],[121.17575,16.65028],[121.17795,16.64814]],[[121.07235,16.73548],[121.07352,16.73558],[121.07401,16.73535],[121.07434,16.73448],[121.07808,16.73345],[121.0807,16.73367],[121.08277,16.73555],[121.08303,16.73701],[121.08346,16.73727],[121.0867,16.73716],[121.08872,16.7383],[121.0901,16.74023],[121.09119,16.73992],[121.09294,16.74022],[121.09411,16.73916],[121.09507,16.74008],[121.0971,16.73651],[121.09914,16.7364],[121.09957,16.73513],[121.10159,16.73283],[121.10368,16.73214],[121.1061,16.73062],[121.10718,16.72943],[121.10899,16.72935],[121.10979,16.73],[121.11016,16.72989],[121.10997,16.72855],[121.11215,16.72659],[121.11355,16.72394],[121.11299,16.72255],[121.11372,16.72103],[121.11545,16.71948],[121.11578,16.7184],[121.11701,16.71677],[121.11763,16.71673],[121.11816,16.71736],[121.12011,16.71702],[121.12096,16.71367],[121.12178,16.71402],[121.12255,16.71526],[121.12329,16.71543],[121.1237,16.71495],[121.12371,16.71394],[121.12539,16.71214],[121.12698,16.71127],[121.12996,16.71078],[121.13018,16.70971],[121.12938,16.70817],[121.13056,16.70722],[121.12926,16.70649],[121.1308,16.70212],[121.1317,16.7007],[121.13052,16.69951],[121.13053,16.69754],[121.13157,16.69663],[121.13227,16.69485],[121.1333,16.69425]],[[121.1333,16.69425],[121.13577,16.69374],[121.13834,16.69471],[121.14017,16.69415],[121.14112,16.6931],[121.1417,16.69071],[121.14363,16.68998],[121.14548,16.69073],[121.14646,16.69299],[121.14693,16.69296],[121.14774,16.69167],[121.14821,16.68977],[121.15058,16.68889],[121.1515,16.6856],[121.15303,16.68475],[121.15374,16.68239],[121.15471,16.681],[121.15577,16.67679],[121.1581,16.67478],[121.16047,16.67143],[121.16151,16.67066],[121.16234,16.67057],[121.16363,16.67202],[121.16508,16.67243],[121.16513,16.66999],[121.16853,16.66933],[121.171,16.66833],[121.17195,16.66755],[121.17261,16.66596],[121.17174,16.66393],[121.17248,16.6599],[121.17404,16.65867],[121.17494,16.65718]],[[121.06816,16.70177],[121.06892,16.70183],[121.06844,16.70064],[121.06923,16.7001],[121.06931,16.69837],[121.06972,16.69813],[121.07129,16.69844],[121.07136,16.69763],[121.07021,16.69722],[121.0701,16.69625],[121.07281,16.69269],[121.07238,16.69138],[121.0736,16.6911],[121.0736,16.68977],[121.0747,16.68875],[121.07677,16.68786],[121.07702,16.68699],[121.0776,16.68749],[121.07802,16.68684],[121.07993,16.68625],[121.07954,16.68539],[121.07987,16.68382],[121.08229,16.68437],[121.08502,16.68265],[121.08843,16.68215],[121.09048,16.68321],[121.09322,16.68131],[121.09477,16.68272],[121.09698,16.68263],[121.09785,16.68217],[121.10055,16.68264],[121.10274,16.68175],[121.10338,16.68055],[121.10551,16.67941],[121.10542,16.67811],[121.10429,16.67675],[121.1045,16.67619],[121.10813,16.67561],[121.1096,16.67441]],[[121.1096,16.67441],[121.11066,16.67436],[121.11337,16.67178],[121.11585,16.67286],[121.12031,16.67211],[121.12577,16.67437],[121.12855,16.67699],[121.12856,16.67938],[121.12985,16.68419],[121.12976,16.68559],[121.13023,16.68606],[121.13021,16.68696],[121.13105,16.68895],[121.13098,16.69012],[121.13192,16.69288],[121.1333,16.69425]],[[121.18563,17.04093],[121.18913,17.04237],[121.19226,17.04158],[121.19326,17.04201],[121.19385,17.04137],[121.19495,17.042],[121.19542,17.04186],[121.19598,17.04265],[121.19745,17.04277],[121.19963,17.04441],[121.20018,17.04672],[121.20617,17.04797],[121.20896,17.04755],[121.21015,17.04784],[121.21001,17.04967],[121.21064,17.05043],[121.20994,17.05134],[121.21225,17.05304],[121.21335,17.05466],[121.21506,17.05471],[121.21692,17.05552],[121.21768,17.058],[121.22096,17.05625],[121.2213,17.05634],[121.22157,17.05733],[121.22333,17.05831],[121.22515,17.05828],[121.22519,17.06009],[121.22384,17.0606],[121.22364,17.06107],[121.22494,17.06237],[121.22714,17.06144],[121.22873,17.06161],[121.2291,17.06241],[121.23074,17.06386],[121.2349,17.06176],[121.23686,17.06187],[121.23789,17.06073],[121.23852,17.0613],[121.23816,17.06304],[121.23858,17.06405],[121.23968,17.06412],[121.24103,17.06331],[121.24168,17.06343],[121.24287,17.06502],[121.2448,17.06583],[121.24544,17.06654],[121.24852,17.06579],[121.24913,17.06596],[121.24974,17.06703],[121.24863,17.06817],[121.24856,17.06881],[121.24962,17.06898],[121.2511,17.0681],[121.25226,17.0691],[121.25202,17.07047],[121.25247,17.07106],[121.254,17.07108],[121.25375,17.07011],[121.25456,17.0688],[121.25497,17.06861],[121.25609,17.06941],[121.25664,17.06932],[121.25753,17.06897],[121.25818,17.06766],[121.2588,17.06755],[121.25973,17.0691],[121.25796,17.07134],[121.25839,17.07282],[121.25888,17.07298],[121.25968,17.07241],[121.25977,17.07081],[121.26129,17.07133],[121.26175,17.07122],[121.26227,17.07026]],[[120.99643,17.20732],[120.99595,17.20393],[120.99638,17.20255],[120.99752,17.20128],[121.00059,17.20083],[121.00136,17.20001],[121.00157,17.19903],[121.00396,17.19733],[121.00411,17.19645],[121.00771,17.19394],[121.01093,17.19405],[121.01189,17.19319],[121.01204,17.1929],[121.01129,17.19186],[121.01153,17.18972],[121.01071,17.18505],[121.01121,17.18437],[121.01415,17.18398],[121.01488,17.18292],[121.01561,17.18257],[121.01518,17.18128],[121.01603,17.17931],[121.01563,17.17841],[121.01586,17.17783],[121.01726,17.17724],[121.01608,17.17593],[121.01631,17.1739],[121.0182,17.17505],[121.02033,17.17242],[121.02091,17.17248],[121.02146,17.174],[121.02224,17.17416],[121.02391,17.17371],[121.02404,17.17283],[121.02556,17.17257],[121.02661,17.17085],[121.02779,17.17047],[121.02925,17.17082],[121.03155,17.17064],[121.03153,17.17146],[121.03316,17.17103],[121.03374,17.17162],[121.03325,17.17268],[121.03332,17.17387],[121.03551,17.1758],[121.03491,17.17731],[121.03498,17.17843],[121.03685,17.17836],[121.03749,17.17977],[121.0385,17.17977],[121.03917,17.18055],[121.04132,17.18081],[121.0429,17.18161],[121.04494,17.18093],[121.04535,17.18239],[121.04649,17.18135],[121.04919,17.18093],[121.0499,17.1801],[121.05185,17.17988],[121.05188,17.18097],[121.05306,17.1823],[121.05494,17.18216],[121.05681,17.18261],[121.05769,17.18226],[121.05914,17.18323],[121.06181,17.18313],[121.06239,17.18264]],[[121.3014,17.19518],[121.3022,17.19464],[121.304,17.19497],[121.30443,17.19397],[121.30584,17.19402],[121.30578,17.19278],[121.30638,17.19101],[121.3076,17.19112],[121.30806,17.18991],[121.30871,17.18937],[121.30961,17.18954],[121.31086,17.18874],[121.31171,17.18909],[121.31276,17.187],[121.31337,17.18662],[121.31311,17.18517],[121.31533,17.18473],[121.3167,17.18389],[121.31742,17.18417],[121.31815,17.18344],[121.31818,17.18287],[121.31938,17.18265],[121.31993,17.18267],[121.32045,17.18358],[121.3214,17.18375],[121.32157,17.1846],[121.3223,17.18458],[121.32253,17.18404],[121.32221,17.18285],[121.32278,17.18105],[121.32361,17.18071],[121.32343,17.18017],[121.32382,17.17944],[121.32492,17.17913],[121.32464,17.17827],[121.32559,17.17775],[121.32631,17.1793],[121.32788,17.18053],[121.32696,17.18131],[121.32703,17.18188],[121.32802,17.18207],[121.32862,17.18291],[121.32961,17.18278],[121.33015,17.18344],[121.33019,17.18589],[121.3313,17.18681],[121.3315,17.18816],[121.33078,17.18926],[121.33156,17.18927],[121.3322,17.18855],[121.333,17.18874],[121.33319,17.19033],[121.33493,17.19188],[121.33476,17.19374],[121.33562,17.19435],[121.33666,17.19626],[121.33699,17.19644],[121.33777,17.19577],[121.33872,17.19573],[121.34097,17.19757],[121.34306,17.19755],[121.34444,17.19979],[121.34505,17.2024],[121.34713,17.20226]],[[121.4434,17.40818],[121.45059,17.40963]],[[121.45059,17.40963],[121.45204,17.4115],[121.46005,17.41547]],[[121.43875,17.40847],[121.44178,17.40837]],[[120.87697,16.67344],[120.87632,16.67328],[120.876,16.67083],[120.87751,16.66923],[120.87523,16.66727],[120.87499,16.66502],[120.87245,16.66243],[120.86869,16.66262],[120.86624,16.66208],[120.86477,16.66131],[120.8633,16.6598],[120.85962,16.6604],[120.85852,16.6611],[120.85723,16.66109],[120.85483,16.66254],[120.85281,16.66307],[120.85126,16.66215],[120.84975,16.66207],[120.84837,16.66325],[120.8463,16.66373],[120.84337,16.66225],[120.84197,16.66254],[120.841,16.66194],[120.83969,16.6619],[120.83834,16.66044],[120.83749,16.66077],[120.83659,16.65972],[120.8354,16.65945],[120.83442,16.65839],[120.83342,16.65835],[120.83218,16.65719],[120.83141,16.65568],[120.82936,16.65446],[120.82804,16.65177],[120.82873,16.65057],[120.82868,16.6493],[120.82798,16.64814],[120.82673,16.64748],[120.82646,16.64627],[120.82531,16.64539]],[[120.87078,16.67689],[120.86907,16.67617],[120.86763,16.67854],[120.85966,16.68208],[120.85623,16.68212],[120.85411,16.6809],[120.85323,16.68161],[120.8527,16.68156],[120.85045,16.68055],[120.8482,16.6807],[120.84783,16.68139],[120.84184,16.67866],[120.84105,16.67861],[120.84029,16.67806],[120.83988,16.67666],[120.83911,16.67688],[120.83881,16.67656],[120.83837,16.67475],[120.83722,16.67438],[120.83392,16.67191],[120.83314,16.67176],[120.83239,16.67223],[120.82962,16.67119],[120.8279,16.6692],[120.82785,16.66801],[120.82672,16.66763],[120.82508,16.66793],[120.82413,16.66739]],[[120.87129,16.70291],[120.86981,16.70263],[120.86958,16.7032],[120.86877,16.70346],[120.86836,16.70303],[120.86682,16.70297],[120.86655,16.70396],[120.86583,16.70438],[120.86566,16.70502],[120.86454,16.70559],[120.86116,16.70505],[120.85897,16.7058],[120.85767,16.7053],[120.85713,16.70664],[120.85579,16.70674],[120.85508,16.70763],[120.85415,16.70734],[120.85329,16.70792],[120.8526,16.70777],[120.85107,16.70886],[120.84991,16.70825],[120.84799,16.708],[120.84647,16.70894],[120.84512,16.70911],[120.84381,16.70847],[120.84252,16.70871],[120.84179,16.70821],[120.83986,16.70836],[120.83962,16.708],[120.83877,16.70836],[120.8377,16.70803],[120.83722,16.70839],[120.83675,16.7078],[120.83635,16.70878],[120.83545,16.70845],[120.83382,16.70909],[120.83297,16.71],[120.83222,16.70996],[120.83163,16.71044],[120.83142,16.71162],[120.83044,16.71171],[120.82965,16.71246],[120.82938,16.71153],[120.82877,16.71118],[120.82756,16.71249],[120.82704,16.71248],[120.8266,16.71117],[120.82576,16.71095]],[[120.92746,16.84322],[120.92861,16.83754],[120.92843,16.83664],[120.92943,16.83589],[120.93047,16.83339],[120.92979,16.83238],[120.93024,16.83052],[120.9301,16.82797],[120.93146,16.82705],[120.93198,16.82583],[120.93112,16.82509],[120.93126,16.82395],[120.93009,16.82232],[120.93036,16.82129],[120.92993,16.82067],[120.93066,16.82067],[120.93147,16.82011],[120.93101,16.81914],[120.93117,16.81862],[120.93065,16.81871],[120.93035,16.81742],[120.92946,16.81622],[120.92948,16.81585],[120.93142,16.81445],[120.93087,16.81213],[120.92962,16.8121],[120.92837,16.81283],[120.92848,16.81211],[120.92746,16.81139],[120.92631,16.8114],[120.92488,16.81059],[120.92465,16.80912],[120.9234,16.80845],[120.92306,16.80755],[120.92375,16.80686],[120.92395,16.80487],[120.92354,16.80385],[120.92362,16.80324],[120.92445,16.80272],[120.92548,16.80095],[120.92766,16.79918],[120.92824,16.79754],[120.93006,16.79698],[120.9327,16.79746],[120.93456,16.79229]],[[121.18452,16.84375],[121.18626,16.84441],[121.18766,16.84424],[121.18983,16.84456],[121.19039,16.8451],[121.19305,16.84503],[121.19408,16.8454],[121.19538,16.84471],[121.19655,16.84469],[121.19702,16.84337],[121.19948,16.84279],[121.20067,16.84287],[121.20156,16.84456],[121.20257,16.84378],[121.20588,16.84465],[121.20641,16.84439],[121.20636,16.84337],[121.20837,16.84227],[121.20891,16.84246],[121.20894,16.84354],[121.21033,16.84297],[121.21203,16.84422],[121.21481,16.84512],[121.21568,16.84469],[121.21572,16.84548],[121.21682,16.84463],[121.21741,16.84549],[121.21789,16.84557],[121.2183,16.84463],[121.22019,16.84393],[121.22024,16.84307],[121.22109,16.84362],[121.22222,16.84158],[121.22355,16.84115],[121.22425,16.83999],[121.22488,16.83975],[121.22518,16.84001],[121.22461,16.84117],[121.22752,16.84122],[121.22799,16.84314],[121.22869,16.84326]],[[121.22869,16.84326],[121.22938,16.84278],[121.23038,16.84397],[121.23225,16.84452],[121.23479,16.84635],[121.23654,16.84561],[121.23712,16.84572],[121.23674,16.84654],[121.23697,16.84686],[121.23867,16.84676],[121.2384,16.84727],[121.23696,16.84791],[121.23777,16.84848],[121.23938,16.84819],[121.24101,16.84883],[121.2419,16.84776],[121.24074,16.84696],[121.24184,16.84693],[121.24267,16.84837],[121.24152,16.84988],[121.24385,16.85083],[121.24431,16.85159],[121.2452,16.85188],[121.2455,16.85354],[121.24716,16.85257],[121.24939,16.85221],[121.25047,16.85101],[121.25188,16.85029],[121.25096,16.85226],[121.25108,16.85272],[121.25184,16.85318],[121.25347,16.85217]],[[120.8924,16.57654],[120.89163,16.57611],[120.89145,16.57479],[120.89085,16.57421],[120.8909,16.57255],[120.88888,16.5714],[120.88869,16.57039],[120.88922,16.56908],[120.88782,16.56581],[120.88736,16.56523],[120.88593,16.56551],[120.88573,16.56521],[120.88566,16.56336],[120.88627,16.56219],[120.88654,16.56057],[120.88625,16.55968],[120.88671,16.55846],[120.88516,16.556],[120.88594,16.55206],[120.88677,16.55158],[120.88777,16.54912],[120.88739,16.54718],[120.88611,16.54657],[120.88577,16.54569],[120.88507,16.54531],[120.88284,16.54524],[120.88141,16.54312],[120.8796,16.54138],[120.87808,16.54162],[120.87741,16.53953],[120.87806,16.53606],[120.87773,16.53501],[120.87596,16.53301],[120.87419,16.53186],[120.87183,16.53198],[120.87101,16.53264],[120.86983,16.53252],[120.86994,16.53184],[120.86938,16.53143],[120.86928,16.53045],[120.86868,16.52985],[120.86829,16.52786],[120.86668,16.52767],[120.86641,16.52716],[120.86585,16.52773],[120.86305,16.52852],[120.86155,16.52819],[120.86041,16.52487],[120.8574,16.52314],[120.8569,16.5239],[120.85592,16.52413],[120.85378,16.52387],[120.85295,16.52417],[120.85204,16.52316],[120.8516,16.52315],[120.85063,16.52395],[120.84893,16.52393],[120.84783,16.52176],[120.84783,16.51712],[120.84712,16.51513],[120.84774,16.51401],[120.84686,16.51214],[120.8464,16.50948],[120.84572,16.50847],[120.84625,16.50437],[120.84578,16.50299],[120.84438,16.50187],[120.84214,16.50129],[120.84169,16.49969],[120.84001,16.49929],[120.83836,16.49815],[120.83814,16.49762],[120.83531,16.4969],[120.83506,16.4962],[120.83299,16.49464],[120.83294,16.49378],[120.83172,16.49228],[120.83202,16.4913],[120.83165,16.49073]],[[120.83165,16.49073],[120.83094,16.49043],[120.83127,16.48919]],[[120.83127,16.48919],[120.82998,16.48658],[120.82936,16.48312],[120.82808,16.48141],[120.82722,16.48121],[120.82551,16.47963],[120.82514,16.47809],[120.82331,16.47793],[120.82136,16.47596],[120.82075,16.4758],[120.82054,16.47504],[120.81872,16.4738],[120.81574,16.47294]],[[121.05758,16.93896],[121.0577,16.93843],[121.05882,16.93877],[121.05967,16.93723],[121.06086,16.93649],[121.06132,16.93468],[121.05985,16.93425],[121.05935,16.9351],[121.05886,16.93487],[121.05891,16.9338],[121.05713,16.93258],[121.05771,16.93127],[121.05643,16.92993],[121.05668,16.92871],[121.05736,16.92773],[121.05793,16.92755],[121.05877,16.92824],[121.06044,16.92703],[121.05897,16.92591],[121.05805,16.92603],[121.05899,16.92263],[121.05772,16.92173],[121.05914,16.92107],[121.06055,16.91866],[121.06019,16.91788],[121.06097,16.91681],[121.0599,16.91598],[121.0613,16.914],[121.06058,16.91366],[121.06105,16.91246],[121.06275,16.91251],[121.06327,16.91213],[121.06382,16.91325],[121.06457,16.91287],[121.06488,16.91169],[121.06434,16.91185],[121.0641,16.9113],[121.06477,16.91007],[121.06571,16.9094],[121.06761,16.90911],[121.06671,16.90825],[121.06786,16.90668],[121.06736,16.90612],[121.06745,16.90562],[121.07037,16.90475],[121.06983,16.90699],[121.07014,16.90747],[121.07099,16.90658],[121.07295,16.90707],[121.07319,16.9062],[121.07492,16.90506],[121.07518,16.90418],[121.07671,16.90418],[121.07767,16.90344],[121.0789,16.90367],[121.07943,16.90282],[121.08068,16.90312],[121.08086,16.90277],[121.07993,16.9012],[121.08021,16.89918],[121.07966,16.89782],[121.08,16.89718],[121.07973,16.89614],[121.07996,16.89561],[121.08054,16.89545],[121.08136,16.89636],[121.08206,16.89652],[121.08251,16.89608],[121.08216,16.8951],[121.08284,16.89492]],[[121.06164,17.66317],[121.06066,17.6635],[121.06078,17.6626],[121.0597,17.66215],[121.05752,17.66246],[121.05597,17.66331],[121.05286,17.66071]],[[121.05286,17.66071],[121.05235,17.66003]],[[121.05235,17.66003],[121.0522,17.65956]],[[121.0522,17.65956],[121.05157,17.65835]],[[121.05157,17.65835],[121.05066,17.65794],[121.0516,17.65688],[121.05179,17.65607],[121.05157,17.65529],[121.05078,17.65489],[121.05122,17.65428],[121.05139,17.65216],[121.05058,17.65085],[121.05207,17.6504],[121.05269,17.64914],[121.05207,17.64702],[121.05018,17.64673],[121.05025,17.64397],[121.04894,17.64251],[121.05044,17.64209],[121.05125,17.64028],[121.04968,17.639],[121.05009,17.63816],[121.04696,17.63631],[121.04723,17.63528],[121.04781,17.63484],[121.0478,17.63349],[121.04601,17.63166],[121.04571,17.6296],[121.04457,17.6279]],[[121.04457,17.6279],[121.04384,17.62739],[121.04308,17.62585],[121.0396,17.62392],[121.03561,17.62003],[121.03466,17.61689],[121.03286,17.6159],[121.03248,17.61505],[121.03287,17.61397],[121.03453,17.61255],[121.03156,17.61017],[121.0307,17.60838],[121.03003,17.60804],[121.02962,17.60834]],[[121.02962,17.60834],[121.02926,17.60857],[121.02866,17.61096],[121.02477,17.61235],[121.01989,17.61205],[121.01636,17.61523],[121.01552,17.61511],[121.01371,17.61348],[121.01177,17.61388],[121.0115,17.61566],[121.01079,17.61574],[121.00931,17.6142],[121.00851,17.61577],[121.00864,17.61642],[121.00581,17.61529],[121.00436,17.61535],[121.00377,17.61643],[121.00384,17.61754],[121.00282,17.61717],[121.00298,17.61583],[121.0027,17.61565],[121.00205,17.61576],[121.00065,17.61781],[120.99894,17.61682],[120.99818,17.61761],[120.99857,17.61833],[120.99725,17.61981],[120.99761,17.6211],[120.9967,17.62154],[120.9952,17.62083],[120.99442,17.6212],[120.99437,17.623],[120.99561,17.62374],[120.9966,17.62325],[120.99704,17.62362],[120.99712,17.62458],[120.99507,17.62644],[120.99536,17.62679],[120.99504,17.62765],[120.99403,17.62768],[120.99367,17.62857],[120.99434,17.63512],[120.99294,17.63596],[120.99281,17.63712],[120.99177,17.63871],[120.99014,17.64019],[120.98378,17.64338],[120.98333,17.64406]],[[120.98333,17.64406],[120.98085,17.64687],[120.98088,17.64771],[120.9821,17.64842]],[[120.9821,17.64842],[120.98269,17.64892],[120.98199,17.6501],[120.98056,17.6503]],[[120.98056,17.6503],[120.97649,17.6504],[120.97558,17.65156],[120.97584,17.65429],[120.97496,17.65421],[120.9747,17.65337],[120.97397,17.65305],[120.97268,17.65367],[120.97244,17.65514],[120.9727,17.65559],[120.97517,17.65562],[120.97347,17.65888],[120.97426,17.65977],[120.97659,17.66032],[120.97701,17.6608],[120.97523,17.66303],[120.9746,17.66494],[120.974,17.66558]],[[121.07176,17.58073],[121.06997,17.58154],[121.0687,17.58131],[121.06752,17.58162],[121.06558,17.58289]],[[121.06558,17.58289],[121.06284,17.58255],[121.06197,17.58209],[121.06063,17.58215],[121.05916,17.58111],[121.05795,17.58123],[121.05632,17.58262],[121.05511,17.58529],[121.05502,17.58707],[121.05227,17.58685],[121.05096,17.58562],[121.04965,17.58658],[121.04803,17.58684],[121.04536,17.58986],[121.04256,17.59204],[121.04312,17.59811],[121.04195,17.6001],[121.04157,17.60204],[121.04041,17.60205],[121.04061,17.60332],[121.03963,17.60308],[121.03878,17.60478],[121.03744,17.60409],[121.03528,17.60409],[121.03373,17.60326],[121.03324,17.60393],[121.0333,17.60501],[121.03227,17.60537],[121.03183,17.60626],[121.03017,17.60636],[121.02935,17.60688],[121.02904,17.60742],[121.02962,17.60834]],[[121.11547,17.13767],[121.11626,17.13969],[121.11917,17.14331],[121.11934,17.14413],[121.11896,17.14473],[121.11759,17.14481],[121.11707,17.14578],[121.11726,17.14748],[121.11621,17.14829],[121.11735,17.14892],[121.11797,17.14991],[121.1178,17.15048],[121.11479,17.14982],[121.11286,17.15075],[121.10996,17.15099],[121.10818,17.1519],[121.10761,17.15179],[121.10615,17.15078],[121.10584,17.14963],[121.10452,17.14819],[121.10376,17.14783],[121.10196,17.14802],[121.10041,17.14672],[121.09858,17.14676],[121.09279,17.14846],[121.09173,17.14987],[121.09024,17.14864],[121.08909,17.14977],[121.0882,17.14778],[121.08776,17.14758],[121.08711,17.14818],[121.08589,17.14753],[121.08526,17.14678],[121.08531,17.14542],[121.08503,17.14529],[121.08232,17.14687],[121.08216,17.14859],[121.08112,17.14761],[121.07864,17.14862],[121.07201,17.14745],[121.06869,17.14923],[121.06832,17.14751],[121.06734,17.14662],[121.06614,17.14886],[121.06392,17.14804],[121.06152,17.14801],[121.06065,17.14686]],[[121.52998,17.20504],[121.53421,17.206],[121.53504,17.20558],[121.53546,17.20596],[121.53535,17.20698],[121.53638,17.20604],[121.5356,17.20448],[121.53573,17.20394],[121.53696,17.20413],[121.53772,17.20477],[121.53824,17.20454],[121.54064,17.20503],[121.54187,17.20434],[121.54227,17.20285],[121.54392,17.20397],[121.54453,17.20541],[121.54506,17.20585],[121.54553,17.20573],[121.54596,17.20487],[121.54581,17.204],[121.54449,17.20281],[121.5443,17.19863],[121.54512,17.19814],[121.54614,17.19637],[121.54726,17.19754],[121.54849,17.19649],[121.54947,17.19748],[121.5495,17.19673],[121.55081,17.19703],[121.55145,17.19664]],[[121.27094,17.81313],[121.27235,17.81132],[121.27256,17.80961],[121.27202,17.80882],[121.2729,17.80532],[121.2802,17.80001],[121.28135,17.79962],[121.28562,17.80054],[121.28731,17.80157],[121.28777,17.80305],[121.28858,17.80296],[121.28899,17.80227],[121.29009,17.80177],[121.29029,17.80354]],[[121.54651,17.18334],[121.54777,17.18356],[121.54715,17.1842],[121.54775,17.18512],[121.54824,17.18454],[121.54903,17.18465],[121.54841,17.1856],[121.55014,17.18666],[121.55007,17.18581],[121.5505,17.1855],[121.5506,17.18617],[121.55276,17.18621],[121.55324,17.18695],[121.55371,17.18635],[121.55364,17.18552],[121.55413,17.18547],[121.55533,17.18682],[121.55617,17.18701],[121.55584,17.18768],[121.55658,17.18836],[121.55606,17.18888],[121.55628,17.18931]],[[120.64462,16.28708],[120.64433,16.2877],[120.6447,16.28902],[120.64642,16.29017],[120.64797,16.2902],[120.6493,16.29166],[120.64991,16.29308],[120.65224,16.2936],[120.65377,16.29286],[120.65632,16.29322],[120.65665,16.29082],[120.65777,16.28924],[120.65737,16.28776],[120.65882,16.28684]],[[120.67516,16.31762],[120.67494,16.31607],[120.67396,16.31537],[120.67305,16.3153],[120.67359,16.31398],[120.67296,16.31362],[120.67317,16.31289],[120.67272,16.31233],[120.67204,16.31267],[120.671,16.31124],[120.67,16.31153],[120.66997,16.31069],[120.66857,16.30986],[120.66846,16.30914],[120.66722,16.3092],[120.66693,16.3077],[120.66643,16.3071],[120.66571,16.30719],[120.66499,16.30675],[120.6645,16.30547],[120.66512,16.30405],[120.66488,16.3029],[120.66518,16.30236],[120.66319,16.30254],[120.66365,16.30143],[120.66214,16.30196],[120.66215,16.30129],[120.66136,16.30005],[120.66048,16.30039]],[[120.66048,16.30039],[120.65969,16.30042],[120.65906,16.29992],[120.65896,16.29823],[120.66,16.29714],[120.65935,16.29659],[120.66006,16.29596],[120.65946,16.2951],[120.66046,16.29324],[120.66006,16.2926],[120.66027,16.29078],[120.65943,16.28996],[120.6604,16.28921],[120.65902,16.28906],[120.65989,16.28865],[120.66024,16.28802],[120.65882,16.28684]],[[120.86896,16.96307],[120.86735,16.96357],[120.86574,16.96526],[120.86523,16.96662],[120.86533,16.96812],[120.86483,16.96901],[120.86525,16.97007],[120.86492,16.97215],[120.86542,16.97412],[120.8666,16.97454],[120.8666,16.97546],[120.86752,16.97679],[120.86742,16.97783],[120.86884,16.9779],[120.86868,16.97981],[120.86985,16.98204],[120.86938,16.98301],[120.8693,16.98484],[120.8695,16.98522],[120.87168,16.98592],[120.87208,16.98807],[120.87285,16.98966]],[[120.85427,17.08366],[120.85152,17.08361],[120.85093,17.08463],[120.84855,17.08612],[120.84829,17.08805],[120.84748,17.08854],[120.84473,17.08836],[120.84399,17.08684],[120.84247,17.08659],[120.84193,17.08661],[120.84056,17.08812],[120.83722,17.08844],[120.83683,17.09011],[120.83438,17.09108],[120.83297,17.09216],[120.83129,17.09459],[120.82922,17.09617],[120.82736,17.09598],[120.82639,17.09683],[120.82569,17.09673],[120.82473,17.09592],[120.82385,17.09612],[120.82354,17.09706],[120.82403,17.09935],[120.82307,17.09983],[120.82261,17.10065]],[[121.08328,18.06133],[121.08312,18.06191],[121.08388,18.06226],[121.08327,18.06287],[121.08347,18.06334],[121.08548,18.063],[121.08634,18.06375],[121.08632,18.06484],[121.08848,18.06521],[121.08942,18.06718],[121.08912,18.069],[121.09048,18.06961],[121.09117,18.07053],[121.09009,18.07159],[121.08997,18.07225],[121.09163,18.07297]],[[121.09163,18.07297],[121.09324,18.07285],[121.09378,18.07381],[121.09476,18.07431],[121.09591,18.07336],[121.09723,18.07354],[121.09755,18.07447],[121.09817,18.07452],[121.0994,18.07641],[121.09963,18.07746]],[[121.06692,18.05977],[121.06857,18.05981],[121.07048,18.05911],[121.07078,18.06052],[121.07186,18.06089],[121.07258,18.06164],[121.07239,18.0626],[121.07561,18.0617],[121.07585,18.06148],[121.07548,18.06074],[121.07658,18.06003],[121.07881,18.06038],[121.07943,18.05985],[121.08106,18.05999],[121.08209,18.06062],[121.08312,18.06056],[121.08328,18.06133]],[[120.97726,18.12799],[120.97671,18.1256],[120.97726,18.12482],[120.97827,18.12441],[120.98033,18.12474],[120.98151,18.12343],[120.98414,18.12281],[120.98591,18.12174],[120.98718,18.12168],[120.98902,18.11968],[120.99014,18.11928],[120.99218,18.11635],[120.99231,18.11487],[120.99351,18.11332],[120.99377,18.11193],[120.9962,18.11065],[120.99574,18.10906],[120.99606,18.10865],[120.99747,18.1084],[120.999,18.10891],[121.00076,18.10867],[121.0019,18.10969],[121.00347,18.10879],[121.0058,18.10906]],[[120.96628,18.06706],[120.96884,18.06768],[120.96869,18.06899],[120.96802,18.07024],[120.96825,18.07081],[120.96984,18.07058],[120.97001,18.06927],[120.97048,18.06924],[120.97303,18.07022],[120.97489,18.06996],[120.97642,18.07075],[120.97711,18.07056]],[[120.94241,18.03719],[120.94327,18.03881],[120.94461,18.03921],[120.94562,18.04028],[120.94778,18.04122],[120.94934,18.04408],[120.95225,18.04577],[120.95572,18.04913],[120.95608,18.04985],[120.95569,18.05057],[120.95604,18.05282],[120.958,18.05316],[120.9583,18.05361],[120.95746,18.05476],[120.95742,18.05588],[120.95855,18.05631],[120.95845,18.05757],[120.95943,18.05763],[120.95976,18.05849],[120.96169,18.05924],[120.9616,18.05998],[120.96089,18.06061],[120.96113,18.06263],[120.96141,18.063],[120.96366,18.06328],[120.96338,18.0651],[120.96508,18.06508],[120.96624,18.06587],[120.96628,18.06706]],[[121.01636,17.40654],[121.01736,17.40676],[121.0173,17.4087],[121.0194,17.41123],[121.02152,17.41097],[121.02186,17.41146],[121.02266,17.4101],[121.02371,17.40966],[121.02716,17.41032],[121.02799,17.41123],[121.02877,17.41401],[121.02943,17.41484],[121.02954,17.41687],[121.03032,17.41833],[121.03114,17.42154],[121.03094,17.42414],[121.03131,17.42643],[121.03088,17.42728],[121.02962,17.42807],[121.02829,17.42766],[121.02833,17.42991],[121.0275,17.43165],[121.02627,17.43205],[121.02657,17.43305],[121.02621,17.43436],[121.02837,17.43555],[121.02863,17.43661],[121.02852,17.43791],[121.02754,17.43819],[121.02792,17.43912],[121.02729,17.44073],[121.02879,17.44192],[121.02836,17.44343],[121.02694,17.44447],[121.0279,17.44595],[121.02926,17.44611],[121.02979,17.44654],[121.02979,17.44701],[121.02838,17.44867],[121.02949,17.44994],[121.02949,17.45122],[121.03105,17.45251],[121.03044,17.45309],[121.02943,17.45229],[121.0284,17.45266],[121.02844,17.45429],[121.0274,17.45481],[121.02729,17.45724],[121.02528,17.4585],[121.02544,17.45952],[121.02426,17.46143]],[[121.22385,16.97763],[121.22552,16.97559],[121.22735,16.9742],[121.22808,16.97303],[121.23049,16.97175],[121.23172,16.96849],[121.23312,16.96704],[121.23544,16.96582],[121.23636,16.96644],[121.2372,16.9657],[121.23886,16.96572],[121.24048,16.96492],[121.24168,16.9625],[121.2455,16.9594],[121.2457,16.95886],[121.24715,16.9598],[121.24994,16.95997],[121.25203,16.95944],[121.25268,16.95794],[121.25274,16.95669],[121.25622,16.95581],[121.25709,16.95494],[121.2565,16.95283],[121.25909,16.95254],[121.26108,16.95337],[121.26127,16.95252],[121.25986,16.95178],[121.25878,16.9503],[121.25936,16.94993],[121.26029,16.95024],[121.26129,16.94976],[121.26246,16.95002],[121.26354,16.95098],[121.26307,16.95218],[121.26393,16.95243],[121.26519,16.95119],[121.26447,16.94992],[121.26416,16.94806],[121.26715,16.94842],[121.26797,16.94931],[121.26838,16.9493],[121.26792,16.94791],[121.2695,16.94753],[121.26964,16.94592],[121.27022,16.94538],[121.27169,16.94576],[121.2723,16.94547],[121.27303,16.94486],[121.27429,16.94244],[121.27561,16.94149]],[[120.77371,16.86164],[120.77236,16.86301],[120.77119,16.86293],[120.76916,16.8651],[120.7693,16.86606],[120.77012,16.86712],[120.76803,16.86916],[120.76789,16.87026],[120.76725,16.87115],[120.76712,16.8726],[120.76866,16.87442],[120.76802,16.87803],[120.76729,16.87835],[120.76821,16.88119],[120.76714,16.88298],[120.76774,16.88454],[120.76909,16.8864],[120.76832,16.88907],[120.76918,16.89394],[120.76727,16.89862]],[[120.79123,17.63225],[120.7908,17.63136],[120.79092,17.62924],[120.78934,17.62755],[120.78852,17.6253],[120.78867,17.62463],[120.78958,17.62463],[120.78932,17.62338],[120.79049,17.62329],[120.79092,17.6228],[120.78791,17.62085],[120.78742,17.62007],[120.78736,17.61801],[120.78647,17.61455],[120.78692,17.61389],[120.78625,17.61344],[120.78375,17.61416],[120.78336,17.6134],[120.78232,17.6139],[120.78139,17.61379]],[[120.78139,17.61379],[120.78048,17.61411],[120.77909,17.61551],[120.77796,17.61806],[120.77684,17.61685],[120.77605,17.6169],[120.77528,17.61786],[120.77512,17.61916],[120.77431,17.61968],[120.77308,17.61976],[120.77164,17.62254],[120.77074,17.62325],[120.76949,17.62306],[120.76924,17.62452],[120.76818,17.62446],[120.76655,17.62361],[120.7661,17.62387],[120.76616,17.62459],[120.76563,17.62557],[120.76435,17.62502],[120.7648,17.62623],[120.76467,17.62739],[120.76356,17.62782],[120.764,17.62913],[120.76361,17.62949],[120.76279,17.6299],[120.7583,17.6283],[120.7568,17.62855],[120.7553,17.62767],[120.75249,17.62747],[120.75154,17.62809],[120.74965,17.63101],[120.74778,17.63073],[120.74751,17.62967],[120.74832,17.62811],[120.74776,17.62665],[120.74925,17.62648],[120.7499,17.62573],[120.74953,17.62157],[120.74877,17.62206],[120.74645,17.62163],[120.74514,17.62184],[120.74442,17.62047],[120.74448,17.61909],[120.74293,17.61885],[120.74085,17.61744],[120.74038,17.61803],[120.73949,17.61808],[120.73965,17.61871],[120.73886,17.61911],[120.73703,17.61763],[120.73669,17.61498],[120.73426,17.61594],[120.73416,17.61646],[120.73533,17.61657],[120.73545,17.61707],[120.7331,17.61783],[120.73282,17.61666],[120.73078,17.61504],[120.72893,17.61701]],[[120.6455,17.57917],[120.64553,17.57912]],[[120.4912,17.49232],[120.49044,17.49106],[120.4897,17.49105],[120.48898,17.49159],[120.48733,17.49105],[120.48729,17.49023],[120.48868,17.48951],[120.48901,17.48883],[120.48864,17.48729],[120.48761,17.48759],[120.48639,17.48609],[120.48658,17.48395]],[[120.64504,17.33021],[120.64565,17.33096],[120.6462,17.33084],[120.64685,17.32988],[120.6492,17.33083]],[[120.5362,17.35805],[120.53606,17.35806]],[[120.61144,17.30556],[120.61159,17.30476],[120.61245,17.3039],[120.6128,17.30207],[120.61224,17.30058],[120.61128,17.29999]],[[120.64509,17.29423],[120.64509,17.2939],[120.6471,17.29349],[120.64865,17.29446],[120.64929,17.29447]],[[120.62857,17.28728],[120.62944,17.287]],[[120.64479,17.27409],[120.64597,17.275],[120.64712,17.27492]],[[120.62944,17.287],[120.62994,17.28568],[120.63101,17.28607],[120.63218,17.28559],[120.63345,17.28407],[120.63568,17.28451],[120.63639,17.28426],[120.637,17.28327],[120.63778,17.28343],[120.63833,17.28424],[120.63874,17.28336],[120.64015,17.28331],[120.64054,17.28099],[120.64099,17.28111],[120.6413,17.2818],[120.64234,17.2818],[120.64248,17.28019],[120.64433,17.27962],[120.64465,17.27838],[120.64514,17.27819],[120.64497,17.27744],[120.6462,17.27686],[120.64632,17.27577],[120.64712,17.27492]],[[120.69333,16.89831],[120.69382,16.89756],[120.69524,16.89753],[120.69644,16.89616],[120.69918,16.89653],[120.6986,16.89501],[120.69943,16.895],[120.69992,16.89407],[120.70122,16.89454],[120.70157,16.89382],[120.70245,16.89328],[120.70351,16.89328],[120.70436,16.89203],[120.70512,16.89216],[120.70537,16.89127],[120.70589,16.89195],[120.70583,16.8928],[120.70677,16.89319],[120.70746,16.89507],[120.70935,16.89623],[120.71251,16.89667],[120.71351,16.89644],[120.71525,16.89727],[120.71661,16.89642],[120.7184,16.89749],[120.71959,16.8975],[120.71967,16.89598],[120.72054,16.89496],[120.72163,16.89472],[120.72259,16.89576],[120.72414,16.89583],[120.72579,16.89525],[120.72622,16.89677],[120.72676,16.89715],[120.72919,16.89761],[120.7307,16.89834],[120.73114,16.89736],[120.73195,16.89686]],[[120.7676,16.70921],[120.76799,16.71252],[120.77032,16.71331],[120.77104,16.71409],[120.7738,16.71469],[120.77577,16.71331],[120.77799,16.71341],[120.77931,16.71164],[120.781,16.71043],[120.78226,16.71034],[120.7835,16.70911],[120.78384,16.70751],[120.78495,16.70775],[120.78527,16.70741],[120.78691,16.7073],[120.78765,16.70825],[120.78866,16.70813],[120.78892,16.70884],[120.79158,16.70874],[120.79203,16.70853],[120.79228,16.7077],[120.7946,16.70753],[120.797,16.70561],[120.79871,16.70554],[120.79944,16.7063],[120.80035,16.70577],[120.8018,16.70621],[120.80391,16.70564],[120.80447,16.70616],[120.80674,16.70595],[120.8074,16.70515],[120.8098,16.7046],[120.81083,16.70392],[120.81198,16.7012],[120.81287,16.70006],[120.81137,16.6992],[120.81058,16.69778],[120.81061,16.69729],[120.81181,16.69708],[120.81143,16.69586],[120.81231,16.69468],[120.81213,16.69279],[120.81128,16.69198],[120.81064,16.69197],[120.81042,16.69119],[120.81216,16.6903],[120.81295,16.68942],[120.81205,16.68872],[120.8129,16.68836],[120.81318,16.68644],[120.81213,16.68536],[120.81268,16.68504],[120.81264,16.68357],[120.81355,16.68242],[120.81335,16.6815],[120.81385,16.68079],[120.81329,16.68001],[120.81372,16.67855],[120.81318,16.67787],[120.81376,16.67647],[120.81291,16.675],[120.81333,16.67405],[120.81321,16.67314],[120.81486,16.67099],[120.81569,16.67071],[120.81513,16.67007],[120.81294,16.6695],[120.81228,16.66873],[120.81315,16.66763],[120.81515,16.66671],[120.81432,16.66328],[120.81485,16.66224],[120.81611,16.66134],[120.81609,16.66031]],[[120.65998,16.70643],[120.65982,16.70751],[120.65909,16.70788],[120.65825,16.71002],[120.65732,16.71111],[120.6572,16.7122],[120.65657,16.71225],[120.65522,16.71122],[120.65489,16.71194],[120.65424,16.71212]],[[120.68262,16.69548],[120.68209,16.69697],[120.68071,16.69759],[120.67814,16.69998],[120.67814,16.70166],[120.6765,16.70132],[120.67622,16.70214],[120.67717,16.70302],[120.67605,16.70341],[120.67609,16.70427],[120.67548,16.70507],[120.6743,16.70501],[120.67246,16.70564],[120.67053,16.70438],[120.67012,16.70527],[120.66918,16.70555],[120.66737,16.7037],[120.66611,16.70395],[120.66498,16.7049],[120.66342,16.70448],[120.66177,16.70472],[120.65998,16.70643]],[[120.70888,16.69384],[120.70772,16.69438],[120.7054,16.69431],[120.70384,16.69197]],[[120.70384,16.69197],[120.70094,16.68996],[120.69976,16.68957],[120.69774,16.68971],[120.69652,16.69047],[120.69579,16.69183],[120.69268,16.69175],[120.69045,16.69214],[120.68761,16.6952],[120.6859,16.69532],[120.68455,16.69594],[120.68375,16.69545],[120.68262,16.69548]],[[120.70852,16.68911],[120.70717,16.69107],[120.70384,16.69197]],[[120.72067,16.68905],[120.71869,16.6902],[120.71727,16.69214],[120.71452,16.69415],[120.71328,16.69411],[120.71225,16.69349],[120.71102,16.69415],[120.71042,16.6937],[120.70888,16.69384]],[[120.75925,16.60596],[120.7585,16.60603],[120.75711,16.60536],[120.75682,16.602],[120.75508,16.60055],[120.75304,16.60052],[120.75256,16.60125],[120.74963,16.60021],[120.7493,16.60059],[120.74776,16.60031],[120.74708,16.60067],[120.74622,16.60018],[120.74427,16.60133],[120.74312,16.59988],[120.74181,16.59993],[120.73971,16.60082],[120.73801,16.6008]],[[120.74617,16.59117],[120.74437,16.59181],[120.74453,16.59284],[120.74358,16.59406],[120.74273,16.59443],[120.74176,16.5963],[120.73972,16.59654],[120.74059,16.59824],[120.73973,16.59806],[120.73801,16.6008]],[[120.73801,16.6008],[120.73605,16.60078],[120.73525,16.60134],[120.73589,16.60201],[120.73534,16.60305],[120.73361,16.60416],[120.73216,16.60613],[120.7324,16.60791],[120.73033,16.60933],[120.72917,16.60882],[120.72717,16.60912],[120.72571,16.60726],[120.72487,16.60775],[120.72354,16.60695],[120.72271,16.60753],[120.72192,16.60696],[120.71976,16.6072],[120.71792,16.60679],[120.71701,16.60785],[120.71697,16.60877],[120.7153,16.61036],[120.71381,16.60975],[120.71338,16.61033],[120.71236,16.61009],[120.71114,16.61086],[120.71051,16.60964],[120.70961,16.60931],[120.70927,16.60858],[120.70732,16.60873],[120.70583,16.60757]],[[120.69917,16.55334],[120.69856,16.55317],[120.69581,16.55031],[120.69208,16.54768],[120.69228,16.54634],[120.69116,16.54624],[120.68994,16.54519],[120.68866,16.54482],[120.68757,16.54367],[120.68617,16.54365],[120.68536,16.54495],[120.68637,16.54594],[120.6833,16.54798],[120.68408,16.5492],[120.68305,16.54961],[120.68249,16.55054],[120.68175,16.54975],[120.68115,16.55002],[120.68063,16.55096],[120.67937,16.55106],[120.6781,16.54998],[120.67686,16.55049],[120.67499,16.54979],[120.67426,16.55039],[120.67441,16.55201],[120.67314,16.55242],[120.67338,16.55296],[120.6728,16.55485],[120.67211,16.55493],[120.67169,16.55407],[120.66963,16.553],[120.6692,16.55368],[120.66977,16.55515],[120.66849,16.55678],[120.66735,16.55588],[120.66639,16.55721],[120.66445,16.55658],[120.66413,16.55697],[120.6643,16.55756],[120.66355,16.5581],[120.66295,16.55799]],[[120.62811,16.53843],[120.62723,16.53861],[120.62762,16.53918],[120.62721,16.53928],[120.62746,16.54134],[120.62867,16.54207],[120.6277,16.54243],[120.62806,16.54441],[120.62794,16.54535],[120.62756,16.54546],[120.62832,16.54625],[120.62876,16.546],[120.62909,16.5463],[120.62937,16.54539],[120.6297,16.54647],[120.63023,16.54675],[120.63028,16.54895],[120.63138,16.54972],[120.63062,16.55088],[120.63075,16.55125],[120.62996,16.55176],[120.63119,16.55231],[120.63081,16.55375],[120.63247,16.55569],[120.63215,16.55607],[120.63134,16.55566],[120.63239,16.55725],[120.63182,16.55766],[120.63094,16.55718],[120.63081,16.55842],[120.63229,16.55945],[120.63347,16.559],[120.63456,16.55998],[120.63595,16.56001],[120.63688,16.56059],[120.63713,16.56162],[120.63628,16.56182],[120.63582,16.56303],[120.6374,16.56374],[120.63779,16.56498],[120.63943,16.56481],[120.63961,16.56591],[120.64043,16.56539],[120.64093,16.56387],[120.6424,16.5648],[120.64339,16.56389],[120.64405,16.56404],[120.64467,16.56276],[120.6457,16.56378],[120.64933,16.56353],[120.65069,16.56482],[120.65157,16.56684],[120.65406,16.56703],[120.65427,16.5694]],[[120.68267,16.51247],[120.6813,16.51597],[120.67924,16.51763],[120.67973,16.51877],[120.67902,16.5191],[120.67849,16.52093],[120.6787,16.52134],[120.67681,16.52323],[120.67682,16.52673],[120.67575,16.5281],[120.67634,16.52925],[120.67452,16.52957],[120.67317,16.5307],[120.67037,16.53141],[120.66897,16.53353],[120.66794,16.53399],[120.66756,16.53449],[120.66794,16.5354],[120.66948,16.53535],[120.66998,16.53579],[120.6696,16.53623],[120.66944,16.53793],[120.66831,16.53839],[120.66756,16.54078],[120.66566,16.54062],[120.66478,16.54223],[120.66349,16.5434]],[[120.66349,16.5434],[120.65993,16.55018],[120.6603,16.55088],[120.66134,16.55119],[120.66147,16.55292],[120.66277,16.55369],[120.66316,16.55533]],[[120.60688,16.59681],[120.60802,16.59606],[120.60883,16.59678],[120.60923,16.59617],[120.61016,16.59613],[120.61034,16.59525],[120.61149,16.5948],[120.61164,16.59418],[120.61253,16.59439],[120.61296,16.59381],[120.61388,16.59414],[120.61453,16.59316],[120.61544,16.59355],[120.61561,16.59294],[120.61634,16.59281],[120.6192,16.59467],[120.62001,16.59695],[120.61911,16.59966],[120.61946,16.60102],[120.61916,16.60256],[120.61986,16.60328],[120.6192,16.60483],[120.62089,16.60766],[120.62218,16.60888],[120.62403,16.60951],[120.62495,16.61157],[120.62448,16.6128],[120.62471,16.61439],[120.62317,16.61624],[120.62326,16.61696]],[[120.66849,16.36515],[120.67268,16.36304]],[[120.76002,16.43586],[120.76006,16.4364],[120.75854,16.43765],[120.75772,16.43942],[120.75669,16.43983],[120.75541,16.44113],[120.75519,16.44173],[120.75575,16.443],[120.75455,16.44317],[120.75425,16.44438],[120.74935,16.44405],[120.74888,16.4445],[120.7479,16.44741],[120.74654,16.44726],[120.74508,16.44844],[120.74315,16.44767],[120.74175,16.44843]],[[120.76307,16.42713],[120.76277,16.42777],[120.76392,16.43127]],[[120.76579,16.42561],[120.76583,16.4267],[120.76545,16.42716],[120.76395,16.42697],[120.76307,16.42713]],[[120.77229,16.41063],[120.77143,16.41141],[120.77143,16.41192],[120.77253,16.41308],[120.77204,16.41404],[120.77064,16.41497],[120.76892,16.41448],[120.76731,16.41497],[120.76605,16.41565],[120.76538,16.41651],[120.76502,16.41886],[120.76673,16.4215],[120.76579,16.42561]],[[120.77667,16.4068],[120.77662,16.40679]],[[120.77662,16.40679],[120.77491,16.40616],[120.77349,16.40694],[120.77287,16.40789],[120.77326,16.41022],[120.77229,16.41063]],[[120.79199,16.37808],[120.78961,16.38],[120.79064,16.38096],[120.79015,16.38263],[120.79085,16.38341],[120.78875,16.38691],[120.7886,16.38825],[120.78901,16.38901],[120.78643,16.39054],[120.78691,16.39245],[120.78669,16.39443],[120.78611,16.3957],[120.78553,16.39616],[120.78394,16.39558],[120.78339,16.39574],[120.78306,16.39669],[120.78328,16.3977],[120.78272,16.39819],[120.78349,16.3992],[120.78287,16.39986],[120.78073,16.40038],[120.77931,16.39999],[120.77849,16.40036],[120.77837,16.4011],[120.7798,16.40169],[120.77845,16.40268],[120.7803,16.40301],[120.77976,16.40439],[120.78006,16.40519],[120.77894,16.40552],[120.77721,16.40491],[120.77755,16.40668],[120.77723,16.40694],[120.77667,16.4068]],[[120.83441,16.41431],[120.83401,16.41437],[120.83414,16.41551],[120.83256,16.41464],[120.83207,16.41485],[120.8318,16.4156],[120.83131,16.41528],[120.83079,16.41551],[120.83061,16.41493],[120.82987,16.41518],[120.82964,16.4144],[120.82885,16.41548],[120.82834,16.41498],[120.82714,16.41622],[120.82666,16.41606],[120.82629,16.41643],[120.82563,16.41567],[120.82549,16.41695],[120.82489,16.41673],[120.8247,16.41606],[120.82415,16.41692],[120.82289,16.41627],[120.82182,16.41763],[120.82222,16.4184],[120.82133,16.41883],[120.82158,16.41943],[120.81993,16.41965],[120.81897,16.42044],[120.81862,16.4204],[120.81837,16.41955],[120.81937,16.41803],[120.81886,16.4169],[120.8176,16.41819],[120.81766,16.41898],[120.81651,16.41944],[120.81679,16.41878],[120.8162,16.41816],[120.81636,16.41621],[120.81468,16.41657],[120.81414,16.41634],[120.81198,16.41798],[120.81169,16.41778],[120.81197,16.41728],[120.81057,16.41664],[120.81046,16.41767],[120.80972,16.41772],[120.80948,16.41667],[120.80874,16.41669],[120.80827,16.41594],[120.80767,16.4158],[120.80731,16.41594],[120.80733,16.41645],[120.80662,16.41649],[120.80648,16.41713],[120.80584,16.4173],[120.80572,16.41836],[120.80619,16.41924],[120.80556,16.41941],[120.80502,16.42031],[120.80321,16.42084],[120.8038,16.41926],[120.80256,16.41886],[120.80222,16.41824],[120.80106,16.41923],[120.80028,16.41931],[120.80022,16.41851],[120.79954,16.41795],[120.79974,16.41701],[120.79934,16.41639],[120.79723,16.41738],[120.79625,16.41741],[120.79569,16.41692],[120.79478,16.41745],[120.7947,16.41669],[120.79369,16.41623],[120.79366,16.41551],[120.79272,16.41434],[120.79114,16.41432],[120.78963,16.41368],[120.78829,16.41415],[120.78691,16.41377],[120.78601,16.41233],[120.78443,16.41256],[120.78371,16.411],[120.78328,16.41109],[120.78181,16.41369],[120.78132,16.41366],[120.78091,16.41287],[120.7797,16.41333],[120.77934,16.41229],[120.77815,16.41243],[120.77772,16.41101],[120.77599,16.40936],[120.77598,16.40877],[120.77667,16.40828],[120.77621,16.40752],[120.77662,16.40679]],[[120.82242,16.36543],[120.82114,16.36619],[120.82112,16.36691],[120.82236,16.36782],[120.82144,16.3686],[120.81622,16.36821],[120.81534,16.36922],[120.81369,16.36959],[120.81268,16.37066],[120.81176,16.36979],[120.8111,16.37054],[120.80893,16.37068],[120.80807,16.37129]],[[120.82788,16.3626],[120.82626,16.36381],[120.82478,16.36361],[120.82279,16.36547],[120.82242,16.36543]],[[120.8224,16.36153],[120.82225,16.36193],[120.8228,16.3624],[120.82174,16.36341],[120.82242,16.36543]],[[120.81352,16.34082],[120.81375,16.3418],[120.81336,16.34367],[120.81412,16.34483],[120.81302,16.34626],[120.8152,16.34747],[120.81454,16.34826],[120.81472,16.34901],[120.81621,16.34898],[120.81674,16.34971],[120.81802,16.34964],[120.81889,16.35108],[120.81981,16.35134],[120.81912,16.35343],[120.82042,16.35364],[120.82054,16.35544],[120.82108,16.35545],[120.82227,16.35661],[120.82289,16.35664],[120.82286,16.35753],[120.82209,16.35846],[120.82299,16.35932],[120.82272,16.36031],[120.8231,16.36088],[120.8224,16.36153]],[[120.78759,16.26419],[120.78856,16.26282],[120.78764,16.26153],[120.78834,16.2609],[120.78798,16.26027],[120.78839,16.25869],[120.78812,16.25831],[120.78691,16.25828],[120.78697,16.25696]],[[120.78697,16.25696],[120.78701,16.25591],[120.78593,16.25548],[120.78595,16.25491],[120.78528,16.25441]],[[120.78528,16.25441],[120.78728,16.2538]],[[120.78589,16.24901],[120.78583,16.24883]],[[120.78559,16.24801],[120.78516,16.24777],[120.78543,16.24744]],[[120.78937,16.28846],[120.78942,16.28791],[120.79068,16.28763],[120.79064,16.28663],[120.7912,16.28588],[120.79076,16.28502],[120.79127,16.28415],[120.7898,16.28387],[120.79022,16.28249],[120.78929,16.28269],[120.78913,16.28147],[120.78859,16.28138],[120.78838,16.28088]],[[120.78838,16.28088],[120.7895,16.27928],[120.78983,16.27794],[120.78921,16.27695],[120.78985,16.27647],[120.78917,16.27591],[120.7892,16.27389],[120.78844,16.27285],[120.78846,16.27098],[120.78817,16.26937],[120.78782,16.26914],[120.78854,16.26578],[120.78718,16.26485],[120.78759,16.26419]],[[121.28552,16.6558],[121.28698,16.65704]],[[120.83007,16.53069],[120.82893,16.53037],[120.82703,16.53103],[120.82648,16.53168],[120.8268,16.53223],[120.82624,16.53226],[120.82576,16.53331],[120.82524,16.53312],[120.82567,16.53358],[120.82534,16.5339],[120.82568,16.534],[120.82558,16.53455],[120.82413,16.53473],[120.82352,16.53583],[120.82355,16.53804],[120.82409,16.53874],[120.8217,16.5397],[120.82069,16.53953],[120.81952,16.53989],[120.81854,16.54052],[120.81805,16.54108],[120.81806,16.5427],[120.81504,16.54349],[120.81461,16.54397],[120.81444,16.54543],[120.81278,16.54625],[120.81215,16.54583],[120.81059,16.54574],[120.80962,16.5467],[120.8086,16.54687],[120.80737,16.54824],[120.80656,16.5476],[120.80573,16.54781],[120.80544,16.54822],[120.80586,16.5493],[120.80407,16.5501],[120.80292,16.54944],[120.79988,16.54896],[120.79986,16.54989],[120.80047,16.55119],[120.79787,16.55258]],[[120.80807,16.37129],[120.80601,16.37182],[120.80406,16.37115],[120.80288,16.37204],[120.80112,16.37155],[120.79915,16.37255],[120.7975,16.37266],[120.79648,16.37403],[120.79525,16.37479],[120.79319,16.37421],[120.79229,16.37475],[120.79132,16.37645],[120.79186,16.37706],[120.79199,16.37808]],[[120.70888,16.47813],[120.71107,16.47606],[120.71295,16.4752],[120.71337,16.47529],[120.7138,16.47613],[120.71428,16.47596],[120.71449,16.47553],[120.71368,16.4744],[120.7141,16.47396],[120.71604,16.47495],[120.71701,16.475],[120.71678,16.47371],[120.71512,16.47332],[120.71548,16.47258],[120.71686,16.47216],[120.71733,16.47155],[120.71687,16.4702],[120.71822,16.46947],[120.71984,16.47028],[120.71954,16.46912],[120.72048,16.46819],[120.72166,16.4683],[120.72227,16.46707],[120.72216,16.46605],[120.7225,16.46591],[120.72395,16.4667],[120.72457,16.46654],[120.72506,16.46725],[120.72727,16.46637],[120.72756,16.46654],[120.72748,16.46813],[120.72958,16.46783],[120.72914,16.4658],[120.72944,16.46566],[120.73077,16.46599],[120.7314,16.46663],[120.73442,16.46685],[120.73639,16.47324],[120.73708,16.4739],[120.74476,16.47003]],[[120.78896,16.43642],[120.78861,16.43586],[120.78782,16.43585],[120.7869,16.43522],[120.78546,16.43609],[120.78541,16.43649],[120.78323,16.43679],[120.78256,16.43751],[120.78205,16.437],[120.78218,16.43659],[120.78133,16.43644],[120.78089,16.43562],[120.78153,16.43505],[120.78113,16.43375],[120.77904,16.43333],[120.778,16.43374],[120.77765,16.4325],[120.77704,16.43237],[120.77662,16.43391],[120.77577,16.43388],[120.77588,16.43299],[120.77508,16.43244],[120.7755,16.43148],[120.77609,16.43131],[120.77618,16.43001],[120.77528,16.42949],[120.77516,16.42855],[120.77474,16.42818],[120.77328,16.42862],[120.77211,16.42772],[120.77018,16.42814],[120.76756,16.42949],[120.76689,16.42938],[120.76688,16.42984],[120.76616,16.4298],[120.7662,16.43017],[120.76548,16.43067],[120.76392,16.43127]],[[120.78517,16.6225],[120.78675,16.62261],[120.78853,16.62394],[120.78998,16.62372],[120.79114,16.62299],[120.79142,16.62235],[120.79304,16.62194],[120.79397,16.61975],[120.79553,16.61897],[120.7956,16.61852],[120.79634,16.61837],[120.79685,16.61763],[120.79684,16.61677],[120.79755,16.61598],[120.79787,16.61355],[120.79754,16.61288],[120.79835,16.61162],[120.79838,16.61054],[120.79794,16.60983],[120.79838,16.60755],[120.79807,16.60671],[120.79877,16.6058],[120.79798,16.6038],[120.79828,16.60163],[120.79712,16.59857],[120.79765,16.59789],[120.79941,16.59736],[120.79994,16.59663],[120.79964,16.59545],[120.7987,16.59462],[120.79838,16.59371]],[[120.79838,16.59371],[120.8002,16.59131],[120.80005,16.59052],[120.79878,16.58896],[120.7995,16.58833],[120.79966,16.58734],[120.79898,16.58493],[120.79965,16.58305],[120.79919,16.58174],[120.80045,16.57966],[120.80215,16.57852],[120.80183,16.576],[120.80348,16.57468],[120.80334,16.57381],[120.80184,16.57222],[120.80225,16.57152],[120.80194,16.57033],[120.80214,16.56834]],[[120.76392,16.43127],[120.76461,16.43238],[120.76433,16.43308],[120.76298,16.4324],[120.76002,16.4323],[120.76015,16.43368],[120.75905,16.43469],[120.76002,16.43586]],[[120.76852,16.55926],[120.77102,16.55572],[120.77331,16.55467],[120.77396,16.55495],[120.77439,16.55251],[120.77499,16.55167],[120.77656,16.55038],[120.77856,16.54951],[120.77921,16.54768],[120.78035,16.54655],[120.78114,16.54668],[120.78221,16.54566],[120.78458,16.54565],[120.78548,16.54467],[120.78637,16.54483],[120.78679,16.54358]],[[120.72903,16.50631],[120.72886,16.50591],[120.72728,16.50578],[120.72762,16.50387],[120.72658,16.50322],[120.72638,16.50224],[120.72701,16.50155],[120.72855,16.50121],[120.72941,16.49999],[120.73264,16.4981],[120.73541,16.49844],[120.73605,16.49745],[120.73602,16.49616],[120.73515,16.49435],[120.73569,16.49136],[120.73698,16.48951],[120.73652,16.48529]],[[120.73652,16.48529],[120.73675,16.48278],[120.73816,16.47916],[120.74071,16.47859],[120.74676,16.47619]],[[120.80163,16.92862],[120.79958,16.92963],[120.79929,16.93015],[120.79797,16.93041],[120.79727,16.93161],[120.79584,16.93171],[120.79514,16.93334],[120.79382,16.93302],[120.79201,16.93403],[120.78899,16.93691],[120.78902,16.93867],[120.78743,16.93994],[120.78752,16.94171],[120.78833,16.94183],[120.78858,16.94236],[120.78712,16.94349],[120.78719,16.94452],[120.78824,16.94469],[120.78672,16.94613],[120.78759,16.9474],[120.78627,16.94818],[120.78524,16.94965],[120.78523,16.95086],[120.78423,16.95185],[120.785,16.95247],[120.78496,16.95342],[120.78538,16.95386],[120.78365,16.95481],[120.7821,16.95505],[120.78161,16.95795],[120.78052,16.95839],[120.78042,16.95929],[120.77972,16.96025]],[[120.77955,16.96212],[120.77947,16.96346]],[[120.77946,16.9638],[120.77965,16.96418]],[[120.76727,16.89862],[120.76662,16.90037],[120.7645,16.90164]],[[120.75877,16.88183],[120.7594,16.88334],[120.7588,16.88363],[120.75911,16.88474],[120.7586,16.8857],[120.75908,16.88636],[120.75885,16.88746],[120.75925,16.88912],[120.75815,16.88968],[120.75856,16.89036],[120.75837,16.89097],[120.75893,16.89144],[120.75853,16.8921],[120.7591,16.8924],[120.75833,16.8942],[120.75744,16.89468],[120.75762,16.89548],[120.75681,16.89598],[120.75695,16.89647],[120.75632,16.89781],[120.75463,16.89994],[120.75475,16.90095],[120.75426,16.90134],[120.75394,16.90309],[120.75043,16.90542],[120.75058,16.90907],[120.74896,16.91118],[120.74942,16.91352],[120.74891,16.91476],[120.74927,16.91598],[120.74721,16.91913],[120.74695,16.9208],[120.74612,16.92134],[120.74654,16.92244],[120.74615,16.9231]],[[120.71486,16.2134],[120.71417,16.21213],[120.71273,16.21109],[120.71249,16.20976],[120.71194,16.21028],[120.71127,16.21011],[120.71083,16.20896],[120.71004,16.20838],[120.70953,16.20665],[120.70853,16.20607],[120.70785,16.20445],[120.7065,16.20361],[120.70758,16.20268],[120.70726,16.20203],[120.70752,16.2014],[120.70575,16.19879],[120.7071,16.19847],[120.708,16.19748],[120.70668,16.19644],[120.70652,16.19512],[120.70568,16.19507],[120.70383,16.19354],[120.70373,16.19497],[120.70281,16.19497],[120.70276,16.19582],[120.70122,16.19668],[120.69806,16.1944]],[[120.67984,17.2886],[120.68013,17.28727],[120.68267,17.28607],[120.68397,17.28443]],[[120.64712,17.27492],[120.64789,17.27398],[120.64709,17.27318],[120.64707,17.27265],[120.64777,17.27262],[120.64896,17.27334],[120.6496,17.27114],[120.65009,17.27084],[120.65097,17.27117],[120.65235,17.26993],[120.65309,17.26999],[120.65392,17.27084],[120.65526,17.26997],[120.65584,17.27005],[120.65681,17.27135],[120.65927,17.271],[120.66127,17.27166]],[[120.56876,17.30537],[120.56728,17.30594],[120.56568,17.30548]],[[120.61655,17.32163],[120.61088,17.32836],[120.60728,17.33044],[120.60762,17.33209],[120.60722,17.33467]],[[120.60722,17.33467],[120.60719,17.33501]],[[120.60719,17.33501],[120.60817,17.33619],[120.60771,17.33689],[120.60718,17.33679],[120.60638,17.33817],[120.6053,17.33844]],[[120.6053,17.33844],[120.60538,17.33909]],[[120.60538,17.33909],[120.6053,17.34009],[120.60458,17.34065],[120.60468,17.34273],[120.60344,17.34362],[120.60279,17.34686],[120.60173,17.34747],[120.6007,17.34988],[120.59921,17.35025],[120.59713,17.35218],[120.59616,17.35245],[120.59583,17.35308],[120.59619,17.35483],[120.5936,17.35579],[120.59233,17.35741],[120.59135,17.35767],[120.59018,17.35683],[120.58979,17.35532],[120.58902,17.35522],[120.58818,17.35576],[120.58716,17.35734],[120.58658,17.35998],[120.58477,17.35904],[120.58021,17.35996],[120.5782,17.3593]],[[121.41663,17.73467],[121.41632,17.73425],[121.41624,17.73175],[121.41671,17.73111],[121.41724,17.73128],[121.41775,17.73055],[121.41917,17.73089],[121.41944,17.7315],[121.41995,17.73065],[121.42107,17.73066],[121.42143,17.73124],[121.42097,17.73167],[121.42107,17.73214],[121.42274,17.73205],[121.42303,17.73277],[121.42429,17.73313],[121.42606,17.73252],[121.4278,17.73305],[121.42809,17.73164],[121.42856,17.73219],[121.42922,17.73221]],[[120.74291,17.44834],[120.73648,17.45255],[120.73431,17.45332],[120.73149,17.45334],[120.73045,17.45482],[120.72836,17.45573],[120.72193,17.45412],[120.71885,17.45223],[120.71715,17.45228],[120.71403,17.45385],[120.7073,17.45321],[120.69934,17.45502]],[[121.3271,16.83452],[121.32845,16.83553],[121.3286,16.83623],[121.32804,16.83673],[121.33009,16.83612],[121.3309,16.83669],[121.33073,16.83738],[121.33249,16.83781],[121.33294,16.83719],[121.33247,16.83618],[121.33315,16.83594],[121.33355,16.83695],[121.3344,16.83639],[121.33507,16.83734],[121.33643,16.8374],[121.33727,16.83976],[121.33844,16.84065],[121.3402,16.84087],[121.34053,16.84126],[121.33986,16.84365],[121.34098,16.84439],[121.34176,16.84439],[121.34194,16.84252],[121.34247,16.8423],[121.34388,16.84209],[121.34532,16.8427],[121.34652,16.84432],[121.34565,16.84527],[121.34557,16.84632],[121.3459,16.8466],[121.34706,16.84609],[121.34807,16.84765],[121.34912,16.84758],[121.35154,16.84612],[121.353,16.84657],[121.35385,16.8458],[121.35463,16.84749],[121.3551,16.84713],[121.35556,16.8456],[121.35631,16.84518],[121.35776,16.8472],[121.35848,16.84711],[121.35873,16.84746],[121.35848,16.84842],[121.35719,16.85007],[121.35715,16.85044],[121.35771,16.85069],[121.35906,16.8493],[121.36218,16.84965],[121.36271,16.84777],[121.36329,16.84745],[121.36529,16.84833],[121.36617,16.84882],[121.36637,16.85053],[121.3672,16.8515],[121.36635,16.85294],[121.36738,16.85359],[121.3689,16.85261],[121.37123,16.85267],[121.37285,16.85079],[121.37381,16.85034],[121.37507,16.85022],[121.37549,16.85063],[121.37547,16.85278],[121.37624,16.85296],[121.37756,16.85271],[121.3778,16.85226],[121.3775,16.8517],[121.37877,16.85064],[121.38019,16.85155],[121.38074,16.85145],[121.38216,16.84992],[121.38384,16.84981],[121.38572,16.85115],[121.38662,16.85244],[121.38865,16.8522],[121.38892,16.85291],[121.39175,16.85574],[121.39313,16.85838],[121.39384,16.85836],[121.39457,16.85567],[121.39587,16.85559],[121.39673,16.85652],[121.39673,16.85771],[121.39493,16.85984],[121.39481,16.86143],[121.39573,16.86138],[121.39584,16.86024],[121.39644,16.85953],[121.39796,16.85888],[121.3987,16.8599],[121.39789,16.86124]],[[121.39789,16.86124],[121.398,16.86205],[121.39922,16.86162],[121.40018,16.86176],[121.4021,16.86267],[121.40429,16.86193],[121.40428,16.86254],[121.40334,16.86339],[121.40313,16.86443],[121.40347,16.86479],[121.40508,16.86469],[121.40613,16.86568],[121.40987,16.8645],[121.41112,16.86476],[121.4118,16.86516],[121.41204,16.86628],[121.41329,16.86681],[121.41416,16.86809],[121.41657,16.86985],[121.41753,16.87009],[121.42081,16.86948],[121.42286,16.87057],[121.42426,16.87024],[121.42559,16.86888],[121.42661,16.86841],[121.42761,16.86851],[121.42814,16.86803],[121.4263,16.86542],[121.42678,16.8639],[121.42752,16.86314],[121.4292,16.86309],[121.42874,16.86491],[121.42951,16.86714],[121.43171,16.86853],[121.43432,16.86903],[121.43543,16.86979],[121.43798,16.87049],[121.4384,16.87003],[121.43711,16.86837],[121.43725,16.86714],[121.43744,16.86673],[121.43858,16.86696],[121.43912,16.86662],[121.43915,16.8645],[121.44029,16.86488]],[[121.44029,16.86488],[121.44263,16.8668],[121.44379,16.86828],[121.4444,16.86845],[121.4455,16.86787],[121.44555,16.86441],[121.44714,16.86383],[121.44943,16.86391],[121.45037,16.86592],[121.44857,16.86583],[121.44731,16.86637],[121.4471,16.86672],[121.4477,16.86838],[121.44751,16.86985],[121.44855,16.87005],[121.45017,16.86785],[121.45066,16.86789],[121.45102,16.86977],[121.45145,16.87026],[121.45361,16.87087],[121.45468,16.87165],[121.45446,16.87226],[121.45275,16.87231],[121.45195,16.87289],[121.45181,16.87485],[121.45232,16.8751],[121.45302,16.87462],[121.45476,16.87559],[121.45531,16.87516],[121.45554,16.87405],[121.45624,16.87402],[121.45712,16.8755],[121.45624,16.87701],[121.45658,16.87861],[121.45612,16.8798],[121.45668,16.88104],[121.4565,16.88163],[121.45563,16.882],[121.45502,16.88395],[121.45574,16.88677],[121.45386,16.88761],[121.45408,16.88968],[121.45205,16.8895]],[[120.96233,17.85162],[120.96111,17.85107],[120.9593,17.85113],[120.95596,17.85212],[120.95491,17.85161],[120.95437,17.85197],[120.95328,17.85137],[120.9507,17.85245],[120.94961,17.85153],[120.9487,17.85188],[120.94726,17.85108],[120.94551,17.85195],[120.94419,17.8521],[120.94327,17.85169],[120.943,17.85102],[120.94202,17.85091],[120.94148,17.8502],[120.93629,17.85003],[120.93602,17.84981],[120.93646,17.84898],[120.93492,17.84908],[120.9347,17.84837],[120.93365,17.84829],[120.93289,17.84733],[120.93134,17.84763],[120.9312,17.84878],[120.9287,17.84794],[120.92866,17.84867],[120.92836,17.84864],[120.92732,17.84805]],[[120.92732,17.84805],[120.92634,17.84782],[120.92553,17.84809],[120.92442,17.84761],[120.92424,17.84857],[120.9238,17.84881],[120.92357,17.84763],[120.92273,17.84725],[120.92175,17.84921],[120.9212,17.84947],[120.91886,17.84764],[120.91851,17.84867],[120.9167,17.84911],[120.91599,17.85036],[120.91468,17.85096],[120.91405,17.85229],[120.91276,17.85184],[120.91154,17.85208],[120.91087,17.85299],[120.90923,17.85325],[120.90725,17.85422],[120.9058,17.85374],[120.90499,17.85414],[120.90346,17.85333],[120.90214,17.85343],[120.90156,17.85415],[120.90211,17.85485],[120.90162,17.85742],[120.90249,17.85873],[120.90221,17.85945]],[[121.26712,18.00656],[121.26702,18.00753],[121.26804,18.00709],[121.26918,18.00897],[121.26912,18.00977],[121.2709,18.01142],[121.27137,18.01163],[121.27319,18.01092],[121.27347,18.01174],[121.27211,18.01377],[121.27215,18.01523],[121.27258,18.01536],[121.27322,18.01487],[121.27381,18.01364],[121.27559,18.01464],[121.27672,18.01203],[121.27811,18.01267],[121.27927,18.0117],[121.2823,18.01704],[121.28352,18.01606],[121.28522,18.01677],[121.2858,18.01766],[121.28655,18.01761],[121.28765,18.0168],[121.28973,18.01716],[121.28974,18.01514],[121.29052,18.01465],[121.29175,18.0162],[121.29142,18.01854],[121.29231,18.02003],[121.29195,18.02145],[121.2904,18.02242],[121.28957,18.02372],[121.29018,18.02447],[121.2901,18.02548],[121.29095,18.02691],[121.29148,18.02943],[121.29291,18.03076],[121.29443,18.03093],[121.29445,18.03148],[121.29556,18.03217],[121.29596,18.03306],[121.29755,18.03285],[121.29848,18.03316]],[[121.29848,18.03316],[121.29996,18.03331],[121.30048,18.03388],[121.30166,18.03353],[121.30283,18.03373],[121.30493,18.03523],[121.30794,18.03521],[121.30835,18.03602],[121.31035,18.03695],[121.31093,18.03704],[121.31188,18.03586],[121.31262,18.0358],[121.31456,18.03709],[121.3172,18.03787]],[[121.34199,17.68589],[121.34339,17.68501],[121.34345,17.68402],[121.34453,17.68233],[121.34532,17.68179],[121.34559,17.68058],[121.34638,17.6799],[121.34738,17.67957],[121.34796,17.68001],[121.34912,17.67996],[121.35031,17.67931],[121.35118,17.67818],[121.35384,17.67733],[121.35245,17.6768],[121.35243,17.67548],[121.35121,17.67486],[121.35093,17.67372]],[[121.35093,17.67372],[121.35094,17.67339],[121.35183,17.67328],[121.35255,17.6739],[121.35328,17.67371],[121.35397,17.67281],[121.3547,17.67261],[121.35459,17.67195],[121.35526,17.67192],[121.35533,17.67093],[121.35636,17.67071],[121.35635,17.66987],[121.35847,17.66969],[121.35904,17.66903],[121.36013,17.66874],[121.35981,17.66844],[121.36021,17.66791],[121.36122,17.66885],[121.36171,17.66857],[121.36157,17.66751],[121.36288,17.66815],[121.36383,17.66806]],[[121.36383,17.66806],[121.36319,17.66695],[121.36546,17.66516]],[[121.36546,17.66516],[121.36644,17.66511],[121.36653,17.66366],[121.36916,17.66236],[121.37164,17.66044],[121.37268,17.65995],[121.37806,17.65903],[121.37876,17.65857],[121.37816,17.65636],[121.37743,17.65535],[121.3774,17.654],[121.37793,17.65297],[121.37773,17.65183],[121.37654,17.65208],[121.37592,17.6516],[121.37654,17.64972],[121.37697,17.64914],[121.37778,17.64894],[121.37883,17.64922],[121.38053,17.65052],[121.38187,17.64985],[121.3829,17.6474],[121.3821,17.64307],[121.38267,17.64183],[121.38531,17.64199],[121.38569,17.64167],[121.38576,17.64018],[121.38648,17.63941],[121.3888,17.63978],[121.3904,17.63853],[121.39027,17.63742],[121.38806,17.63703],[121.38629,17.63718],[121.38578,17.63672],[121.3862,17.63389],[121.3875,17.63163],[121.39137,17.63204],[121.3918,17.63238],[121.39242,17.63194],[121.39256,17.63109],[121.39159,17.62978],[121.39083,17.62954],[121.39007,17.62983],[121.38966,17.62928],[121.39082,17.62738],[121.39394,17.62622],[121.39467,17.62334]],[[121.36263,17.67804],[121.36309,17.6765],[121.36475,17.67621],[121.36474,17.67539],[121.36266,17.67431],[121.36141,17.67512],[121.36158,17.67294],[121.36485,17.67114],[121.36603,17.67107],[121.36519,17.66851],[121.36431,17.66889],[121.36383,17.66806]],[[121.37136,18.34568],[121.37283,18.34676],[121.37338,18.34642],[121.37368,18.34696],[121.3727,18.34744],[121.37295,18.34798],[121.37185,18.34936],[121.36967,18.35108],[121.37006,18.35228],[121.37076,18.35198],[121.37115,18.35228],[121.37104,18.3532],[121.36973,18.35402],[121.3704,18.35413],[121.36995,18.35466],[121.37084,18.35464],[121.37215,18.35389],[121.37212,18.3545],[121.37246,18.35446],[121.37268,18.35371],[121.3736,18.35433],[121.37363,18.35356],[121.3748,18.35296],[121.37444,18.35182],[121.37512,18.35176],[121.37567,18.35215],[121.37516,18.35266],[121.37585,18.35319],[121.37511,18.35493],[121.3756,18.35464],[121.37631,18.35502],[121.37633,18.35448],[121.37746,18.35407],[121.37769,18.35474],[121.37654,18.35509],[121.37634,18.35575],[121.37702,18.35571],[121.37733,18.35508],[121.37746,18.35559]],[[121.34664,16.79997],[121.34563,16.79973],[121.34555,16.79859],[121.3451,16.79809],[121.34577,16.79669],[121.34526,16.79532],[121.34391,16.79406]],[[121.34171,16.81145],[121.34171,16.80989],[121.34132,16.80935],[121.3417,16.80844],[121.34098,16.80747],[121.33802,16.80558],[121.33809,16.80492],[121.33737,16.80427],[121.33807,16.80393],[121.33728,16.80209],[121.33933,16.80082],[121.33948,16.80013],[121.33874,16.79953],[121.33957,16.79915],[121.34077,16.79731],[121.34039,16.79682],[121.33946,16.79674],[121.33934,16.79627],[121.34096,16.7965],[121.34097,16.79561],[121.34126,16.79557],[121.3423,16.79635],[121.34391,16.79406]],[[121.34391,16.79406],[121.34391,16.79294],[121.3425,16.7902],[121.34229,16.78852]],[[120.9856,16.73518],[120.98584,16.73583]],[[120.98584,16.73583],[120.98832,16.73732]],[[121.28983,17.33556],[121.29081,17.33632],[121.29119,17.3359],[121.29174,17.33615],[121.29313,17.33552],[121.29459,17.33584],[121.29491,17.33508],[121.29595,17.33533],[121.29691,17.33477],[121.29873,17.33475],[121.30034,17.3333],[121.30209,17.33341],[121.30438,17.33146],[121.30589,17.33203],[121.3082,17.33059],[121.30946,17.33105],[121.31091,17.32952],[121.31255,17.32947],[121.3148,17.32835],[121.31518,17.32762],[121.31703,17.32738],[121.3184,17.32587],[121.31849,17.32508],[121.31927,17.32463],[121.31937,17.32402],[121.31868,17.32317],[121.31993,17.3224],[121.31994,17.32075],[121.32097,17.32027],[121.32046,17.3194],[121.31948,17.31908],[121.31919,17.31756],[121.31796,17.31716],[121.31804,17.31593],[121.31953,17.3157],[121.32038,17.31438],[121.32185,17.31557],[121.32192,17.31487],[121.32274,17.31415],[121.32251,17.3137],[121.32184,17.31398],[121.32145,17.31358],[121.3215,17.31299],[121.32196,17.31273],[121.32358,17.31337],[121.32354,17.31388],[121.32455,17.31431],[121.32448,17.31183],[121.32549,17.31149],[121.32383,17.30993],[121.32451,17.30955],[121.32441,17.30882],[121.323,17.30808],[121.32317,17.30767],[121.32469,17.30782],[121.32459,17.30682]],[[120.99899,17.74343],[120.99937,17.74408],[120.99911,17.74474],[120.99936,17.74561],[120.99825,17.74656],[120.9989,17.74694],[121.00012,17.74979],[120.99951,17.75186],[121.00042,17.75276],[121.0005,17.7542],[120.99903,17.75512],[120.99831,17.75734],[120.99682,17.75733],[120.99687,17.75935],[120.99585,17.75974],[120.99527,17.76133],[120.99633,17.7617],[120.99733,17.76274],[120.99759,17.76428],[120.99889,17.76469]],[[120.99889,17.76469],[120.9988,17.76577],[120.99705,17.76665],[120.9972,17.76952],[120.99687,17.77031],[120.99799,17.77178],[120.99781,17.77213],[120.99644,17.77181],[120.99694,17.77314],[120.99637,17.77412],[120.99705,17.77458],[120.99636,17.77553],[120.99667,17.77678],[120.99623,17.77801],[120.99679,17.779],[120.99621,17.77954],[120.99576,17.78288]],[[121.00346,17.76031],[121.0019,17.75971],[121.00009,17.76147],[120.99944,17.76108],[120.99954,17.76156],[120.99995,17.76162],[120.99987,17.76303],[120.99869,17.76357],[120.99889,17.76469]],[[120.83848,17.29743],[120.83444,17.29763],[120.83397,17.29726],[120.83354,17.29615],[120.83367,17.29468],[120.83251,17.29382],[120.83247,17.29239],[120.83311,17.29116],[120.83272,17.28939],[120.83311,17.28812],[120.83281,17.28648],[120.83161,17.28505],[120.82839,17.28435],[120.828,17.2837],[120.82521,17.28345],[120.82436,17.2814],[120.82281,17.28087],[120.82234,17.28026],[120.82204,17.2794],[120.82242,17.27784],[120.82161,17.27677],[120.82097,17.27685],[120.81822,17.27972],[120.81642,17.2803],[120.8156,17.28042],[120.81487,17.27985],[120.81414,17.27989],[120.81243,17.28128],[120.80698,17.28071],[120.8047,17.2812],[120.80427,17.28198],[120.80442,17.28429],[120.80352,17.2855],[120.80349,17.28715],[120.80154,17.2862],[120.80064,17.2879],[120.80074,17.28857],[120.79967,17.28887]],[[120.81247,17.29308],[120.80648,17.29177],[120.80549,17.29124],[120.80416,17.2915],[120.80312,17.29115],[120.80163,17.28977],[120.79985,17.28956],[120.79967,17.28887]],[[120.79967,17.28887],[120.79914,17.2884],[120.79841,17.28908],[120.79754,17.28904],[120.79731,17.28833],[120.79484,17.28769],[120.79154,17.28798],[120.79037,17.28714],[120.79022,17.28653],[120.79105,17.28583],[120.79084,17.2847],[120.7922,17.28377],[120.79197,17.28244],[120.79135,17.28181],[120.78955,17.28212],[120.78714,17.28186]],[[120.91511,16.61615],[120.91579,16.61775],[120.91667,16.61818],[120.91645,16.61927],[120.91792,16.61951],[120.91841,16.62076],[120.91931,16.62127],[120.91932,16.62379],[120.92241,16.62575],[120.92319,16.62664],[120.92417,16.629],[120.92605,16.63084],[120.92765,16.63151],[120.9279,16.63262],[120.93045,16.63229],[120.93043,16.63361],[120.93125,16.63361],[120.93292,16.63466],[120.93343,16.63528],[120.93363,16.63668],[120.93488,16.63763],[120.93475,16.63905],[120.9356,16.63869],[120.93671,16.63952],[120.93625,16.64151],[120.93776,16.64282],[120.93872,16.64244],[120.93913,16.64361]],[[121.43125,17.34679],[121.43192,17.34544],[121.43045,17.34483],[121.43035,17.34414],[121.43062,17.3443],[121.43091,17.34376],[121.43053,17.34369],[121.43034,17.34302],[121.42874,17.34273],[121.42953,17.34159],[121.42858,17.34176],[121.42818,17.34091],[121.42878,17.34057],[121.42803,17.34015],[121.4282,17.33988],[121.43016,17.33993],[121.42961,17.33919],[121.43063,17.33905],[121.43095,17.33827],[121.43179,17.33766],[121.43137,17.33694],[121.43247,17.33623],[121.43341,17.33637],[121.43326,17.3358],[121.43396,17.33522],[121.43428,17.33514],[121.43462,17.33598],[121.43565,17.33574],[121.43523,17.33507],[121.43543,17.33457],[121.43625,17.33427],[121.43637,17.33317],[121.43556,17.3332],[121.43631,17.3324],[121.43506,17.33262],[121.43534,17.33237],[121.43513,17.33182],[121.43425,17.33173],[121.43506,17.33166],[121.43525,17.33098],[121.43426,17.3309],[121.43394,17.33041],[121.43494,17.33012],[121.43529,17.32923],[121.43585,17.32934],[121.43601,17.32904],[121.4347,17.32848],[121.43396,17.32755],[121.43449,17.32723],[121.4349,17.32757],[121.43555,17.3274],[121.43545,17.32677],[121.436,17.32628],[121.43554,17.32545],[121.43613,17.32515],[121.43648,17.32523],[121.43638,17.32627],[121.43728,17.32725],[121.43818,17.32658],[121.4376,17.326],[121.43887,17.32513],[121.43921,17.3266],[121.44069,17.32621],[121.4415,17.32645],[121.44118,17.32464],[121.44177,17.32474],[121.44244,17.32411],[121.44325,17.32434],[121.44449,17.32216],[121.44588,17.32218],[121.4476,17.32157]],[[121.22457,17.78485],[121.22605,17.78525],[121.22758,17.78643],[121.22815,17.78891],[121.22955,17.78971],[121.23153,17.79325],[121.23232,17.79351],[121.23267,17.79512],[121.23386,17.79746],[121.23523,17.79818],[121.2352,17.79911],[121.23462,17.79991],[121.23671,17.8001],[121.23733,17.80133],[121.23909,17.80204],[121.23825,17.80219],[121.23763,17.80293],[121.24335,17.80337],[121.24388,17.80403],[121.24363,17.80455],[121.24443,17.8061],[121.24509,17.80657],[121.24501,17.80751],[121.2461,17.80886],[121.24873,17.81133],[121.25047,17.81176],[121.25073,17.81279],[121.25018,17.81447],[121.25052,17.81682],[121.24913,17.81934],[121.25169,17.82185],[121.25189,17.82488],[121.25296,17.82495],[121.25483,17.82724],[121.25629,17.82703],[121.25762,17.8278],[121.25948,17.82809],[121.26069,17.82873],[121.2613,17.82962]],[[121.13983,17.68886],[121.14094,17.6913],[121.14218,17.692],[121.14203,17.69254],[121.14264,17.69314],[121.13983,17.69571],[121.1408,17.69643],[121.14065,17.69777],[121.13934,17.69796],[121.1395,17.69947],[121.1391,17.7004],[121.13968,17.70089],[121.14058,17.70083],[121.14113,17.70155],[121.14044,17.70199],[121.14013,17.7028],[121.13881,17.70245],[121.13867,17.7034],[121.13956,17.70364],[121.13961,17.70448],[121.13782,17.705],[121.1383,17.70569],[121.14108,17.70615],[121.14131,17.70747],[121.14014,17.70768],[121.14042,17.70838],[121.14101,17.70844],[121.14147,17.70921],[121.1433,17.70943],[121.14285,17.71038],[121.14327,17.71154],[121.14466,17.71178],[121.14504,17.71293],[121.14597,17.71324],[121.14562,17.71422],[121.14413,17.71488],[121.14394,17.71512],[121.14466,17.71652],[121.14558,17.71627],[121.14557,17.71696],[121.14783,17.71838],[121.14774,17.71925],[121.14863,17.72082],[121.14865,17.72166],[121.15024,17.72157],[121.15115,17.722],[121.15166,17.72055],[121.15281,17.72047],[121.15302,17.72068],[121.15262,17.72127],[121.1535,17.72219],[121.15353,17.7229],[121.15442,17.72302],[121.15535,17.72454],[121.15633,17.72409],[121.15649,17.72492],[121.15691,17.72504]],[[120.82581,17.49166],[120.8239,17.49151],[120.823,17.49253],[120.82219,17.49166],[120.82051,17.49146],[120.82004,17.49291],[120.81913,17.49319],[120.81846,17.49257],[120.8186,17.49155],[120.81816,17.49085],[120.81559,17.49007],[120.81173,17.49013],[120.81141,17.49158],[120.80923,17.49114],[120.80916,17.49187],[120.80877,17.4921],[120.80621,17.49137],[120.80447,17.49193],[120.80299,17.49051],[120.80163,17.49025],[120.80091,17.49179],[120.80107,17.49346],[120.80006,17.49396],[120.79988,17.49522],[120.79801,17.49668],[120.79721,17.4986],[120.7966,17.49854],[120.7964,17.49763],[120.79584,17.49727],[120.79455,17.49839],[120.79371,17.49766],[120.79288,17.49762],[120.79195,17.49855],[120.7919,17.49988],[120.78916,17.50083],[120.78686,17.50042],[120.78598,17.49902],[120.78442,17.49952],[120.78268,17.49943]],[[120.78268,17.49943],[120.78185,17.49989],[120.78136,17.50122],[120.7792,17.50278],[120.7802,17.50398],[120.78022,17.5056],[120.78119,17.50633],[120.78158,17.50727],[120.77847,17.5114],[120.77765,17.51156],[120.77608,17.51095],[120.77528,17.51103],[120.77485,17.5127],[120.77253,17.51546],[120.77144,17.51745],[120.77082,17.51771],[120.76934,17.51646],[120.7659,17.51735],[120.76386,17.51602],[120.76223,17.51576],[120.75971,17.51469],[120.7579,17.51578],[120.75647,17.51592],[120.75548,17.51841],[120.75408,17.5182],[120.75427,17.51503],[120.75141,17.51623],[120.75009,17.51628],[120.75107,17.51758],[120.75089,17.51787],[120.74824,17.51841],[120.74704,17.51968],[120.74745,17.52068],[120.74857,17.52147],[120.74844,17.52216],[120.74683,17.52405],[120.7476,17.5248],[120.74831,17.52376],[120.75015,17.52489],[120.75036,17.52524],[120.7496,17.52807],[120.74904,17.52836],[120.74805,17.52767],[120.74676,17.52789],[120.74398,17.53005],[120.74303,17.52974],[120.74027,17.53002],[120.73962,17.53042],[120.74024,17.53111],[120.73981,17.532],[120.738,17.53141],[120.73756,17.5318],[120.73779,17.53282],[120.7398,17.5336],[120.73942,17.53483],[120.73126,17.53839]],[[121.04704,18.47726],[121.04768,18.47732],[121.0493,18.47931],[121.05167,18.48068],[121.05186,18.48671],[121.05091,18.4872],[121.05124,18.4878]],[[121.28227,18.24951],[121.28347,18.24966],[121.28592,18.251],[121.28691,18.25043],[121.28685,18.24888],[121.28608,18.24839],[121.28681,18.24766],[121.28691,18.24649],[121.28656,18.24621],[121.28573,18.24645],[121.28623,18.24548],[121.2856,18.24462],[121.28767,18.24349],[121.28754,18.24319],[121.28627,18.24366],[121.2862,18.24332],[121.28749,18.24234],[121.2877,18.24099],[121.28831,18.24104],[121.28853,18.24201],[121.28979,18.24001],[121.2908,18.23948],[121.28979,18.23806],[121.29056,18.23755],[121.2909,18.23607]],[[121.07222,18.30536],[121.07108,18.30522],[121.07004,18.30421],[121.07049,18.30269],[121.06985,18.30152],[121.06888,18.3009],[121.06774,18.30117],[121.06756,18.30024],[121.06653,18.29917],[121.06733,18.2987],[121.06808,18.29877],[121.06878,18.29713],[121.06996,18.29765],[121.07013,18.29743],[121.0692,18.29649],[121.06903,18.29549],[121.06773,18.29442],[121.06875,18.29302],[121.06858,18.29206],[121.06787,18.29148],[121.06767,18.28996],[121.06818,18.28915],[121.06821,18.28654],[121.0689,18.28447],[121.06876,18.28321],[121.06955,18.28234],[121.07092,18.28223],[121.07098,18.28128],[121.07034,18.2799],[121.0717,18.27877],[121.07258,18.27576],[121.07034,18.27554],[121.07114,18.27467],[121.07047,18.27406],[121.06861,18.27374],[121.06795,18.27428],[121.06754,18.27391],[121.06624,18.27414],[121.06609,18.27391],[121.06675,18.27344],[121.06653,18.27305],[121.06383,18.27322],[121.06047,18.27153],[121.05877,18.26912],[121.05555,18.26767],[121.05674,18.26656],[121.05511,18.26535],[121.05421,18.26513],[121.0543,18.26338],[121.05222,18.26337],[121.05171,18.26268],[121.05073,18.26361],[121.04994,18.26361],[121.04988,18.26295],[121.05037,18.2624],[121.05003,18.26152],[121.05025,18.26022],[121.04919,18.25829],[121.04974,18.25764],[121.04861,18.25679],[121.04791,18.25674]],[[121.09035,18.29099],[121.0901,18.29018],[121.09039,18.28918],[121.08953,18.28777],[121.09042,18.28724],[121.09096,18.28631],[121.08988,18.28512],[121.09014,18.28335],[121.08954,18.28228],[121.08855,18.28147],[121.08745,18.28134],[121.08713,18.28068],[121.08498,18.27996],[121.07906,18.27919],[121.07817,18.27717],[121.07666,18.27627],[121.07697,18.27421],[121.07545,18.27319],[121.07592,18.27193],[121.07737,18.2713],[121.07669,18.26833],[121.07719,18.2656],[121.07844,18.26533],[121.07918,18.26386],[121.08008,18.26411],[121.08075,18.2619],[121.08304,18.26045],[121.08333,18.25941],[121.08306,18.25858],[121.08475,18.25743],[121.085,18.25586],[121.08554,18.25529],[121.08539,18.2519],[121.08273,18.24689],[121.08283,18.2445]],[[121.08283,18.2445],[121.08103,18.24378],[121.08176,18.24226],[121.08156,18.24153],[121.07962,18.24082],[121.07863,18.23931],[121.07739,18.23928],[121.07613,18.23759],[121.07541,18.23792],[121.07472,18.23768],[121.07282,18.23519],[121.07071,18.23712],[121.06989,18.23565],[121.06904,18.23579],[121.06859,18.23487],[121.06597,18.23496],[121.06611,18.23178],[121.065,18.23079],[121.06376,18.23145],[121.06271,18.22978],[121.06375,18.22826],[121.0634,18.22755]],[[120.57267,17.77815],[120.57258,17.77744],[120.57308,17.77718],[120.57204,17.77566],[120.57222,17.7742],[120.56987,17.77235],[120.57106,17.77159],[120.57142,17.77056],[120.57034,17.77047],[120.57015,17.7685],[120.56924,17.76907],[120.56942,17.76814],[120.56908,17.76777],[120.56964,17.7675],[120.56962,17.76711],[120.56838,17.76701],[120.56807,17.76664],[120.56815,17.76496],[120.56774,17.76446],[120.56828,17.76386],[120.57206,17.76317],[120.5721,17.76228],[120.57052,17.76143],[120.5692,17.76142],[120.56788,17.76047],[120.56808,17.75907],[120.56861,17.75879],[120.56679,17.75676],[120.56651,17.75572],[120.56691,17.75427],[120.56611,17.75359],[120.5668,17.75097],[120.56736,17.75081],[120.56834,17.75153],[120.56922,17.75144],[120.5703,17.75062],[120.57002,17.74979],[120.57032,17.74949],[120.57112,17.74935],[120.57155,17.74982],[120.57235,17.7509],[120.57251,17.75258],[120.5729,17.75276],[120.57341,17.75247],[120.57344,17.75127],[120.57468,17.75107],[120.57389,17.74907],[120.57673,17.74871],[120.57691,17.74928],[120.5766,17.74951],[120.57703,17.74993],[120.57922,17.74866],[120.57895,17.74626],[120.5785,17.74595],[120.57746,17.74681],[120.57651,17.74568],[120.57641,17.74519],[120.57719,17.74399],[120.57635,17.74268],[120.57629,17.74134],[120.57541,17.73959],[120.57575,17.73889]],[[120.76783,17.54445],[120.76709,17.54552],[120.76684,17.54961],[120.76635,17.5499],[120.7654,17.54902],[120.76463,17.54929],[120.76561,17.55039],[120.76519,17.55141],[120.76351,17.5508],[120.76246,17.55134],[120.76249,17.55025],[120.76063,17.55073],[120.76107,17.55161],[120.75987,17.55221],[120.75956,17.55466],[120.75862,17.55414],[120.7584,17.55341],[120.75759,17.55283],[120.75719,17.55412],[120.75608,17.55418],[120.75526,17.5554],[120.75234,17.55639],[120.75195,17.55828],[120.74926,17.56113],[120.74929,17.56235],[120.75039,17.56315],[120.74975,17.56429],[120.74821,17.56539],[120.74871,17.56594],[120.74956,17.56608],[120.74954,17.56645],[120.74907,17.5668],[120.747,17.56606],[120.74541,17.56706],[120.74399,17.56647],[120.74339,17.56669],[120.74306,17.56762],[120.74471,17.56782],[120.74346,17.56934],[120.74464,17.57044],[120.74339,17.57225],[120.74187,17.57267]],[[120.80038,17.60919],[120.79894,17.60917]],[[120.79894,17.60917],[120.79749,17.60842],[120.79754,17.6076],[120.79652,17.60727],[120.7952,17.60575],[120.7917,17.60323],[120.78947,17.60296],[120.78871,17.60164],[120.7883,17.60228],[120.78876,17.60333],[120.78739,17.60336],[120.7869,17.60378],[120.78648,17.60313],[120.78719,17.60265],[120.78676,17.60212],[120.78499,17.60293],[120.78393,17.60393],[120.78254,17.6044],[120.78156,17.60428],[120.7817,17.60539],[120.7801,17.60625],[120.78002,17.60769],[120.78172,17.60868],[120.78069,17.61251],[120.78083,17.61297],[120.78158,17.61301],[120.78139,17.61379]],[[121.04678,17.53696],[121.04695,17.5379],[121.04576,17.53944],[121.04613,17.54023],[121.04572,17.54149],[121.04445,17.54145],[121.04406,17.54313],[121.04318,17.54365],[121.04246,17.5431],[121.04108,17.54506],[121.03957,17.54463],[121.03725,17.54482],[121.03653,17.54402],[121.034,17.54324],[121.03273,17.54373],[121.03227,17.54296],[121.0308,17.5436],[121.03081,17.54497],[121.02964,17.54603],[121.0295,17.54721],[121.02895,17.54754],[121.02843,17.54748],[121.02695,17.54607],[121.026,17.54582],[121.02534,17.54613],[121.02293,17.546],[121.02145,17.5478],[121.02054,17.54768],[121.01963,17.54819],[121.01821,17.54784]],[[121.08442,17.57766],[121.08417,17.5779],[121.08326,17.5776],[121.08301,17.57649],[121.08191,17.57561],[121.0819,17.57491],[121.07845,17.57559],[121.07707,17.57484],[121.07568,17.57324],[121.0748,17.57329],[121.07426,17.57382],[121.07375,17.57336],[121.07243,17.5733],[121.07102,17.57398],[121.06998,17.57388],[121.06933,17.57452],[121.07034,17.57692],[121.07151,17.57719],[121.07255,17.57817],[121.07244,17.57956],[121.07176,17.58073]],[[121.12261,17.56943],[121.12062,17.56817],[121.12093,17.56754],[121.12053,17.56709],[121.12142,17.56599],[121.12119,17.56502],[121.12188,17.5645],[121.12133,17.56403],[121.12164,17.56241],[121.12096,17.5607],[121.12011,17.56063],[121.12009,17.55971],[121.12104,17.55836],[121.12096,17.55787],[121.12009,17.5565],[121.11902,17.55648],[121.1191,17.55542],[121.12049,17.55539],[121.12078,17.55506],[121.12048,17.55368],[121.12072,17.55305],[121.12262,17.55229],[121.12377,17.55067],[121.1248,17.5508],[121.12559,17.55015],[121.12583,17.54951],[121.12466,17.54797],[121.12556,17.5476],[121.12735,17.54892],[121.12824,17.54864],[121.12967,17.54647],[121.13252,17.5434],[121.13365,17.54315],[121.13404,17.54253],[121.13619,17.54145],[121.13755,17.54176],[121.13903,17.54012],[121.14139,17.54045],[121.142,17.54125],[121.14351,17.54157],[121.1514,17.53912]],[[121.08553,17.59136],[121.08461,17.59083],[121.08433,17.59161],[121.0836,17.59159],[121.08205,17.59272],[121.08173,17.59257],[121.08152,17.59102],[121.07982,17.59081],[121.07825,17.59123],[121.07811,17.59241],[121.07676,17.59265],[121.07612,17.5921],[121.07521,17.59288],[121.07431,17.59247],[121.07381,17.59277],[121.0731,17.59205],[121.07123,17.59243],[121.07068,17.5916],[121.07199,17.59122],[121.07174,17.59025],[121.07218,17.58944],[121.07091,17.58852],[121.071,17.58673],[121.07002,17.58651],[121.06885,17.58708],[121.06853,17.58843],[121.067,17.58796],[121.0665,17.58456],[121.06558,17.58289]],[[121.36727,17.51059],[121.36724,17.51135],[121.36672,17.51151],[121.36671,17.5119],[121.36814,17.51195],[121.36722,17.51278],[121.36815,17.51336],[121.36772,17.51372],[121.36771,17.51439],[121.3693,17.51479],[121.36852,17.51522],[121.36817,17.51644],[121.36773,17.5166],[121.36789,17.5173],[121.36711,17.51822],[121.36734,17.51868]],[[121.36734,17.51868],[121.36765,17.51946],[121.36821,17.51948],[121.3691,17.52034],[121.36899,17.52062]],[[121.36566,17.51892],[121.36652,17.51844],[121.36667,17.51901],[121.36734,17.51868]],[[120.97288,18.43936],[120.97049,18.43715],[120.96972,18.43731],[120.96773,18.43666]],[[121.16886,17.68165],[121.16984,17.68223],[121.17039,17.68377],[121.17132,17.68378],[121.17137,17.68535],[121.17345,17.68641],[121.17358,17.68724],[121.17665,17.68732],[121.17689,17.68859],[121.17814,17.68905],[121.17786,17.68998],[121.17882,17.69107],[121.18039,17.69121],[121.18323,17.69295],[121.18428,17.69288],[121.18542,17.69218],[121.18731,17.69284],[121.18856,17.69178],[121.18898,17.69193],[121.18975,17.69336],[121.19129,17.69428],[121.19056,17.69649],[121.19138,17.69745],[121.19163,17.69845],[121.19292,17.69921],[121.19317,17.7013],[121.19405,17.70193],[121.19438,17.70363],[121.19532,17.70396],[121.19565,17.7048],[121.19687,17.70559],[121.1977,17.7069],[121.19951,17.70729],[121.2,17.70803],[121.20387,17.70949],[121.2056,17.71101],[121.20591,17.7122],[121.2085,17.71197],[121.20898,17.7125],[121.2095,17.71248],[121.21056,17.71176],[121.21128,17.71266],[121.21368,17.71247],[121.21465,17.713],[121.21633,17.71314],[121.21896,17.71585],[121.21956,17.71575]],[[121.26401,17.68306],[121.26241,17.68341],[121.25964,17.68259],[121.25856,17.6827],[121.25707,17.68353],[121.25407,17.68356],[121.25131,17.68522],[121.25088,17.68592],[121.25004,17.68613],[121.24967,17.68695],[121.24766,17.68657],[121.2431,17.68752],[121.24288,17.68925],[121.24164,17.6898],[121.24016,17.6914],[121.23411,17.69056],[121.23291,17.69172],[121.23133,17.69198],[121.23122,17.69441],[121.2299,17.69571],[121.22915,17.69575]],[[121.18534,17.71493],[121.18682,17.72001],[121.18852,17.72104]],[[121.31335,16.93519],[121.31382,16.93515],[121.31384,16.93358],[121.31488,16.93327],[121.31568,16.93159],[121.31639,16.93153],[121.31592,16.92975],[121.31676,16.92853],[121.31763,16.92827],[121.31649,16.92682],[121.31709,16.92638],[121.31682,16.92587],[121.31761,16.92503],[121.31712,16.92487],[121.31627,16.92534],[121.31621,16.92508],[121.31783,16.924],[121.3171,16.92325],[121.31673,16.92393],[121.31619,16.924],[121.31611,16.9234],[121.3166,16.92267],[121.31811,16.92294],[121.31749,16.92177],[121.31772,16.92036],[121.31714,16.92024],[121.31705,16.91978],[121.31808,16.9194],[121.31837,16.91747],[121.31933,16.91736],[121.31771,16.91617],[121.31849,16.91541],[121.31782,16.91184],[121.31806,16.9114],[121.3186,16.91266],[121.31938,16.91267],[121.31917,16.91194],[121.31969,16.90991],[121.31815,16.90979],[121.31744,16.90899],[121.3168,16.91048],[121.31639,16.91057],[121.31552,16.90929],[121.31562,16.90769],[121.31526,16.90662],[121.3145,16.90691],[121.31377,16.90902],[121.31159,16.90928],[121.31196,16.90755],[121.31161,16.90562],[121.31113,16.90469],[121.3102,16.90459]],[[121.35232,16.91036],[121.35133,16.90938],[121.35156,16.90892],[121.35357,16.90795],[121.35301,16.90668],[121.35381,16.90706],[121.35411,16.90781],[121.35523,16.9076],[121.35492,16.90565],[121.35388,16.90617],[121.3535,16.90584],[121.35432,16.9051],[121.3526,16.90483],[121.35282,16.90376],[121.35216,16.90218],[121.35307,16.90194],[121.35226,16.90143],[121.35245,16.90079],[121.35308,16.90036],[121.35381,16.90064],[121.35433,16.90015],[121.35375,16.89872],[121.35519,16.89877],[121.35488,16.89746],[121.35597,16.89739],[121.35656,16.89645],[121.35725,16.89658],[121.35723,16.89544],[121.3576,16.89533],[121.35809,16.89567],[121.35808,16.8968],[121.35884,16.89668],[121.35899,16.89502],[121.36064,16.89485],[121.36082,16.89408],[121.36137,16.89368],[121.36212,16.89365],[121.36168,16.89475],[121.36211,16.8949],[121.36355,16.89394],[121.36323,16.89278],[121.3638,16.89234],[121.3649,16.89335],[121.36388,16.89469],[121.36499,16.89471],[121.36591,16.89339],[121.36626,16.89358],[121.36655,16.89513],[121.36861,16.89469],[121.36847,16.89357],[121.36923,16.89365],[121.36896,16.89233],[121.36951,16.89156],[121.37007,16.89145],[121.36876,16.89018],[121.36997,16.89032],[121.37097,16.88954],[121.3734,16.88963],[121.37428,16.8893],[121.37477,16.88762],[121.37567,16.88646],[121.37772,16.88656],[121.37817,16.88449],[121.37927,16.88434],[121.38018,16.88335],[121.38053,16.88224],[121.38015,16.88149],[121.37778,16.88164],[121.37713,16.88101],[121.3777,16.87977],[121.37917,16.87945],[121.37966,16.87824],[121.37898,16.87798],[121.37776,16.87881],[121.37747,16.87713],[121.3757,16.87602],[121.3747,16.87479],[121.37777,16.87298],[121.38041,16.87033],[121.38071,16.86951],[121.38267,16.86922],[121.38371,16.8683],[121.38553,16.86806],[121.38762,16.86923],[121.38751,16.86979],[121.38543,16.86928],[121.38472,16.87065],[121.38608,16.87196],[121.38693,16.87212],[121.38792,16.87143],[121.38961,16.86851],[121.39151,16.86876],[121.3923,16.86757],[121.3939,16.86734],[121.39483,16.86664],[121.39595,16.86472],[121.39742,16.86346],[121.39726,16.86292],[121.3961,16.86228],[121.39648,16.86096],[121.39766,16.86053],[121.39789,16.86124]],[[121.37646,16.91834],[121.37769,16.92061],[121.37746,16.92219],[121.37946,16.92257],[121.38019,16.92567],[121.38214,16.92664],[121.38288,16.92782],[121.38529,16.92836],[121.38625,16.9296],[121.38832,16.92949],[121.38963,16.93086],[121.39065,16.93015],[121.39161,16.93121],[121.39393,16.92965],[121.39411,16.93128],[121.39469,16.9319],[121.39618,16.93079],[121.39883,16.93145],[121.3988,16.93],[121.4,16.93054],[121.40078,16.92961],[121.4014,16.92952],[121.40319,16.93279],[121.40362,16.93277],[121.4037,16.93137],[121.40418,16.93108],[121.40564,16.93092],[121.40639,16.93161],[121.40803,16.93192],[121.40859,16.93142],[121.40969,16.93346],[121.40947,16.93462],[121.40979,16.93493],[121.4122,16.93479],[121.41333,16.93432],[121.41402,16.93473],[121.41478,16.93631],[121.41618,16.93635],[121.41776,16.93722],[121.41824,16.93677]],[[121.07342,16.63766],[121.07383,16.63697],[121.07455,16.63715],[121.07615,16.63668],[121.07672,16.63538],[121.07771,16.63656],[121.07914,16.63611],[121.07979,16.63649],[121.08016,16.63797],[121.0814,16.63808],[121.08129,16.63754],[121.0818,16.63744],[121.08301,16.63818],[121.0858,16.63845],[121.08672,16.6393],[121.08685,16.64096],[121.08902,16.64101],[121.09054,16.6416],[121.09035,16.643],[121.09112,16.64359],[121.09355,16.64311],[121.09402,16.64354],[121.09452,16.64189],[121.0954,16.64293],[121.09624,16.64252],[121.09719,16.64293],[121.09812,16.64211],[121.09963,16.64276],[121.10137,16.64517],[121.10027,16.64619],[121.10091,16.64793],[121.10018,16.64863],[121.10074,16.6492],[121.10041,16.65023],[121.10146,16.65182],[121.10119,16.65263],[121.10014,16.65332],[121.10097,16.65441],[121.09991,16.6561],[121.09993,16.65737],[121.09943,16.65813],[121.10062,16.66076],[121.10053,16.66149],[121.10221,16.66226],[121.10248,16.66337],[121.10388,16.6656],[121.10389,16.66656],[121.10294,16.66799],[121.1042,16.66959],[121.10372,16.67046],[121.10388,16.67113],[121.1046,16.67085],[121.10647,16.67111],[121.10722,16.67231],[121.10627,16.67313],[121.10885,16.67333],[121.1096,16.67441]],[[121.25028,17.51968],[121.24993,17.51786],[121.25071,17.51756],[121.25009,17.51699],[121.25032,17.51626],[121.24951,17.51525],[121.24902,17.51574],[121.24855,17.51533],[121.24767,17.51572],[121.24706,17.51508],[121.24839,17.51453],[121.248,17.51414],[121.24701,17.51435],[121.24653,17.51378],[121.24609,17.51243],[121.24676,17.51225],[121.24617,17.51122],[121.24609,17.50841],[121.24364,17.50659],[121.24448,17.50484],[121.2444,17.5035],[121.24404,17.50294],[121.24245,17.50216],[121.24118,17.50008],[121.24138,17.4994],[121.24039,17.49692],[121.24061,17.49616],[121.24009,17.49409],[121.24044,17.49174],[121.23992,17.49095],[121.23876,17.49036],[121.23877,17.4892],[121.23708,17.48774]],[[121.26482,17.52886],[121.26478,17.52823],[121.26381,17.52733],[121.26471,17.52594],[121.26446,17.52477],[121.26494,17.52379],[121.2639,17.5233],[121.26473,17.52203],[121.26454,17.5214],[121.26367,17.52095],[121.26415,17.51966],[121.26369,17.51885],[121.26225,17.51837],[121.26203,17.51672],[121.26123,17.51533],[121.2616,17.51472],[121.26145,17.51387],[121.2608,17.51302],[121.26079,17.51193],[121.26013,17.51149],[121.26007,17.50953],[121.2609,17.50804],[121.261,17.50554],[121.25939,17.50373],[121.25963,17.50301],[121.25851,17.50197],[121.25907,17.50151],[121.2612,17.50241],[121.26129,17.50156],[121.26023,17.50027],[121.26068,17.49926],[121.26371,17.49884]],[[120.9934,17.37012],[120.9937,17.36991],[120.99185,17.367],[120.99213,17.36662],[120.99178,17.36571],[120.9923,17.36529],[120.99241,17.36377],[120.991,17.36153],[120.99195,17.359],[120.99176,17.35815],[120.99093,17.35765],[120.98983,17.35796],[120.98951,17.35712],[120.99051,17.35649],[120.99091,17.35552],[120.98924,17.3545],[120.98804,17.35485],[120.9876,17.35458],[120.98843,17.35419],[120.98885,17.35234],[120.98981,17.3525],[120.98924,17.35037],[120.99054,17.34982],[120.99184,17.35039],[120.99258,17.34881],[120.99185,17.34823],[120.99125,17.34675],[120.99162,17.34571],[120.99266,17.34543],[120.99172,17.34156],[120.99105,17.34101],[120.99126,17.34019],[120.99224,17.3387],[120.99278,17.33866],[120.99335,17.3393],[120.99468,17.3394],[120.99532,17.33895],[120.99681,17.3394],[120.99744,17.33849],[120.99813,17.33885],[120.99853,17.33714],[120.99798,17.33581],[120.99913,17.33571],[120.9998,17.33344],[121.00156,17.333],[121.0011,17.33224],[121.00051,17.33248],[121.00034,17.33192],[121.00067,17.33125],[121.00134,17.33097],[121.00224,17.33182],[121.00172,17.32997],[121.00239,17.32862],[121.00321,17.32851],[121.00412,17.32763],[121.00476,17.32765],[121.00632,17.32571],[121.00733,17.32589],[121.00816,17.32497],[121.00921,17.32539],[121.00888,17.32349],[121.00925,17.32272],[121.01209,17.32337],[121.01443,17.32242],[121.01473,17.32203],[121.01447,17.3207],[121.01259,17.31883],[121.013,17.31788],[121.01431,17.31663],[121.01288,17.31564],[121.01239,17.31441],[121.01265,17.31356],[121.01484,17.31191]],[[120.98121,17.93522],[120.97913,17.9343],[120.97709,17.93267],[120.97735,17.93213],[120.97618,17.93163],[120.97604,17.93067],[120.97458,17.93039],[120.9739,17.92957]],[[120.9739,17.92957],[120.97379,17.92888]],[[120.98376,17.95749],[120.98465,17.95691],[120.98517,17.95793],[120.98475,17.95857],[120.98564,17.95911],[120.98577,17.96012],[120.98758,17.96051],[120.98838,17.96385],[120.98985,17.96472],[120.99179,17.96439],[120.99247,17.96513],[120.99359,17.96545],[120.99437,17.96665],[120.99561,17.96707],[120.99728,17.967],[120.99782,17.96777]],[[121.00811,17.924],[121.01117,17.92547],[121.01427,17.9263],[121.01748,17.92851],[121.02024,17.929],[121.02136,17.92999],[121.02195,17.92975],[121.02186,17.92933],[121.02261,17.92859],[121.02412,17.92907],[121.0255,17.92784],[121.02672,17.92793],[121.02723,17.92756],[121.02801,17.92558],[121.02985,17.92477],[121.03133,17.92227],[121.03329,17.92281]],[[121.09087,18.24153],[121.08975,18.24194],[121.088,18.24159],[121.08738,18.24204],[121.08688,18.24385],[121.0861,18.244],[121.08562,18.24469],[121.08415,18.24395],[121.08283,18.2445]],[[121.00112,18.30643],[121.00068,18.30609],[121.00201,18.3055],[121.00218,18.30445],[121.00262,18.30418],[121.00249,18.30297],[121.00397,18.30177],[121.00414,18.29966],[121.00369,18.29942],[121.00426,18.29877],[121.00416,18.29763],[121.00454,18.29668],[121.00293,18.29499],[121.00172,18.29462],[121.00109,18.29309],[120.99969,18.29248],[120.99929,18.29165]],[[120.94808,18.27977],[120.94902,18.28076],[120.94902,18.2816],[120.94951,18.2818],[120.94957,18.2823],[120.95059,18.28226],[120.95135,18.28299],[120.95089,18.28407],[120.95147,18.28437],[120.95184,18.28392],[120.95298,18.28511],[120.9544,18.28541],[120.95515,18.28728],[120.95688,18.28752],[120.95887,18.28983],[120.95999,18.29005],[120.96072,18.29125],[120.96297,18.2904],[120.96464,18.2907],[120.96575,18.29237],[120.96562,18.29325],[120.96907,18.29547],[120.97062,18.29425],[120.97047,18.29256],[120.97503,18.29358],[120.97571,18.29408],[120.9769,18.29365],[120.97754,18.29397],[120.9785,18.29283],[120.97931,18.29392],[120.97975,18.29316],[120.98211,18.29475],[120.98181,18.2965],[120.98293,18.29704],[120.98191,18.29803],[120.9822,18.29899],[120.98321,18.29939],[120.98496,18.299],[120.98803,18.30006],[120.99081,18.30187],[120.99143,18.30189]],[[120.59494,17.65441],[120.59458,17.65275],[120.59524,17.65188],[120.59485,17.65108],[120.59417,17.65086],[120.5944,17.65022],[120.59348,17.64912],[120.59377,17.64805],[120.59319,17.64675]],[[120.58676,17.6409],[120.58867,17.64186],[120.5897,17.641],[120.5907,17.6412],[120.59251,17.64072],[120.59318,17.63999],[120.59452,17.64017],[120.59479,17.63933]],[[120.58147,17.65446],[120.583,17.65491],[120.58548,17.65474],[120.58562,17.65439],[120.58505,17.65354],[120.5854,17.65275],[120.58486,17.65149],[120.5867,17.65024],[120.58715,17.6485],[120.5904,17.64874],[120.59155,17.64705],[120.59243,17.64723],[120.59319,17.64675]],[[120.59319,17.64675],[120.59415,17.64468],[120.5941,17.64267],[120.59481,17.64146],[120.59479,17.63933]],[[120.59479,17.63933],[120.59584,17.63737],[120.59725,17.63667],[120.59981,17.63773],[120.60127,17.63741],[120.60269,17.63578],[120.6038,17.63336],[120.60356,17.63206],[120.60423,17.63108]],[[121.20349,16.81622],[121.20518,16.81643],[121.20494,16.81727],[121.20561,16.81843],[121.20523,16.81893],[121.20609,16.81925],[121.2062,16.81878],[121.2071,16.81839],[121.20795,16.81914],[121.20703,16.81974],[121.20878,16.8198],[121.20896,16.82075],[121.2106,16.82002],[121.21126,16.82081],[121.21228,16.82039],[121.21313,16.82062],[121.21363,16.82126],[121.21347,16.822],[121.21418,16.82245],[121.21512,16.82236],[121.2159,16.82169],[121.21631,16.82211],[121.21573,16.82317],[121.21618,16.82448],[121.21731,16.82409],[121.21704,16.82347],[121.21818,16.82354],[121.2188,16.82516],[121.21997,16.82471],[121.22035,16.82512],[121.21995,16.8257],[121.22052,16.8257],[121.22123,16.8249],[121.22231,16.82556],[121.22151,16.82777],[121.22256,16.82855],[121.22206,16.82945],[121.22433,16.82992],[121.22452,16.83047],[121.22407,16.83078],[121.2261,16.8321],[121.22501,16.83349],[121.22681,16.83384],[121.22559,16.83505],[121.22545,16.83639],[121.2259,16.83659],[121.22626,16.83584],[121.22683,16.83622],[121.22686,16.83702],[121.22724,16.8372],[121.22685,16.83808],[121.22726,16.8384],[121.22801,16.83816],[121.22718,16.83897],[121.22806,16.83919],[121.2277,16.83968],[121.22887,16.84003],[121.2295,16.84078],[121.22868,16.84119],[121.22962,16.84199],[121.22858,16.84259],[121.22869,16.84326]],[[120.51388,17.61035],[120.51407,17.60963],[120.51213,17.60538],[120.51279,17.60422],[120.51158,17.60266],[120.51197,17.60116],[120.51173,17.59641],[120.50994,17.59392],[120.51034,17.59104],[120.51012,17.58545],[120.50856,17.58183],[120.51026,17.5782],[120.51054,17.57664],[120.50983,17.57531],[120.50971,17.57243],[120.5103,17.57087],[120.50955,17.56695],[120.51003,17.56194],[120.5087,17.56044],[120.50789,17.55878],[120.50719,17.55178],[120.50682,17.55102],[120.5059,17.55042],[120.50591,17.5485],[120.50505,17.547]],[[120.53015,17.59913],[120.53114,17.59929],[120.53066,17.59826],[120.53139,17.59814],[120.53173,17.59693],[120.53078,17.5967],[120.53096,17.59489],[120.53191,17.59401],[120.53171,17.59332],[120.53231,17.59252],[120.53181,17.58971],[120.53244,17.58865],[120.53148,17.58806],[120.53147,17.58738],[120.53221,17.58772],[120.53389,17.58567],[120.5349,17.58529],[120.53439,17.58393],[120.53501,17.5834],[120.53619,17.58337],[120.53729,17.58062],[120.53782,17.58052],[120.53819,17.58098],[120.54111,17.57805],[120.5417,17.57671]],[[120.92759,18.23646],[120.93016,18.23669],[120.93143,18.23708],[120.93231,18.23794],[120.93419,18.23803],[120.93552,18.23787],[120.93583,18.23709],[120.93629,18.23698],[120.93752,18.23745],[120.93826,18.23676],[120.93938,18.23673],[120.94247,18.23758],[120.94467,18.23879],[120.94573,18.23792],[120.94956,18.23778],[120.95109,18.23688],[120.95383,18.23763],[120.95581,18.23672],[120.95803,18.23954],[120.95967,18.23896],[120.95999,18.2396],[120.95978,18.24104],[120.96195,18.24251],[120.9622,18.2439],[120.96263,18.24427],[120.96449,18.24492],[120.96561,18.24665],[120.96704,18.24705],[120.96878,18.24682],[120.97046,18.24755],[120.97102,18.24613],[120.97159,18.24588],[120.97297,18.24625],[120.97412,18.2461],[120.9763,18.24716],[120.97744,18.24618],[120.97921,18.24616],[120.98053,18.24514],[120.98231,18.24709],[120.98306,18.24717],[120.98462,18.24631],[120.98588,18.24653],[120.98632,18.24841],[120.98692,18.24886],[120.98867,18.24842],[120.99,18.24751],[120.99114,18.24833],[120.99281,18.24737],[120.99389,18.24739],[120.9953,18.24992],[120.9978,18.24968],[120.99842,18.25003],[120.99806,18.25142],[120.99862,18.25253],[121.00042,18.25216],[121.00136,18.25268],[121.00226,18.25449],[121.00366,18.25541],[121.00384,18.25696],[121.00432,18.25749]],[[120.54194,17.71408],[120.54096,17.71349],[120.53987,17.71396],[120.53939,17.71339]],[[120.53939,17.71339],[120.53907,17.7123],[120.53717,17.71145],[120.53916,17.71158],[120.54204,17.71011],[120.54069,17.70929],[120.54072,17.70862],[120.5398,17.70837],[120.53995,17.70708],[120.53931,17.70566],[120.53965,17.70487],[120.53875,17.70407],[120.53819,17.70145],[120.53658,17.70076],[120.53624,17.70108],[120.53497,17.70096]],[[120.9767,17.00312],[120.97769,17.00619],[120.979,17.00732],[120.97861,17.00862],[120.97895,17.0092],[120.98095,17.011],[120.98177,17.01105],[120.98219,17.01195],[120.98413,17.01133],[120.98459,17.01256],[120.98374,17.0138],[120.98573,17.01406],[120.98708,17.01624],[120.98798,17.01549],[120.98965,17.01599],[120.99078,17.01719],[120.99085,17.01853],[120.9916,17.01988],[120.99126,17.02142],[120.99181,17.02367],[120.99296,17.02505],[120.99325,17.02693],[120.99483,17.02789],[120.99447,17.02867],[120.99478,17.03068],[120.99561,17.03175],[120.99523,17.03327],[120.99635,17.03445],[120.99665,17.03596],[120.99805,17.03779],[120.99752,17.03896],[120.9979,17.0402],[120.99721,17.04152],[120.99764,17.04232],[120.99738,17.04274],[120.99636,17.04253],[120.99558,17.04303],[120.99584,17.04407],[120.99558,17.04495],[120.99703,17.04655],[120.99645,17.04886],[120.99756,17.04994],[120.99728,17.05138],[120.99822,17.05222],[120.99799,17.05317],[120.99976,17.05436],[121.00007,17.05506],[120.99947,17.05719],[121.00027,17.0581],[120.99972,17.05966],[120.99826,17.0612],[120.99272,17.06133],[120.992,17.05996],[120.99118,17.05977],[120.98916,17.06077],[120.98907,17.0621],[120.98857,17.06288],[120.98961,17.06299],[120.99044,17.06464],[120.98854,17.06455],[120.9895,17.06558],[120.98775,17.06717],[120.98823,17.06778],[120.98808,17.07107],[120.98635,17.07365],[120.98511,17.07473],[120.98311,17.07559],[120.98203,17.07927],[120.98231,17.08133],[120.97869,17.08429]],[[120.95657,16.8539],[120.95745,16.85421],[120.95796,16.85524],[120.95854,16.85536],[120.96005,16.85841],[120.96277,16.86135],[120.96296,16.86237],[120.96264,16.86316],[120.96313,16.86414],[120.96422,16.8638],[120.96462,16.86419],[120.96461,16.86574],[120.96564,16.86636],[120.96667,16.8678],[120.96798,16.86764],[120.97013,16.87075],[120.97139,16.87094],[120.97294,16.87205],[120.97395,16.87194],[120.97534,16.87065],[120.97583,16.86915],[120.97663,16.86856],[120.97817,16.86802],[120.98025,16.8685],[120.98103,16.868],[120.98292,16.86784],[120.98348,16.86733]],[[120.88923,16.70189],[120.89098,16.7026],[120.89149,16.70329],[120.89336,16.70237],[120.8945,16.70257],[120.89551,16.70201],[120.89869,16.70266],[120.90065,16.70186],[120.90092,16.70225],[120.90291,16.70239],[120.90328,16.70338],[120.90369,16.70348],[120.90503,16.70284],[120.90538,16.70219],[120.90614,16.70242],[120.90741,16.70509],[120.90855,16.7052],[120.9098,16.70607],[120.91185,16.70829],[120.91322,16.71076],[120.91395,16.71125],[120.91466,16.71121],[120.91524,16.71282],[120.9164,16.71304],[120.91788,16.71481],[120.91964,16.71475],[120.92209,16.71635],[120.92303,16.71721],[120.92333,16.71882],[120.92449,16.72005]],[[120.92449,16.72005],[120.92455,16.72095],[120.92631,16.72079],[120.92674,16.72028],[120.92741,16.72044],[120.9311,16.71915],[120.93153,16.71826],[120.9338,16.71822],[120.9344,16.71742],[120.93361,16.71617],[120.93546,16.71236],[120.93683,16.71236],[120.9397,16.71103],[120.94429,16.71102],[120.945,16.70995],[120.94673,16.7096],[120.94657,16.71099],[120.94689,16.71143],[120.94752,16.71085],[120.94918,16.71088],[120.95024,16.71046],[120.95092,16.71074],[120.95172,16.71201],[120.95325,16.71199],[120.95342,16.7127],[120.95303,16.71363],[120.95359,16.71435],[120.95734,16.71467],[120.9597,16.71347],[120.95964,16.71498],[120.96092,16.71536],[120.96151,16.71601],[120.96241,16.71573],[120.96294,16.71628],[120.96331,16.71859],[120.96478,16.71856],[120.96569,16.72022],[120.96778,16.72185],[120.96876,16.72217],[120.96897,16.72283],[120.97162,16.72412],[120.97481,16.72297],[120.97576,16.72451],[120.9772,16.72455],[120.97774,16.72539],[120.98155,16.72806],[120.98233,16.73015],[120.98365,16.73071],[120.98488,16.73219]],[[120.98488,16.73219],[120.9856,16.73518]],[[120.9856,16.73518],[120.98567,16.73631],[120.98627,16.73697],[120.98832,16.73732]],[[120.98832,16.73732],[120.98907,16.73846],[120.98893,16.73896],[120.98716,16.73929],[120.98651,16.74009],[120.987,16.74098],[120.98828,16.74159],[120.98866,16.7422],[120.98835,16.74409],[120.99034,16.74443],[120.99093,16.74692],[120.99062,16.74933],[120.99203,16.75106],[120.99143,16.75279],[120.99164,16.75337],[120.99301,16.75442],[120.99253,16.75522],[120.99278,16.75792],[120.9924,16.75934],[120.99301,16.76032],[120.99379,16.76355],[120.99318,16.76688],[120.9923,16.76833],[120.99292,16.76978]],[[120.87689,16.72568],[120.87857,16.72495],[120.8785,16.72462],[120.87927,16.72452],[120.88005,16.72342],[120.88182,16.72307],[120.88212,16.72364],[120.88304,16.72385],[120.88366,16.72479],[120.8857,16.72492],[120.88593,16.72594],[120.887,16.72593],[120.88743,16.72637],[120.88821,16.7261],[120.88888,16.72667],[120.89056,16.7267],[120.89191,16.72743],[120.8927,16.72669],[120.8934,16.727],[120.89441,16.72675],[120.89495,16.72728],[120.89528,16.72703],[120.89565,16.72766],[120.89624,16.72763],[120.89745,16.72671],[120.89741,16.72635],[120.89667,16.7264],[120.8973,16.72559],[120.89653,16.72495],[120.89673,16.72453],[120.89734,16.72442],[120.89858,16.72469],[120.89923,16.72525],[120.90183,16.72437],[120.90453,16.72728],[120.90786,16.72593],[120.90893,16.72617],[120.90939,16.72583]],[[120.90939,16.72583],[120.91039,16.72449],[120.91138,16.72451],[120.9122,16.72385],[120.9135,16.72354],[120.91464,16.7248],[120.91591,16.72533],[120.91634,16.72609],[120.91784,16.7256],[120.91788,16.72469],[120.91876,16.72482],[120.91855,16.72356],[120.91973,16.72377],[120.91994,16.72254],[120.92144,16.72206],[120.9214,16.72145],[120.92202,16.72056],[120.92449,16.72005]],[[120.90624,16.7372],[120.90727,16.73715],[120.90782,16.73644],[120.90758,16.73515],[120.90666,16.73468],[120.90657,16.73425],[120.90838,16.73398],[120.90908,16.73114],[120.90965,16.73027],[120.90946,16.72972],[120.91002,16.72792],[120.90939,16.72583]],[[120.9063,16.74052],[120.90695,16.73754],[120.90624,16.7372]],[[120.90557,17.30389],[120.90506,17.30467],[120.90401,17.30473],[120.90281,17.30389],[120.90068,17.30499],[120.89922,17.30431],[120.8981,17.30502]],[[120.94021,17.36901],[120.93845,17.36994],[120.93794,17.36978],[120.93772,17.37061],[120.9362,17.37052],[120.93559,17.37173],[120.93357,17.37075],[120.92934,17.37373],[120.92905,17.3744],[120.92778,17.37472],[120.9266,17.37569],[120.92577,17.37538],[120.92388,17.37362],[120.92133,17.37412],[120.92024,17.37721],[120.91874,17.37715],[120.91778,17.37856],[120.91573,17.37859],[120.91483,17.37903],[120.91418,17.3787],[120.91317,17.37943],[120.91282,17.37874],[120.91187,17.3788],[120.91108,17.37804],[120.90984,17.37829],[120.90887,17.37785],[120.90804,17.37864],[120.90592,17.378],[120.90496,17.37879],[120.90416,17.37888],[120.90404,17.3797],[120.90298,17.38042],[120.90275,17.38148],[120.89856,17.38375],[120.89667,17.38314],[120.89465,17.3831],[120.89368,17.38233],[120.89293,17.38277]],[[120.92739,17.33448],[120.92607,17.33499],[120.92194,17.33407],[120.92105,17.33462],[120.92084,17.33567],[120.91882,17.3368],[120.91794,17.33635],[120.91669,17.33759],[120.91397,17.33702],[120.91307,17.33753],[120.9112,17.33975],[120.91168,17.3428],[120.91077,17.34466],[120.9094,17.34606],[120.90869,17.34587],[120.90732,17.34671],[120.90706,17.3478],[120.90629,17.34829],[120.90633,17.34882],[120.90567,17.3496],[120.90526,17.3514],[120.90455,17.35173],[120.90451,17.35245],[120.90273,17.35283],[120.9005,17.35261],[120.90032,17.35449],[120.89893,17.35558],[120.89837,17.35671],[120.89562,17.3575],[120.89517,17.35935],[120.89554,17.36033],[120.89517,17.36082],[120.89266,17.3615],[120.89181,17.3608],[120.89009,17.3615],[120.88977,17.36236],[120.89073,17.36373],[120.89082,17.36449],[120.88927,17.3657],[120.88818,17.36547],[120.88698,17.36725],[120.88805,17.36856],[120.88809,17.36936],[120.8852,17.36942],[120.88468,17.3683],[120.88369,17.36852],[120.88258,17.36965],[120.88129,17.37],[120.87874,17.36922],[120.87642,17.3694],[120.87412,17.36879],[120.87221,17.37012],[120.87191,17.37237],[120.87044,17.37285],[120.87007,17.37373],[120.86925,17.37431],[120.86756,17.37465]],[[121.08625,17.43099],[121.08515,17.4299],[121.08498,17.4288],[121.08419,17.42779],[121.08363,17.42432],[121.0828,17.42222],[121.08327,17.42143],[121.08461,17.42077],[121.08408,17.42042],[121.08475,17.41992],[121.08415,17.41899],[121.08429,17.41848],[121.08586,17.41734],[121.08992,17.41676],[121.09085,17.41609],[121.09634,17.41511],[121.09813,17.4154],[121.09851,17.41343],[121.09938,17.41282],[121.10188,17.41224],[121.10268,17.41155],[121.10362,17.41272],[121.10466,17.41243],[121.10568,17.41172],[121.10542,17.41067],[121.10636,17.40866],[121.10728,17.4079],[121.10778,17.40801],[121.10931,17.41008],[121.11063,17.41066],[121.11299,17.41026],[121.11402,17.40783],[121.11584,17.40723],[121.11613,17.40632],[121.11739,17.40664],[121.1208,17.40378],[121.1223,17.4033],[121.12411,17.40155],[121.12613,17.40114],[121.12763,17.40121],[121.12875,17.40186],[121.1298,17.40156],[121.13158,17.40189],[121.13219,17.4014],[121.13266,17.40006],[121.13349,17.39984],[121.13486,17.39995],[121.13603,17.40098],[121.13709,17.40025],[121.13758,17.40078],[121.1386,17.40096],[121.14019,17.40051],[121.1422,17.40058],[121.14365,17.40157],[121.14481,17.40312],[121.14745,17.40328],[121.14875,17.40412],[121.15261,17.4037],[121.15385,17.40272],[121.15466,17.40378],[121.15616,17.40329],[121.15693,17.40415],[121.15945,17.40278],[121.16094,17.40101],[121.16222,17.40132],[121.16329,17.39922],[121.16599,17.39832],[121.16661,17.39715],[121.16713,17.39697],[121.16837,17.39774],[121.17348,17.39553],[121.17418,17.39466],[121.1741,17.39423],[121.17276,17.39337]],[[121.22129,17.46424],[121.22293,17.46327],[121.2247,17.46396],[121.22582,17.46362],[121.22638,17.4624],[121.22746,17.46188]],[[121.35108,18.0249],[121.34908,18.02547]],[[120.98928,18.34379],[120.98983,18.34256],[120.9896,18.34219],[120.98897,18.34245]],[[121.04901,18.40345],[121.04668,18.40609],[121.04594,18.40602],[121.04498,18.40716],[121.04217,18.40587],[121.03955,18.4071],[121.03934,18.40557],[121.03755,18.40435],[121.0371,18.40317]],[[121.0371,18.40317],[121.03632,18.40234],[121.03503,18.40182],[121.03432,18.40205],[121.03327,18.40329],[121.03236,18.40333]],[[121.03236,18.40333],[121.03018,18.40305],[121.02915,18.40196],[121.02673,18.40148],[121.02585,18.40061],[121.02522,18.39899],[121.02352,18.39822]],[[121.02352,18.39822],[121.02259,18.39729],[121.0228,18.39634],[121.02195,18.395],[121.02197,18.3937],[121.02124,18.39295],[121.02059,18.39304],[121.01885,18.39486],[121.01778,18.39481],[121.01578,18.39365],[121.01464,18.39195],[121.01198,18.39311],[121.01109,18.39218],[121.01014,18.3922],[121.00947,18.39129],[121.0098,18.3897],[121.0097,18.38657],[121.00625,18.38317],[121.00429,18.3828],[121.00222,18.38182],[120.99854,18.38174],[120.99798,18.37903],[120.99745,18.37848],[120.99642,18.37869],[120.99496,18.38009],[120.9921,18.37899],[120.99183,18.37817],[120.99249,18.37609],[120.99344,18.37487],[120.99443,18.37451],[120.99483,18.37208],[120.99444,18.3712],[120.99339,18.37041],[120.99309,18.37028],[120.99264,18.37085],[120.99196,18.37072],[120.9918,18.36972],[120.99228,18.36908],[120.99199,18.36859],[120.98997,18.3686],[120.99005,18.36762],[120.99159,18.36651],[120.99169,18.36564],[120.99087,18.36337],[120.99096,18.36229],[120.9893,18.36138],[120.98902,18.36084],[120.99087,18.36012],[120.99094,18.35957],[120.98927,18.35803],[120.98776,18.35784],[120.98797,18.35725],[120.9897,18.3567],[120.98965,18.35606],[120.98832,18.35574],[120.98708,18.35613],[120.98691,18.35518],[120.98624,18.35448],[120.98531,18.35436],[120.98426,18.35482],[120.98368,18.35442]],[[121.32891,18.33632],[121.32948,18.33618],[121.33044,18.33636],[121.33045,18.33543],[121.33167,18.33472],[121.33189,18.33553],[121.33226,18.33557],[121.33275,18.33463],[121.33295,18.33559],[121.33348,18.3359],[121.33488,18.3349],[121.33423,18.33463],[121.33459,18.33433],[121.33529,18.33409],[121.33589,18.33455],[121.33676,18.33425],[121.33724,18.33307],[121.33821,18.33356],[121.33991,18.3328],[121.34079,18.33314],[121.34159,18.33572],[121.34359,18.33505],[121.34398,18.33525],[121.34472,18.3372],[121.34511,18.33664],[121.34566,18.33665],[121.34555,18.33752],[121.34662,18.33712],[121.34639,18.33646],[121.34731,18.337],[121.34769,18.3356],[121.34808,18.33566],[121.34842,18.33488],[121.34936,18.33473],[121.3494,18.33411],[121.3505,18.33405],[121.35067,18.33528],[121.35143,18.33547],[121.35214,18.3345],[121.35317,18.33455],[121.35274,18.33356],[121.35375,18.33309]],[[121.00458,18.20104],[121.00415,18.20248],[121.00449,18.20317],[121.00432,18.20385],[121.00521,18.20491],[121.00481,18.20705],[121.00589,18.208],[121.00694,18.20979],[121.00693,18.21014],[121.00596,18.2105],[121.00581,18.21111],[121.00657,18.21286],[121.00656,18.21375],[121.00776,18.21437],[121.00758,18.21547],[121.00661,18.2156],[121.00643,18.21633],[121.00773,18.21648],[121.00917,18.21782],[121.0089,18.21898],[121.00797,18.21951],[121.00711,18.22123],[121.00722,18.22328],[121.00675,18.22431],[121.00714,18.22502]],[[120.97965,18.20364],[120.98034,18.20403],[120.97996,18.20714],[120.98071,18.20774],[120.98046,18.20872],[120.98179,18.2091],[120.98211,18.20974],[120.98374,18.20985],[120.98367,18.21148],[120.98497,18.21175],[120.98502,18.2111],[120.9854,18.21114],[120.98594,18.21236],[120.9865,18.21253],[120.99041,18.21234],[120.99088,18.21423],[120.9905,18.21502],[120.99116,18.2153],[120.99275,18.21497],[120.99297,18.2171],[120.99527,18.21668],[120.9973,18.21793],[120.99895,18.21729],[120.99981,18.21753],[121.0003,18.21891],[121.00272,18.21968],[121.00355,18.22123],[121.00491,18.2223],[121.00524,18.22481],[121.00714,18.22502]],[[121.00714,18.22502],[121.00785,18.22549],[121.00788,18.22596],[121.00692,18.22781],[121.0091,18.22897],[121.00718,18.23022],[121.00712,18.23127],[121.00589,18.23229],[121.00719,18.23423],[121.00686,18.23526],[121.00766,18.23666],[121.00744,18.23827],[121.00827,18.23839],[121.00925,18.23676],[121.01017,18.23663],[121.01106,18.23708],[121.01143,18.23982],[121.01181,18.23998],[121.01435,18.23851],[121.01468,18.23873],[121.01483,18.24024]],[[120.99004,18.14786],[120.98896,18.14512],[120.98799,18.14474],[120.98672,18.14298],[120.98433,18.14159],[120.98078,18.14037],[120.97945,18.13868]],[[120.97945,18.13868],[120.97962,18.13772],[120.978,18.13531],[120.97801,18.13303]],[[120.97801,18.13303],[120.97834,18.13165],[120.97812,18.12958],[120.97726,18.12799]],[[120.95727,18.13446],[120.96022,18.13505],[120.96355,18.13409],[120.96729,18.13452],[120.96914,18.13367],[120.97064,18.13346],[120.97163,18.13263],[120.97388,18.1329],[120.97597,18.13251],[120.97658,18.13033],[120.97752,18.12987],[120.97704,18.12825],[120.97726,18.12799]],[[120.95063,18.11258],[120.95176,18.11169],[120.952,18.11047],[120.95346,18.10794],[120.95726,18.10531],[120.95693,18.10415],[120.95745,18.10321]],[[120.95745,18.10321],[120.95923,18.10253],[120.96044,18.10277],[120.96095,18.10231],[120.96115,18.10125],[120.96371,18.10025],[120.96258,18.09849],[120.96312,18.09781],[120.96443,18.09799],[120.9647,18.09738],[120.9661,18.09643],[120.96747,18.09725],[120.96788,18.09641],[120.96843,18.09637]],[[121.28443,18.28942],[121.28363,18.29064],[121.28281,18.29087],[121.28229,18.29168],[121.28407,18.29255],[121.28339,18.29407],[121.28199,18.29373],[121.27906,18.29512],[121.27848,18.29591],[121.27845,18.29686],[121.2771,18.29774],[121.27697,18.29861],[121.27639,18.29912],[121.27677,18.29982],[121.27595,18.30041],[121.27598,18.30089],[121.27687,18.30151],[121.27691,18.30272],[121.27809,18.30398],[121.2772,18.30567],[121.27757,18.30666],[121.27741,18.30834],[121.27611,18.31042],[121.27517,18.31101],[121.27527,18.31215],[121.27296,18.31329],[121.27306,18.31528],[121.2735,18.31686],[121.27464,18.31799],[121.27482,18.31991],[121.27577,18.3206],[121.27659,18.32067],[121.27839,18.32217],[121.28113,18.32262],[121.28172,18.32367],[121.28178,18.32584],[121.28398,18.3269],[121.28757,18.32989],[121.28835,18.33147],[121.28537,18.33366],[121.2851,18.33599],[121.28387,18.33737],[121.28053,18.33919],[121.27966,18.34035],[121.27661,18.34086],[121.27534,18.34158],[121.27495,18.34213],[121.2752,18.34305],[121.27575,18.34328],[121.27666,18.34283],[121.27708,18.34317],[121.27683,18.34496]],[[121.1697,18.08434],[121.16763,18.08201],[121.16817,18.08099],[121.16706,18.07918],[121.16734,18.07782],[121.16619,18.07819]],[[121.20849,18.06874],[121.20838,18.0671],[121.20981,18.06643],[121.21143,18.06705],[121.21141,18.06557],[121.21273,18.06474],[121.21252,18.06392],[121.21193,18.06357],[121.21257,18.0631],[121.21343,18.06065],[121.21412,18.05998],[121.21367,18.0595],[121.21258,18.05974],[121.21235,18.05908],[121.2128,18.05856],[121.21426,18.05836],[121.21333,18.05747],[121.21362,18.05559],[121.21437,18.05551],[121.21474,18.05625],[121.21522,18.05632],[121.21539,18.05392],[121.21633,18.05294],[121.2156,18.05245],[121.2146,18.05261],[121.21555,18.05119],[121.21437,18.0507],[121.21397,18.0497],[121.21227,18.04854],[121.2125,18.04707],[121.21171,18.04584],[121.21212,18.04273],[121.21138,18.03916],[121.21045,18.03715],[121.21065,18.03637],[121.21178,18.03681],[121.21371,18.03635]],[[120.95735,17.97826],[120.95962,17.97674],[120.96273,17.97661],[120.9648,17.97583]],[[120.9648,17.97583],[120.96832,17.97613],[120.96992,17.97539],[120.97161,17.97546],[120.97288,17.9745],[120.97535,17.97457],[120.97985,17.97556],[120.98441,17.97502],[120.98562,17.9745],[120.99043,17.97548],[120.99302,17.97834],[120.99901,17.97679],[121.0009,17.97663],[121.00458,17.9771],[121.00568,17.97574],[121.00701,17.97518]],[[120.94074,17.97892],[120.94194,17.97755],[120.94182,17.97662],[120.943,17.97522],[120.94704,17.97305],[120.94783,17.97302],[120.94819,17.97187],[120.9492,17.97097],[120.95065,17.97074],[120.95203,17.96994],[120.95558,17.96989],[120.95591,17.97119],[120.95745,17.97253],[120.95875,17.97297],[120.95924,17.97256],[120.96089,17.97382],[120.9648,17.97583]],[[120.98404,17.8991],[120.98197,17.8984],[120.98057,17.89882],[120.98022,17.89728],[120.97921,17.89797],[120.97842,17.89722],[120.97703,17.89756],[120.97615,17.89612],[120.97481,17.8964],[120.9716,17.896],[120.97125,17.89533],[120.97022,17.89551],[120.96933,17.89501],[120.96758,17.89306],[120.96704,17.89286],[120.96649,17.8928],[120.96595,17.89284]],[[121.03398,18.37833],[121.0345,18.37914],[121.03406,18.37945],[121.03465,18.38002],[121.03473,18.38094],[121.03604,18.38159],[121.03508,18.38288],[121.03563,18.38485],[121.03493,18.38525],[121.03497,18.38659],[121.03415,18.38822],[121.03485,18.38891],[121.03412,18.38948],[121.03474,18.39056],[121.0341,18.39244],[121.03516,18.39324],[121.03354,18.39452],[121.03431,18.39612],[121.03368,18.39719],[121.03407,18.39842],[121.03359,18.40112],[121.03236,18.40333]],[[121.03332,18.42979],[121.0337,18.42909],[121.03495,18.42851],[121.03568,18.42699],[121.03666,18.42664],[121.03743,18.42495],[121.03892,18.42435],[121.03938,18.42181],[121.0404,18.42082],[121.03933,18.41959],[121.03959,18.41582],[121.0389,18.41514],[121.03883,18.41401],[121.03752,18.41414],[121.03691,18.41128],[121.03592,18.41117],[121.03493,18.41041],[121.03554,18.40901],[121.03415,18.40776],[121.03302,18.40749],[121.03302,18.40647],[121.03382,18.40516],[121.03674,18.40383],[121.0371,18.40317]],[[121.0196,18.41148],[121.02,18.41111],[121.01927,18.41048],[121.01931,18.41002],[121.02116,18.40847],[121.02174,18.40738],[121.02161,18.40657],[121.02295,18.4066],[121.0232,18.40615],[121.02214,18.40429],[121.02048,18.40409],[121.01998,18.40368],[121.02113,18.4026],[121.02022,18.40144],[121.02103,18.40088],[121.02274,18.4019],[121.0237,18.40167],[121.02372,18.40055],[121.02295,18.39937],[121.02352,18.39822]],[[121.20554,17.47252],[121.2083,17.47301],[121.2099,17.47162],[121.21191,17.471],[121.21423,17.47176],[121.21477,17.47248],[121.21584,17.47284],[121.21803,17.47267],[121.22234,17.47012],[121.2246,17.46719],[121.22689,17.46531],[121.22961,17.46422]],[[121.05062,16.98377],[121.0497,16.98234],[121.04859,16.98191],[121.04826,16.98133],[121.04759,16.98129],[121.04732,16.97939],[121.04785,16.97889],[121.04655,16.97679],[121.04558,16.97574],[121.04382,16.97474],[121.04442,16.97228],[121.04547,16.97093],[121.04505,16.96939],[121.04542,16.96878],[121.04427,16.96825],[121.04408,16.96599],[121.04252,16.96616],[121.04154,16.96386],[121.04086,16.96381],[121.04031,16.96292],[121.04071,16.96227],[121.04029,16.96179],[121.04019,16.95947]],[[121.43115,16.86049],[121.43224,16.86135],[121.43272,16.86054],[121.43395,16.86042],[121.43369,16.86002],[121.4341,16.85916],[121.43544,16.85951],[121.4355,16.86035],[121.43591,16.85958],[121.43643,16.85953],[121.43777,16.86107],[121.43842,16.86102],[121.43888,16.86258],[121.44012,16.86276],[121.44029,16.86488]],[[120.99665,17.49394],[120.99503,17.49419],[120.99391,17.49617],[120.99315,17.49667],[120.99337,17.49716],[120.99426,17.49699],[120.99442,17.49755],[120.99395,17.49852],[120.99448,17.49971],[120.99398,17.50011],[120.99417,17.50066],[120.99354,17.50146],[120.9942,17.50204],[120.99462,17.50174],[120.99467,17.501],[120.99506,17.50109],[120.99506,17.50251],[120.99559,17.5033],[120.99378,17.50464],[120.99282,17.50607],[120.99221,17.50727],[120.99291,17.50918],[120.99246,17.5097],[120.99148,17.50981],[120.99171,17.51048],[120.99079,17.51119],[120.99124,17.5117],[120.99034,17.51185],[120.99037,17.51243],[120.98925,17.51307],[120.98888,17.51394],[120.98907,17.51475],[120.98849,17.51477],[120.98872,17.51543],[120.98783,17.51586],[120.98806,17.51772],[120.98755,17.51855],[120.98647,17.51916],[120.98603,17.52115],[120.98525,17.52152],[120.98538,17.52249],[120.98398,17.52455],[120.98423,17.52533],[120.98389,17.52637],[120.98336,17.52645],[120.98294,17.52592],[120.98215,17.52611],[120.98168,17.52758],[120.98107,17.52779],[120.9813,17.52862],[120.98014,17.52952],[120.98004,17.53068],[120.97935,17.53052],[120.9782,17.53177],[120.97818,17.53045],[120.97771,17.53048],[120.97706,17.53204],[120.97577,17.53243],[120.97633,17.53326],[120.97509,17.53481],[120.97503,17.53547],[120.97416,17.53603],[120.97423,17.53669],[120.97381,17.53719],[120.97284,17.53745],[120.97182,17.5371],[120.97131,17.53793],[120.97138,17.53903],[120.97059,17.5383],[120.96994,17.53907],[120.96923,17.53892]],[[120.9697,17.52306],[120.96904,17.52399],[120.96817,17.52397],[120.96758,17.52472],[120.96676,17.52486],[120.96633,17.52699],[120.9669,17.52905],[120.96633,17.52949],[120.96541,17.52922],[120.96493,17.53007],[120.96552,17.53194],[120.96626,17.53209],[120.96643,17.53309],[120.96713,17.53335],[120.96597,17.5353],[120.9667,17.53606],[120.96794,17.53635],[120.96705,17.53767],[120.96923,17.53892]],[[120.98337,17.55054],[120.98332,17.55204],[120.98371,17.55278],[120.9847,17.55336],[120.98438,17.55412],[120.98583,17.55537],[120.98572,17.55642],[120.98649,17.55665],[120.98582,17.55818],[120.98779,17.56022],[120.98752,17.56178],[120.98818,17.56148],[120.98909,17.56259],[120.9903,17.56268],[120.99114,17.56441],[120.9929,17.56528],[120.99521,17.56719],[120.99626,17.56858],[120.99794,17.5693],[120.999,17.57063],[120.99907,17.57105],[120.9978,17.57149],[120.99641,17.57274],[120.99717,17.57572],[120.99554,17.57506],[120.9948,17.57519],[120.99576,17.57733],[120.99695,17.5773],[120.9967,17.57823],[120.99563,17.57918],[120.9959,17.5798],[120.99733,17.57999],[120.99732,17.58119]],[[121.11069,17.46012],[121.11135,17.46122],[121.11253,17.46101],[121.11424,17.46283],[121.11477,17.46464],[121.11435,17.465],[121.11424,17.46622],[121.11465,17.46708],[121.11737,17.46977],[121.11738,17.4713],[121.11877,17.47271],[121.11903,17.47401],[121.11804,17.47471],[121.11874,17.47568],[121.11866,17.47621],[121.1197,17.47717],[121.12001,17.47894],[121.12038,17.47938],[121.12151,17.4792],[121.1223,17.47955],[121.12345,17.48097],[121.12511,17.48192],[121.12551,17.48521],[121.12636,17.48581],[121.12601,17.48682],[121.12664,17.48783],[121.12834,17.48745],[121.12935,17.48835],[121.12945,17.489],[121.13044,17.4891],[121.13093,17.48984],[121.13109,17.49159],[121.13258,17.49301],[121.13253,17.49353],[121.13084,17.49525],[121.13056,17.49633],[121.13077,17.49718],[121.13149,17.49749],[121.13243,17.49939],[121.13196,17.5013],[121.13112,17.50095],[121.13065,17.50121],[121.13099,17.50188],[121.13075,17.50245]],[[121.1514,17.53912],[121.15311,17.53972],[121.15382,17.5395],[121.15449,17.53896],[121.15482,17.53717],[121.15542,17.53674],[121.15632,17.53683],[121.15728,17.53749],[121.15744,17.53856],[121.15778,17.53912],[121.15818,17.53906],[121.15849,17.53812],[121.15814,17.53635],[121.15888,17.53598],[121.15974,17.53658],[121.16183,17.53589],[121.16328,17.53266],[121.16471,17.53171],[121.16603,17.53195],[121.16774,17.53086],[121.16834,17.52924],[121.17039,17.52615],[121.17178,17.52655],[121.1781,17.52614],[121.18999,17.52328],[121.19232,17.52543],[121.19384,17.52586],[121.19587,17.52515],[121.19676,17.52473],[121.19967,17.52094],[121.20023,17.51902],[121.19918,17.51836],[121.1987,17.51755]],[[121.32274,17.66047],[121.3222,17.66105],[121.32155,17.66107],[121.32138,17.66189],[121.32103,17.66197]],[[121.31341,17.67878],[121.31505,17.67865],[121.31571,17.67907],[121.3176,17.67807],[121.31912,17.68162],[121.31973,17.682],[121.31977,17.68337],[121.32157,17.68426],[121.32253,17.68416],[121.32336,17.68549],[121.3241,17.68588]],[[121.33102,17.67705],[121.3336,17.67767],[121.33458,17.67739],[121.33622,17.67855],[121.3383,17.67755],[121.33973,17.67763],[121.34015,17.67811],[121.34121,17.67801],[121.34166,17.67766],[121.34135,17.67693],[121.342,17.6769],[121.34351,17.67525],[121.34476,17.67566],[121.34643,17.67437],[121.3467,17.6747],[121.34764,17.67466],[121.34912,17.67388],[121.34987,17.67402],[121.34998,17.67357],[121.35093,17.67372]],[[120.55738,17.65586],[120.55806,17.6545],[120.55659,17.6542],[120.55677,17.65339],[120.55524,17.65381],[120.55492,17.65295],[120.55238,17.65064],[120.55072,17.65151],[120.54926,17.64953],[120.54923,17.64821],[120.54747,17.64808],[120.54631,17.64684],[120.54577,17.64557],[120.54488,17.64603],[120.544,17.64576]],[[121.59695,17.47944],[121.59717,17.48003],[121.59794,17.48034],[121.59837,17.47984],[121.59914,17.48156],[121.59964,17.48112],[121.59996,17.48202],[121.60077,17.48191],[121.60169,17.48285],[121.60189,17.48432],[121.60151,17.48531],[121.60245,17.48593],[121.60401,17.48613],[121.6043,17.4851],[121.60517,17.48474],[121.60552,17.48554],[121.60596,17.48523],[121.60621,17.48592],[121.60675,17.4853],[121.60745,17.48627],[121.60826,17.48596],[121.60851,17.48703],[121.60945,17.48762],[121.60989,17.48731],[121.61032,17.4879],[121.61108,17.48745],[121.61173,17.48763],[121.61145,17.48698],[121.6124,17.48677],[121.61427,17.48758],[121.61419,17.48826],[121.61455,17.48848],[121.61484,17.48775],[121.61535,17.48816],[121.61526,17.48936],[121.61598,17.48923],[121.61683,17.49048],[121.61746,17.49026],[121.61747,17.48975],[121.618,17.49004],[121.61843,17.49133],[121.61899,17.49086],[121.62005,17.49101],[121.62033,17.49171],[121.61959,17.49228],[121.62033,17.49296],[121.62103,17.49264],[121.62142,17.49365],[121.62296,17.49364],[121.62328,17.4931],[121.62443,17.49289],[121.6254,17.49474],[121.62606,17.49516],[121.62657,17.49681],[121.62858,17.49816],[121.62874,17.49878],[121.62831,17.49887],[121.62777,17.49981],[121.62858,17.50047],[121.62945,17.50048],[121.62918,17.50166],[121.62962,17.50167],[121.62962,17.50116],[121.63006,17.50093],[121.6309,17.50149],[121.63018,17.5021],[121.62965,17.50191],[121.63036,17.50291],[121.62958,17.50444],[121.6291,17.50429],[121.62874,17.50474],[121.62876,17.5054],[121.62933,17.50551],[121.62906,17.50628],[121.62759,17.5066],[121.62757,17.50768],[121.6269,17.50789],[121.62565,17.5098],[121.62747,17.51112],[121.62764,17.51207],[121.62908,17.51277]],[[121.42874,18.08142],[121.42921,18.08256],[121.42857,18.08273],[121.42862,18.08308],[121.43039,18.08344],[121.43142,18.08453],[121.43264,18.08441],[121.43245,18.08322],[121.43279,18.08308],[121.43363,18.08389],[121.4337,18.08452],[121.43554,18.08413],[121.4363,18.08477],[121.4367,18.08429],[121.43713,18.08506],[121.43802,18.08475],[121.43866,18.08532],[121.43926,18.08495],[121.43979,18.08567],[121.44042,18.08583],[121.4417,18.08512],[121.44297,18.08714],[121.44396,18.08665],[121.44474,18.0872],[121.44507,18.08645],[121.44547,18.08644],[121.44586,18.08666],[121.44585,18.08749],[121.44636,18.08771],[121.44675,18.08673],[121.44714,18.08666],[121.44748,18.08745],[121.44697,18.08854],[121.44797,18.08958],[121.44879,18.08958],[121.4497,18.08774],[121.4503,18.08784],[121.45046,18.08915],[121.44944,18.08965],[121.45145,18.09092],[121.45191,18.09191],[121.45114,18.09195],[121.45007,18.09117],[121.4497,18.0915],[121.44923,18.09249],[121.44998,18.09251],[121.45019,18.09314],[121.4497,18.09506],[121.45084,18.09433],[121.45227,18.09516],[121.45251,18.09585],[121.45295,18.09578],[121.45293,18.09714],[121.45219,18.09803],[121.45329,18.09895],[121.45359,18.09971],[121.4533,18.1003],[121.4521,18.10085],[121.45195,18.10137],[121.45264,18.1016],[121.45334,18.10094],[121.45346,18.10175],[121.45464,18.10191],[121.45416,18.10242],[121.45438,18.10262],[121.45575,18.10272],[121.45659,18.10211],[121.45695,18.10315],[121.45803,18.10327],[121.45822,18.10475],[121.45619,18.10545],[121.45707,18.10561],[121.45776,18.10644],[121.45813,18.10578],[121.45842,18.10594],[121.45963,18.10771]],[[121.58201,17.44596],[121.58334,17.44764],[121.58577,17.44778],[121.58758,17.44682],[121.58762,17.44779],[121.59024,17.44782],[121.59097,17.44875],[121.59133,17.44818],[121.59258,17.44794],[121.59317,17.44704],[121.59528,17.4476],[121.59506,17.44682],[121.59578,17.44635],[121.5973,17.44676],[121.59761,17.44767],[121.59796,17.44766],[121.59816,17.44658],[121.59971,17.44663],[121.60013,17.44708],[121.60067,17.44659],[121.60022,17.44594],[121.60109,17.44579],[121.60072,17.445],[121.60202,17.44475],[121.60231,17.44421],[121.60386,17.4444],[121.60423,17.44364],[121.60713,17.44382],[121.60719,17.44308],[121.60658,17.44324],[121.60645,17.44289],[121.60713,17.44237],[121.60757,17.44297],[121.60782,17.44225],[121.60726,17.44141],[121.60797,17.44128],[121.60866,17.44212],[121.60888,17.44093],[121.61039,17.44031],[121.60947,17.43999],[121.61136,17.43881],[121.61066,17.43765],[121.61028,17.43852],[121.60994,17.43785],[121.6102,17.43728],[121.61161,17.43636],[121.61231,17.43606],[121.61256,17.43665],[121.61378,17.43732],[121.61553,17.43715],[121.61642,17.43623],[121.61587,17.43526],[121.61844,17.43432],[121.61842,17.43316],[121.61893,17.43281],[121.62044,17.43279],[121.62162,17.43213],[121.62187,17.43084],[121.62302,17.43003],[121.62385,17.43067],[121.62473,17.42985],[121.62536,17.4306],[121.62492,17.43133],[121.62583,17.43207],[121.62613,17.43127],[121.62685,17.43098],[121.62668,17.42976],[121.62717,17.42968],[121.6276,17.43078],[121.62643,17.43337],[121.62695,17.43353],[121.62772,17.43269],[121.6288,17.43276],[121.62895,17.4323],[121.62817,17.43226],[121.62789,17.43174],[121.6281,17.43143],[121.63003,17.43143],[121.62945,17.43019],[121.6296,17.4288]],[[120.65649,16.49185],[120.65577,16.49061],[120.65487,16.48994],[120.65415,16.48631],[120.6534,16.48614],[120.65265,16.48462],[120.65256,16.48286],[120.65295,16.48196],[120.65246,16.48055],[120.65269,16.47977],[120.65168,16.47943],[120.65078,16.47825],[120.65084,16.47663],[120.65017,16.47516],[120.64861,16.47502],[120.64826,16.47422],[120.64805,16.47302],[120.64834,16.47236],[120.64769,16.47146],[120.64761,16.46934],[120.64852,16.46963],[120.64939,16.46879],[120.65017,16.46868],[120.65038,16.4677],[120.64934,16.46744],[120.64919,16.46652],[120.64963,16.4662],[120.64936,16.46546],[120.65007,16.46526],[120.65046,16.4633]],[[120.55579,16.52308],[120.55448,16.52236],[120.55354,16.52118],[120.55069,16.52069],[120.55017,16.51895]],[[120.61048,16.43939],[120.60987,16.43936],[120.60933,16.43825],[120.60855,16.43817],[120.608,16.43759],[120.60714,16.43969],[120.60613,16.43968],[120.6057,16.43907],[120.60508,16.43988],[120.60385,16.44028],[120.6013,16.44016]],[[120.57888,16.51511],[120.57721,16.51341],[120.57482,16.51268],[120.57429,16.51195],[120.57418,16.51013],[120.57368,16.50947],[120.56962,16.50814]],[[120.96272,17.71954],[120.96085,17.71991],[120.95928,17.72159],[120.95669,17.7234],[120.95544,17.72329],[120.95429,17.72456],[120.95324,17.72478],[120.95261,17.72587],[120.95103,17.72619],[120.94954,17.72702],[120.94557,17.7275],[120.94491,17.72847],[120.94363,17.72851],[120.94329,17.7291],[120.9417,17.72846],[120.93968,17.7293],[120.93715,17.72886]],[[120.95009,17.68439],[120.95115,17.68349],[120.95111,17.68275],[120.95237,17.68113],[120.95245,17.67944],[120.9533,17.67923],[120.95352,17.67863],[120.95356,17.67717],[120.95301,17.67639],[120.95321,17.6759]],[[120.93746,17.65564],[120.93815,17.65481],[120.93884,17.65503],[120.93952,17.65564],[120.94091,17.65596],[120.94274,17.65767],[120.94353,17.65755],[120.94447,17.65819],[120.94325,17.65997],[120.94487,17.66155],[120.94354,17.66567]],[[120.95504,17.69696],[120.95534,17.69446],[120.95644,17.69286],[120.95613,17.69107],[120.95643,17.68991],[120.95593,17.6878],[120.95632,17.68649],[120.95765,17.68476],[120.95695,17.68195],[120.95593,17.68154],[120.95681,17.68049],[120.95629,17.67992],[120.95596,17.67795],[120.95321,17.6759]],[[120.95321,17.6759],[120.95254,17.67372],[120.95262,17.6689],[120.95374,17.66449]],[[120.68777,16.23724],[120.68856,16.23624],[120.6892,16.23633],[120.68927,16.23863],[120.69105,16.23832],[120.69009,16.2373],[120.69067,16.23638],[120.69232,16.23712],[120.69179,16.23782],[120.69178,16.23879],[120.69338,16.23839],[120.69377,16.23821],[120.69364,16.23712],[120.69452,16.23674],[120.69553,16.23556],[120.69618,16.23672],[120.69691,16.23685],[120.69657,16.23429],[120.6976,16.23339]],[[120.68813,16.48458],[120.69061,16.48215],[120.6918,16.48207],[120.69197,16.48134],[120.69308,16.48169],[120.6945,16.48021],[120.69572,16.47955],[120.6967,16.47965],[120.6985,16.47877],[120.70228,16.47825],[120.70579,16.47884],[120.70688,16.47829],[120.70888,16.47813]],[[120.72077,16.49031],[120.72179,16.49009],[120.72293,16.4884],[120.72471,16.48818],[120.7254,16.4866],[120.72604,16.48683],[120.72638,16.48801],[120.72719,16.4888],[120.72976,16.49036],[120.73093,16.49033],[120.73215,16.48965],[120.73249,16.4889],[120.73439,16.48802],[120.73472,16.4868],[120.7359,16.48616],[120.73652,16.48529]],[[121.16105,16.74562],[121.16066,16.74499],[121.16075,16.74312],[121.16254,16.74178]],[[121.16254,16.74178],[121.1637,16.74073],[121.16638,16.74107]],[[121.16209,16.74368],[121.16254,16.74178]],[[121.20701,16.75786],[121.20973,16.75793],[121.21204,16.75886]],[[121.23517,16.74538],[121.23812,16.74523]],[[121.25068,16.70981],[121.2511,16.70817],[121.25187,16.70736],[121.25182,16.70621],[121.25253,16.7045]],[[121.2534,16.70758],[121.25448,16.70594],[121.25533,16.70553],[121.25571,16.70428],[121.25703,16.70281],[121.25661,16.70216],[121.25803,16.69981]],[[121.28652,16.67059],[121.28909,16.66839],[121.29023,16.6693],[121.29049,16.66997]],[[121.27757,16.67808],[121.27959,16.67644],[121.28116,16.67625],[121.28424,16.67424]],[[121.27964,16.6748],[121.28406,16.67203],[121.28547,16.67218]],[[121.24101,16.74338],[121.2416,16.74262],[121.24332,16.74165]],[[121.21956,16.75693],[121.22109,16.7565],[121.22303,16.75516],[121.22504,16.753],[121.22756,16.75219]],[[121.02832,16.61437],[121.02898,16.61475],[121.02941,16.61449]],[[121.00535,16.66887],[121.00521,16.66844]],[[121.00521,16.66844],[121.00553,16.66794],[121.00652,16.66921],[121.00732,16.66933],[121.00793,16.66875],[121.00834,16.66742],[121.00941,16.66825],[121.00999,16.66816],[121.01082,16.66866],[121.01318,16.66838],[121.0135,16.66783],[121.01319,16.66657],[121.01353,16.66612],[121.01634,16.66622],[121.01708,16.66519],[121.0188,16.66449],[121.01936,16.66451],[121.02086,16.66713],[121.02154,16.66708],[121.02198,16.66639],[121.02305,16.66641],[121.02404,16.66795],[121.02582,16.66649],[121.02615,16.66487],[121.02734,16.66344],[121.0307,16.66336],[121.03178,16.66208],[121.0343,16.66162],[121.03222,16.65798],[121.03256,16.65604],[121.0317,16.65479],[121.03106,16.6509],[121.03124,16.6499],[121.03016,16.64909],[121.02985,16.64818],[121.03017,16.64682],[121.03257,16.6451],[121.03153,16.64107],[121.03345,16.6385],[121.03418,16.63541],[121.03608,16.6342],[121.03618,16.63362],[121.03377,16.63295],[121.03337,16.63211],[121.03354,16.63025],[121.03159,16.62951],[121.03064,16.62639],[121.03068,16.62205],[121.0292,16.62262],[121.02786,16.62142],[121.0267,16.62132],[121.02612,16.62074],[121.02739,16.61958],[121.02771,16.61808],[121.02882,16.61727],[121.02785,16.61475],[121.02832,16.61437]],[[121.02832,16.61437],[121.02846,16.61437],[121.02914,16.61449],[121.02941,16.61449]],[[121.02941,16.61449],[121.03075,16.61348],[121.03314,16.61342]],[[120.97612,16.67081],[120.97692,16.67099],[120.97901,16.67043],[120.9794,16.66994],[120.97944,16.66882]],[[120.97944,16.66882],[120.98268,16.66868],[120.98406,16.66788],[120.98448,16.66911],[120.98547,16.66909],[120.9861,16.66847],[120.98682,16.66914],[120.98793,16.66924],[120.98951,16.66747],[120.99042,16.66749],[120.99078,16.66834],[120.99134,16.66848],[120.99181,16.66829],[120.99247,16.66707],[120.99374,16.66751],[120.99619,16.66687],[120.99714,16.66736],[120.99745,16.6693],[120.99818,16.67012],[120.99888,16.66992],[121.00176,16.6704],[121.00305,16.66996],[121.00521,16.66844]],[[120.89073,16.68539],[120.89098,16.68487],[120.89359,16.68351],[120.89383,16.68373],[120.89654,16.68267],[120.89774,16.68283],[120.89897,16.68195],[120.89976,16.68174],[120.90093,16.68218],[120.90316,16.68182],[120.90491,16.68056],[120.90655,16.67842],[120.90751,16.67799],[120.90893,16.67804],[120.91038,16.67687],[120.91071,16.67707],[120.91143,16.67654],[120.9127,16.67658],[120.91307,16.67635],[120.913,16.6756],[120.91372,16.67566],[120.91385,16.67483],[120.91458,16.67463],[120.91536,16.67299],[120.91475,16.67092]],[[120.97591,16.68167],[120.97598,16.68109],[120.97455,16.68013],[120.9739,16.67824],[120.97247,16.67646],[120.97252,16.67555],[120.97354,16.67532],[120.97441,16.6742]],[[121.25253,16.7045],[121.25463,16.70266],[121.25472,16.70028],[121.25582,16.69879],[121.25684,16.69807],[121.25862,16.69783],[121.26275,16.69476]],[[120.6053,17.33844],[120.60547,17.33895],[120.60538,17.33909]],[[120.60722,17.33467],[120.60711,17.33481],[120.60719,17.33501]],[[120.92831,17.38759],[120.92788,17.38687],[120.92717,17.38806],[120.92335,17.38818],[120.92249,17.38736],[120.91905,17.38665],[120.91858,17.387],[120.91838,17.3882],[120.91785,17.38763],[120.91728,17.3878],[120.91642,17.38695],[120.91571,17.38786],[120.91476,17.38788],[120.91393,17.38734],[120.91244,17.38834],[120.91017,17.38841],[120.90825,17.38754],[120.90639,17.3876],[120.90399,17.38836],[120.90316,17.38951],[120.90187,17.39032]],[[120.89293,17.38277],[120.88883,17.38327],[120.88777,17.38408],[120.88568,17.38447],[120.88477,17.38507],[120.88489,17.38573],[120.88448,17.38606],[120.88258,17.38465]],[[120.86389,17.37285],[120.86232,17.37428]],[[120.79803,17.48074],[120.79777,17.48228],[120.79702,17.48369],[120.79219,17.48464],[120.79084,17.48425],[120.78963,17.48448],[120.78901,17.4856],[120.7865,17.48704],[120.78569,17.48839],[120.78263,17.48878],[120.78117,17.49023],[120.78125,17.49129],[120.78286,17.49217],[120.78415,17.49361],[120.78383,17.49487],[120.78256,17.49672],[120.78268,17.49943]],[[120.75335,17.40391],[120.75396,17.40652],[120.75443,17.4068],[120.75437,17.40951],[120.75519,17.40955],[120.75593,17.41087],[120.75772,17.41037],[120.75781,17.41123],[120.75918,17.41243],[120.75997,17.41375],[120.7611,17.41393],[120.76116,17.41479],[120.76019,17.4158]],[[120.84983,17.21169],[120.84901,17.21275],[120.84736,17.21306],[120.84678,17.21568],[120.84536,17.21697],[120.84513,17.21777],[120.84541,17.21851],[120.84701,17.21986],[120.84735,17.22121],[120.84604,17.22312],[120.84399,17.22335],[120.84361,17.22252],[120.84251,17.22276],[120.84108,17.22155],[120.83921,17.22218],[120.83614,17.22487],[120.83536,17.22446],[120.83523,17.22389]],[[120.83944,17.18743],[120.83445,17.19136],[120.83147,17.19156],[120.82949,17.19222],[120.82923,17.19304],[120.8302,17.19495],[120.83003,17.19597],[120.82801,17.1965],[120.82818,17.19509],[120.82739,17.19464],[120.82687,17.19525],[120.82655,17.19769],[120.82501,17.19788],[120.82441,17.1988],[120.82492,17.19927],[120.82546,17.20132],[120.8273,17.20185],[120.82752,17.20224],[120.82743,17.20345],[120.8266,17.20495],[120.82677,17.20628],[120.82915,17.20694],[120.83007,17.2078],[120.82971,17.20972],[120.83109,17.21134],[120.83128,17.21225],[120.83038,17.21327],[120.8303,17.21407],[120.8308,17.21474],[120.83175,17.21444],[120.8326,17.21491],[120.83295,17.21566],[120.83275,17.21756],[120.83376,17.21742],[120.83437,17.21794],[120.83406,17.22053],[120.83499,17.22069],[120.8361,17.22154],[120.83563,17.22314],[120.83583,17.22359],[120.83523,17.22389]],[[120.83523,17.22389],[120.83345,17.22372],[120.83293,17.22494],[120.83275,17.22772],[120.83101,17.22843],[120.83072,17.22891],[120.8323,17.23142],[120.83342,17.23185],[120.83493,17.23171],[120.83538,17.23296],[120.83489,17.23383],[120.83266,17.23524],[120.83372,17.23618],[120.83383,17.23694],[120.83343,17.2374],[120.83243,17.2373],[120.83222,17.23795],[120.83589,17.24123],[120.8355,17.24237],[120.83383,17.24418],[120.83486,17.24594],[120.83462,17.24691],[120.83298,17.24783],[120.83191,17.24763],[120.83123,17.24872],[120.83011,17.24875],[120.82889,17.25022],[120.82835,17.25236],[120.82773,17.25305]],[[120.77567,17.20874],[120.77485,17.20902],[120.77243,17.20822],[120.772,17.20766],[120.77233,17.20701],[120.7701,17.20467],[120.76748,17.20696],[120.76592,17.20614],[120.7656,17.20642],[120.76483,17.20414],[120.76505,17.20267],[120.7645,17.2022],[120.76346,17.20251],[120.76279,17.20148],[120.76191,17.20147],[120.76007,17.20232],[120.75882,17.20214],[120.75747,17.20105],[120.75763,17.19985],[120.7568,17.19894],[120.7543,17.19933],[120.75382,17.19892],[120.75243,17.19917],[120.75068,17.19866],[120.75042,17.19508],[120.74933,17.19434],[120.74651,17.1946],[120.74584,17.19502],[120.74511,17.19484],[120.74514,17.19387],[120.74686,17.19255],[120.74681,17.19179],[120.74521,17.19078],[120.74689,17.18907],[120.74689,17.18828],[120.74578,17.18772],[120.74535,17.18608],[120.74436,17.18562],[120.73821,17.18628],[120.73768,17.18585],[120.73779,17.18462],[120.73654,17.18445],[120.73482,17.18518],[120.73383,17.18769],[120.7334,17.18776],[120.72972,17.18606],[120.731,17.18434],[120.73082,17.18391],[120.7276,17.1827],[120.72732,17.18384],[120.72677,17.18439],[120.72399,17.1831],[120.72118,17.18321],[120.7204,17.18366],[120.71998,17.18557],[120.71904,17.18587],[120.71851,17.18475],[120.7188,17.18279],[120.71836,17.18198],[120.71774,17.18178],[120.71569,17.18259],[120.71356,17.18265],[120.71041,17.18092],[120.70575,17.18158],[120.70401,17.18113],[120.70362,17.18064],[120.70347,17.17849],[120.70444,17.17639],[120.70461,17.17508],[120.70367,17.17471],[120.69773,17.17479],[120.69668,17.17417],[120.69614,17.17295],[120.69414,17.17355],[120.69242,17.17267],[120.69171,17.1727],[120.69121,17.17335],[120.69131,17.17532],[120.68894,17.17591],[120.68914,17.17913],[120.68767,17.18076]],[[120.96379,17.94454],[120.96418,17.94389],[120.96657,17.94295],[120.96648,17.94169],[120.96762,17.9406],[120.96811,17.93941],[120.96989,17.93946],[120.97416,17.93784],[120.97492,17.93648],[120.97488,17.93567],[120.97404,17.93576],[120.97279,17.93523],[120.97297,17.93402],[120.9721,17.93381],[120.97228,17.93241],[120.97176,17.93135],[120.9739,17.92957]],[[120.97379,17.92888],[120.97403,17.92815],[120.97527,17.92736],[120.97462,17.92608],[120.97492,17.92562],[120.97476,17.92434],[120.97312,17.9216],[120.97249,17.92133],[120.97325,17.91897],[120.97286,17.91803],[120.97155,17.91676],[120.97198,17.91466],[120.97091,17.91359],[120.97079,17.91105],[120.97022,17.91011],[120.96901,17.90924],[120.96825,17.90789],[120.96736,17.90815],[120.96663,17.90781],[120.96678,17.90652]],[[120.94045,17.93182],[120.94241,17.93138],[120.94271,17.93047],[120.9448,17.93075],[120.94565,17.92993],[120.9477,17.93098],[120.94868,17.93061],[120.94944,17.93112],[120.95082,17.9306],[120.95164,17.92846],[120.95309,17.92863],[120.9543,17.92786],[120.9546,17.92633],[120.95542,17.92606],[120.95602,17.92517],[120.95868,17.92429]],[[120.9375,17.93236],[120.9384,17.93272],[120.93922,17.93181],[120.94045,17.93182]],[[120.56398,17.65897],[120.56217,17.65818],[120.56144,17.65874],[120.56014,17.65709],[120.55893,17.65762],[120.55787,17.65694],[120.55738,17.65586]],[[120.80565,17.61578],[120.80466,17.615],[120.80463,17.61446],[120.80547,17.61377],[120.80502,17.613],[120.80307,17.61343],[120.8017,17.61317],[120.80111,17.61354],[120.80041,17.61297],[120.79889,17.6128],[120.79715,17.61185],[120.79723,17.61138],[120.79847,17.61081],[120.79894,17.60917]],[[120.87241,16.55982],[120.87184,16.55938],[120.86843,16.55885],[120.86775,16.55787],[120.86646,16.55872],[120.86507,16.55887],[120.86415,16.5596],[120.86293,16.55983],[120.85584,16.55824],[120.85534,16.55865],[120.85537,16.55953],[120.85493,16.56018],[120.85376,16.5605],[120.8528,16.55985],[120.85223,16.55996],[120.84994,16.56146],[120.84808,16.56167],[120.84508,16.56309],[120.84257,16.5625],[120.84129,16.5641],[120.84008,16.56458],[120.83929,16.56608],[120.83931,16.56709],[120.83735,16.56895],[120.83702,16.57075],[120.83563,16.57221],[120.83591,16.57347],[120.83529,16.57456],[120.83371,16.57552],[120.83097,16.5787],[120.82876,16.57958]],[[120.63149,16.22614],[120.6315,16.2252],[120.63053,16.2249],[120.63166,16.22386],[120.63012,16.22315],[120.63088,16.2224],[120.63041,16.22128],[120.63164,16.21902],[120.63129,16.21735],[120.63045,16.21626],[120.62868,16.21511],[120.62884,16.21436],[120.62787,16.2139],[120.62777,16.21194],[120.62573,16.21261],[120.62406,16.20967]],[[121.20966,16.79648],[121.20862,16.7963],[121.20839,16.79581],[121.20904,16.79371],[121.20825,16.79298],[121.20927,16.79135],[121.20865,16.79143],[121.20858,16.791],[121.20931,16.79078],[121.21072,16.79186],[121.21122,16.79111],[121.21191,16.7916],[121.21246,16.79145],[121.21357,16.78968],[121.21348,16.78896],[121.21284,16.78842],[121.21378,16.78821],[121.21427,16.78726],[121.21604,16.78595],[121.21521,16.78524],[121.21516,16.78575],[121.21456,16.78614],[121.21405,16.78509],[121.21217,16.78566],[121.21156,16.78482],[121.212,16.7846],[121.21188,16.78431],[121.21058,16.78333],[121.20971,16.78349],[121.20843,16.78274],[121.20804,16.78216],[121.20836,16.78149],[121.20731,16.78137],[121.20726,16.78004],[121.20785,16.77952],[121.2071,16.77819],[121.20768,16.77749],[121.2078,16.7762],[121.20884,16.77612],[121.20907,16.77415],[121.21038,16.77461],[121.21103,16.77575],[121.21143,16.77581],[121.21228,16.77458],[121.21311,16.77684],[121.2156,16.7764],[121.21691,16.77467],[121.21947,16.77408],[121.2198,16.77304],[121.22127,16.77251],[121.22253,16.77289],[121.22342,16.77264],[121.22701,16.77412],[121.22772,16.77338],[121.2277,16.77258],[121.22691,16.77135],[121.22771,16.77027],[121.22768,16.76966],[121.22596,16.76873],[121.22593,16.76829],[121.22691,16.7675],[121.22648,16.76622],[121.22709,16.76561],[121.22729,16.76378],[121.22706,16.76353],[121.22613,16.76419],[121.2254,16.76395],[121.22627,16.7628],[121.22598,16.76139],[121.22715,16.76069],[121.22776,16.75869]],[[120.67725,16.41862],[120.67886,16.41762],[120.68001,16.41562],[120.68109,16.41473],[120.68132,16.41371],[120.68058,16.41264],[120.6814,16.41218],[120.68131,16.41166],[120.67934,16.41114],[120.68011,16.41033],[120.67926,16.40805],[120.68038,16.40753],[120.68059,16.40584],[120.68024,16.40439],[120.68258,16.403],[120.68185,16.40245],[120.68187,16.40197],[120.68362,16.40125],[120.68286,16.40027],[120.6829,16.3982],[120.68181,16.39734],[120.68125,16.39324],[120.6818,16.3911],[120.68319,16.38993],[120.68312,16.38893],[120.6837,16.38856]],[[120.6837,16.38856],[120.68427,16.38778]],[[120.68427,16.38778],[120.68407,16.38664],[120.68648,16.38431],[120.68801,16.38361],[120.68947,16.38501],[120.68977,16.38438],[120.69142,16.38478]],[[120.6837,16.38856],[120.68407,16.38869],[120.68445,16.38855],[120.68427,16.38778]],[[120.94371,17.76865],[120.94407,17.76908],[120.94488,17.7689],[120.94452,17.77013],[120.94481,17.77078],[120.94441,17.77155],[120.9436,17.77201],[120.94446,17.77401],[120.94301,17.7754],[120.94279,17.77617],[120.9418,17.77587],[120.94102,17.77704],[120.94037,17.77693],[120.94025,17.77771],[120.94094,17.77862],[120.93874,17.77982],[120.93845,17.78199],[120.93957,17.78272]],[[120.62401,16.25631],[120.62416,16.25591],[120.62283,16.25465],[120.62014,16.2538],[120.61988,16.25296],[120.61838,16.25304],[120.62013,16.25127],[120.61981,16.25047],[120.61856,16.24965],[120.61909,16.24837],[120.61927,16.24575],[120.61882,16.24166],[120.61952,16.24045],[120.62099,16.23978],[120.62084,16.23738],[120.62033,16.23657],[120.62181,16.23521],[120.62051,16.233],[120.61905,16.23153],[120.61868,16.2298],[120.61912,16.22843],[120.6181,16.22599],[120.61832,16.22483],[120.61759,16.22248],[120.61571,16.22176],[120.61683,16.21953],[120.61679,16.21837],[120.61756,16.21759],[120.61733,16.21692],[120.61772,16.216],[120.61753,16.215],[120.61796,16.21432],[120.61785,16.21311]],[[120.6962,16.79374],[120.6959,16.79468],[120.694,16.79458],[120.69447,16.79557],[120.69397,16.79614],[120.69445,16.79678],[120.69523,16.79698],[120.69504,16.79763],[120.69545,16.79882]],[[120.65534,16.64528],[120.65429,16.64428],[120.65347,16.64435],[120.6533,16.64351],[120.65232,16.64271],[120.64981,16.64271],[120.64955,16.64191],[120.64985,16.64085],[120.64943,16.64052],[120.64722,16.64196],[120.6459,16.64221],[120.64527,16.64176],[120.64491,16.64075],[120.64551,16.63924],[120.6449,16.6369],[120.64527,16.63638],[120.64646,16.63615],[120.64724,16.63488],[120.64703,16.63367],[120.6475,16.63279],[120.64696,16.63162],[120.64771,16.63106],[120.64767,16.63059],[120.64545,16.62931],[120.64229,16.62891],[120.64247,16.62816],[120.64328,16.62738],[120.64329,16.62614],[120.64395,16.62532],[120.64429,16.62393],[120.6427,16.6236],[120.64197,16.62305],[120.64172,16.62204],[120.64213,16.62012],[120.64112,16.61806],[120.64066,16.61598],[120.63945,16.6138],[120.63957,16.61273],[120.63839,16.61224],[120.63806,16.61164],[120.63604,16.61108]],[[121.08284,16.89492],[121.08398,16.8951],[121.08451,16.89381],[121.08687,16.89405],[121.0917,16.89329],[121.09198,16.89144],[121.09373,16.89264],[121.09419,16.89225],[121.09546,16.89249],[121.09614,16.89182],[121.09739,16.89245],[121.09939,16.89181],[121.10118,16.89208],[121.10159,16.89152],[121.1027,16.89299],[121.1041,16.89223],[121.10428,16.89364],[121.10609,16.89372],[121.10676,16.89417]],[[121.10676,16.89417],[121.11148,16.8971],[121.11492,16.89689],[121.11742,16.89834],[121.11906,16.89784],[121.12035,16.89829]],[[121.12035,16.89829],[121.12067,16.89703],[121.12248,16.89668],[121.12237,16.89541],[121.12315,16.89608],[121.12509,16.896],[121.12653,16.89711],[121.12799,16.89618],[121.12866,16.89726],[121.1285,16.89801],[121.12873,16.89823],[121.12991,16.89765],[121.13046,16.89956],[121.13155,16.89974],[121.13179,16.90065],[121.13246,16.90123],[121.13339,16.90038],[121.13325,16.89984],[121.13251,16.89962],[121.13293,16.89856],[121.1339,16.89793],[121.13449,16.89819],[121.13495,16.89922],[121.13565,16.89897],[121.13619,16.89786],[121.13555,16.8966],[121.13724,16.897],[121.13838,16.89828],[121.13881,16.89588],[121.13919,16.89572],[121.14077,16.89597],[121.14247,16.89545],[121.14286,16.89697],[121.14347,16.89732],[121.14509,16.89609],[121.14578,16.89679],[121.14635,16.89675],[121.14612,16.89559],[121.14672,16.89548],[121.14748,16.89623],[121.14782,16.89904],[121.14838,16.89935],[121.15058,16.89813],[121.15155,16.89807],[121.15248,16.896],[121.15319,16.89653],[121.153,16.89814],[121.15424,16.89904],[121.15577,16.89939],[121.1557,16.90117],[121.15612,16.90123],[121.15696,16.9005],[121.15713,16.90143],[121.1563,16.90205],[121.15754,16.90367],[121.15857,16.90334],[121.15798,16.90149],[121.15825,16.90071],[121.15971,16.90036],[121.15927,16.90185],[121.15951,16.90241],[121.16164,16.90307],[121.16454,16.90243],[121.16484,16.90318],[121.16464,16.90444],[121.16497,16.90475],[121.16573,16.90278],[121.16717,16.90173],[121.16661,16.90087],[121.16718,16.90058]],[[121.08695,16.91124],[121.08712,16.91087]],[[121.08862,16.92399],[121.08814,16.92368],[121.08824,16.92201],[121.08783,16.92152],[121.08765,16.92005],[121.08658,16.91953],[121.0883,16.91804],[121.08787,16.91707],[121.08822,16.91571],[121.08761,16.91564],[121.08683,16.91624],[121.08584,16.9153],[121.0862,16.91195],[121.08683,16.91171],[121.08695,16.91124]],[[121.08695,16.91124],[121.08697,16.91101],[121.08712,16.91087]],[[121.08712,16.91087],[121.0868,16.90997],[121.08732,16.9093],[121.08728,16.90856],[121.08812,16.90845],[121.08876,16.9077],[121.08952,16.90809],[121.09059,16.90744],[121.09281,16.90763],[121.09378,16.90794],[121.09482,16.90959],[121.09662,16.90946],[121.09824,16.90624],[121.09869,16.90398],[121.09982,16.90286],[121.10132,16.90409],[121.10216,16.90327],[121.10297,16.90453],[121.10651,16.90341],[121.10667,16.90259],[121.10835,16.90352],[121.10937,16.90232],[121.10861,16.90163],[121.10881,16.90108],[121.10841,16.90074],[121.10881,16.89887],[121.10691,16.89953],[121.10712,16.89758],[121.10497,16.89666],[121.10594,16.89661],[121.10613,16.89521],[121.10676,16.89417]],[[121.11896,16.91743],[121.11841,16.91641],[121.11923,16.91484],[121.11875,16.91401],[121.11929,16.91289],[121.11906,16.91183],[121.11953,16.91132],[121.11939,16.91066],[121.12068,16.90972],[121.12146,16.91019],[121.12217,16.91011],[121.12244,16.90932],[121.12359,16.90939],[121.12496,16.90823],[121.12393,16.90534],[121.12277,16.90569],[121.12183,16.90433],[121.12099,16.90445],[121.12061,16.90294],[121.12214,16.90255],[121.12247,16.90184],[121.12144,16.90047],[121.12176,16.89968],[121.12035,16.89829]],[[121.10834,16.96799],[121.10815,16.96749],[121.10935,16.96593],[121.10879,16.96482],[121.10929,16.96301],[121.10871,16.96182],[121.10889,16.96097],[121.11135,16.95984],[121.11177,16.96028],[121.11192,16.96241],[121.11469,16.9608],[121.11699,16.9616],[121.11862,16.95977],[121.11823,16.95863],[121.12103,16.95812],[121.12132,16.95677],[121.12372,16.95623],[121.12469,16.95383],[121.12575,16.95329],[121.12642,16.9523],[121.12704,16.95221],[121.12783,16.95297]],[[121.12783,16.95297],[121.12838,16.95278],[121.12888,16.95152],[121.12774,16.95034],[121.12664,16.94815],[121.12689,16.9467],[121.12832,16.94683],[121.12962,16.94934],[121.1303,16.94934],[121.13077,16.9477],[121.12958,16.94526],[121.12998,16.94501],[121.13135,16.94657],[121.13199,16.94667],[121.13266,16.94403],[121.13519,16.94362],[121.13569,16.94255],[121.13527,16.94136],[121.13672,16.94056],[121.13539,16.9402],[121.13525,16.93946],[121.13843,16.93933],[121.13736,16.93776],[121.13762,16.93725],[121.13986,16.93825],[121.14058,16.93672],[121.13937,16.93567],[121.13928,16.93515],[121.13999,16.93428],[121.14137,16.9339],[121.14101,16.93325]],[[120.54932,16.32737],[120.54967,16.32653],[120.54949,16.32589],[120.55086,16.32387],[120.55115,16.3218],[120.55193,16.32041],[120.55195,16.31877],[120.5532,16.31426],[120.55261,16.31165],[120.54938,16.31048],[120.54892,16.30968],[120.54902,16.30906],[120.55032,16.30805],[120.55064,16.30672],[120.55012,16.30593],[120.54913,16.30542],[120.54785,16.30188],[120.54653,16.30023],[120.54679,16.29882],[120.54592,16.29834],[120.54537,16.29891],[120.54415,16.29879],[120.54421,16.2972],[120.54217,16.29554],[120.54102,16.29574],[120.53964,16.29696],[120.53713,16.29723],[120.53611,16.29633],[120.53468,16.29401],[120.53077,16.2948],[120.52936,16.29375],[120.52928,16.29259]],[[120.60549,16.41928],[120.60566,16.41943]],[[120.60755,16.41565],[120.6073,16.41591],[120.60763,16.41645],[120.60707,16.41679],[120.60715,16.41792],[120.60652,16.41765],[120.6062,16.41858]],[[120.96125,18.0935],[120.96325,18.0932],[120.9636,18.09409],[120.96558,18.09469],[120.96747,18.09615],[120.96843,18.09637]],[[120.96843,18.09637],[120.97029,18.09724],[120.97203,18.09731],[120.97274,18.09766],[120.9732,18.09861],[120.97398,18.09879],[120.97571,18.09794],[120.97767,18.09835],[120.97952,18.09742],[120.98154,18.0991],[120.98318,18.09681],[120.98373,18.09672],[120.9853,18.09811],[120.98698,18.09779]],[[120.98698,18.09779],[120.98732,18.09716]],[[120.94241,18.10506],[120.94431,18.10643],[120.94641,18.10557],[120.94748,18.1059],[120.94915,18.10434],[120.95009,18.10403],[120.95241,18.10465],[120.954,18.10321],[120.95499,18.10404],[120.95617,18.10415],[120.95745,18.10321]],[[120.87385,16.70329],[120.87303,16.70281],[120.87176,16.70276],[120.87148,16.70298],[120.87129,16.70291]],[[120.7988,16.3022],[120.79877,16.30144],[120.79802,16.30082],[120.79779,16.29979],[120.79705,16.29945],[120.79555,16.29545],[120.79431,16.29399],[120.79423,16.29319],[120.79366,16.29318],[120.7923,16.29136],[120.79165,16.29106],[120.79143,16.29024],[120.79051,16.29005],[120.78979,16.28859],[120.78937,16.28846]],[[120.60836,17.62083],[120.60121,17.61683],[120.59797,17.61386],[120.59718,17.61065],[120.59295,17.6065],[120.59253,17.60573],[120.59257,17.60176],[120.59335,17.6001],[120.59557,17.59932],[120.59632,17.59721],[120.59636,17.59532],[120.59594,17.59438],[120.59486,17.59359],[120.59022,17.59211],[120.59007,17.59076],[120.59062,17.58979]],[[121.26119,16.65239],[121.26106,16.6531]],[[121.28322,16.66001],[121.28477,16.65769],[121.28698,16.65704]],[[121.28698,16.65704],[121.28844,16.65734]],[[120.65843,17.627],[120.65039,17.6282],[120.64715,17.62818],[120.64269,17.6247],[120.64119,17.62421],[120.63758,17.62393],[120.63417,17.62145],[120.63276,17.621],[120.63143,17.62112],[120.62901,17.62018]],[[120.69092,17.65013],[120.6898,17.64695],[120.689,17.64591]],[[120.69661,17.65323],[120.69026,17.65183],[120.6894,17.65086],[120.68921,17.6494]],[[120.70404,17.65866],[120.70225,17.65613],[120.7011,17.65564]],[[120.70228,17.66195],[120.70075,17.66099],[120.70048,17.65991],[120.70081,17.65743]],[[120.70402,17.66918],[120.7047,17.66687],[120.70403,17.66435],[120.70481,17.66165],[120.70438,17.65949]],[[120.70667,17.67322],[120.70498,17.67139],[120.70402,17.66918]],[[120.70402,17.66918],[120.70315,17.66684],[120.70339,17.66456],[120.70228,17.66195]],[[120.70228,17.66195],[120.70243,17.65961],[120.70126,17.65868],[120.70081,17.65743]],[[120.70081,17.65743],[120.7011,17.65564]],[[120.7011,17.65564],[120.70014,17.65514]],[[120.70918,17.66685],[120.7089,17.66455],[120.70952,17.66247]],[[120.70956,17.67558],[120.70855,17.67376]],[[120.70876,17.66383],[120.70728,17.6607],[120.70741,17.65748],[120.70688,17.65624]],[[120.71249,17.67498],[120.71299,17.67346],[120.71324,17.6697],[120.71647,17.66877],[120.71716,17.66798]],[[120.70974,17.67689],[120.71224,17.67545]],[[120.71242,17.68296],[120.71216,17.68142],[120.71379,17.67955],[120.71549,17.6791],[120.71817,17.67732]],[[120.71231,17.7088],[120.71306,17.70756],[120.71291,17.70686]],[[120.71138,17.71458],[120.71279,17.71224]],[[120.71279,17.71224],[120.71086,17.7091]],[[120.7158,17.71637],[120.71471,17.71522]],[[120.7144,17.71767],[120.71471,17.71522]],[[120.71471,17.71522],[120.7128,17.71149]],[[120.71666,17.74307],[120.71767,17.74152],[120.71804,17.739],[120.71728,17.73445],[120.71633,17.73303],[120.71664,17.73266]],[[120.72353,17.73394],[120.72402,17.73289],[120.72481,17.73253],[120.72586,17.72936],[120.72714,17.72795],[120.72677,17.72716],[120.72589,17.72673]],[[120.72409,17.71178],[120.72136,17.70996],[120.72095,17.70789],[120.72038,17.70766]],[[120.71933,17.72255],[120.72081,17.72107],[120.72135,17.71937],[120.72024,17.71577],[120.72038,17.70766]],[[120.72038,17.70766],[120.7201,17.70737]],[[120.71519,17.70721],[120.71628,17.70556],[120.71654,17.70447],[120.7159,17.70176]],[[120.71674,17.7101],[120.71569,17.7089],[120.71519,17.70721]],[[120.71519,17.70721],[120.71481,17.70449],[120.7159,17.70176]],[[120.7159,17.70176],[120.71541,17.70003]],[[120.71266,17.71044],[120.71231,17.7088]],[[120.71231,17.7088],[120.71291,17.70686]],[[120.71291,17.70686],[120.71215,17.70489]],[[120.71215,17.70489],[120.71163,17.70266],[120.71182,17.70167],[120.71299,17.70106],[120.7132,17.70047],[120.71316,17.69773]],[[120.7084,17.70415],[120.70944,17.701],[120.70765,17.69565]],[[120.70952,17.69435],[120.70986,17.69382]],[[120.70997,17.6971],[120.70935,17.69614],[120.70952,17.69435]],[[120.70952,17.69435],[120.7088,17.69143]],[[120.71215,17.70489],[120.71114,17.70389],[120.71076,17.7029]],[[120.70907,17.70807],[120.70943,17.70609]],[[120.70943,17.70609],[120.71054,17.70456],[120.71076,17.7029]],[[120.71076,17.7029],[120.71118,17.69944],[120.71103,17.69859],[120.70997,17.6971]],[[120.70997,17.6971],[120.70986,17.69382]],[[120.70986,17.69382],[120.70922,17.6919]],[[120.71682,17.69077],[120.7142,17.68995],[120.71258,17.6889]],[[120.71342,17.67935],[120.71513,17.67411],[120.71503,17.67321]],[[120.71089,17.68131],[120.71342,17.67935]],[[120.71342,17.67935],[120.71596,17.67775],[120.71817,17.67732]],[[120.71817,17.67732],[120.72069,17.67541],[120.72195,17.67374],[120.72154,17.67226]],[[120.71557,17.7188],[120.7158,17.71637]],[[120.7158,17.71637],[120.71674,17.7101]],[[120.71674,17.7101],[120.71715,17.70699],[120.71791,17.70527],[120.71778,17.70443]],[[120.71152,17.6942],[120.70922,17.6919]],[[120.70922,17.6919],[120.7088,17.69143]],[[120.7088,17.69143],[120.70832,17.69012]],[[120.70832,17.69012],[120.70874,17.68868],[120.7107,17.68546]],[[120.83392,17.81531],[120.83314,17.81592],[120.83254,17.81543],[120.83175,17.81571],[120.83044,17.81544],[120.82937,17.81488],[120.82886,17.81347],[120.82782,17.81276],[120.82425,17.81248],[120.82292,17.81305],[120.82074,17.81294],[120.82054,17.81394],[120.82123,17.8154],[120.82064,17.81548],[120.81975,17.81697],[120.82054,17.81731],[120.82051,17.81772],[120.81849,17.8188],[120.81924,17.82018],[120.81871,17.82052],[120.81814,17.81976],[120.81701,17.81996],[120.81699,17.82068],[120.81764,17.82143],[120.81728,17.82227],[120.81675,17.82276],[120.8152,17.82286]],[[120.773,17.81654],[120.77489,17.81532],[120.77735,17.81522],[120.78012,17.81574],[120.78139,17.81633],[120.7818,17.81693],[120.78292,17.81661],[120.78325,17.81607],[120.78642,17.81711],[120.78858,17.81711],[120.78936,17.81583],[120.78942,17.8142],[120.79092,17.81217],[120.79282,17.81152],[120.79358,17.8105]],[[120.51534,16.26269],[120.51196,16.26123],[120.51057,16.25974]],[[121.32602,17.77749],[121.32481,17.77888],[121.32388,17.77898],[121.32309,17.77855]],[[120.98463,18.1394],[120.98381,18.13864],[120.98106,18.1383],[120.98009,18.13617],[120.97873,18.1351],[120.97801,18.13303]],[[120.95732,18.02325],[120.95943,18.02667],[120.95993,18.02681],[120.96034,18.02853],[120.96262,18.03056],[120.96334,18.03172],[120.96524,18.03232],[120.96662,18.03217],[120.96747,18.03181],[120.96832,18.0307],[120.96893,18.03061],[120.96976,18.03317],[120.97,18.03657],[120.97157,18.03704],[120.97299,18.03815],[120.97558,18.03752],[120.97703,18.03575],[120.97884,18.03642],[120.97977,18.03604],[120.98025,18.03644],[120.98323,18.03601],[120.98469,18.03621],[120.98617,18.03543],[120.98827,18.0361],[120.9899,18.03519]],[[120.53546,16.22993],[120.53459,16.22909],[120.53251,16.22972],[120.53232,16.22893],[120.53133,16.22851],[120.5312,16.22753],[120.5294,16.22663]],[[120.52594,16.22836],[120.52613,16.22911],[120.52479,16.23031],[120.52391,16.2301],[120.52363,16.23062],[120.52065,16.23123],[120.52036,16.23192],[120.52056,16.23308],[120.52001,16.23348],[120.51172,16.23035]],[[120.52123,16.41798],[120.52021,16.41881],[120.51959,16.4208],[120.52062,16.42239],[120.52078,16.42352],[120.51965,16.42384],[120.51866,16.42306],[120.51758,16.4239]],[[120.53785,16.36264],[120.53724,16.36193],[120.53562,16.36218],[120.53476,16.36161],[120.53235,16.36362],[120.53126,16.36305],[120.52778,16.36301],[120.52519,16.36256],[120.52277,16.36143],[120.52147,16.36153],[120.52063,16.36066],[120.5199,16.35833],[120.51903,16.35757],[120.51853,16.35631],[120.51629,16.35594],[120.51669,16.35417],[120.51428,16.35166],[120.51375,16.35122],[120.51141,16.35175],[120.51073,16.35138],[120.51028,16.34849],[120.50925,16.34713],[120.50765,16.34624],[120.50673,16.3451],[120.50702,16.34414]],[[120.77075,16.60214],[120.77187,16.60124],[120.77193,16.59989],[120.77421,16.59747],[120.775,16.59535],[120.77605,16.59445],[120.77699,16.59238],[120.77832,16.59108],[120.78025,16.59155],[120.78083,16.59219],[120.78262,16.59257],[120.78355,16.59324],[120.78457,16.59297],[120.78545,16.59325],[120.7895,16.59172],[120.79189,16.59311],[120.79373,16.59362],[120.79532,16.59351],[120.79668,16.59283],[120.79838,16.59371]],[[120.83165,16.49073],[120.83127,16.48919]],[[120.65882,16.28684],[120.65903,16.2854],[120.65976,16.2845],[120.65963,16.28363],[120.66012,16.28315],[120.66096,16.28315],[120.66161,16.28239]],[[120.66161,16.28239],[120.66109,16.28063],[120.65846,16.27882],[120.65881,16.2777]],[[121.3663,17.57787],[121.36893,17.5778],[121.3713,17.57959],[121.37432,17.5797],[121.3789,17.58212],[121.3789,17.58415],[121.37734,17.58874]],[[120.64917,16.41811],[120.64915,16.41726],[120.65005,16.41613],[120.64975,16.41526],[120.65047,16.41486],[120.64998,16.41345],[120.65141,16.41286],[120.65233,16.41319],[120.65312,16.41205],[120.65174,16.41115],[120.65201,16.41062],[120.65332,16.41],[120.65379,16.40885],[120.65354,16.40738],[120.65489,16.40638],[120.65425,16.40486],[120.65578,16.40428],[120.65606,16.40332],[120.65856,16.40207]],[[120.75129,16.33931],[120.75085,16.33981],[120.75014,16.33988]],[[120.71186,16.31062],[120.71336,16.31029],[120.71398,16.31057],[120.71401,16.31118],[120.71457,16.31129],[120.71502,16.31012],[120.71621,16.31063],[120.71671,16.31006],[120.71792,16.3101],[120.71882,16.31141],[120.71928,16.31134],[120.71927,16.31245],[120.7201,16.31289],[120.72101,16.31248],[120.7214,16.31116],[120.72233,16.3109],[120.72371,16.31175],[120.72451,16.31146],[120.72754,16.30792]],[[120.5811,16.60389],[120.58096,16.60547],[120.58153,16.60606],[120.58076,16.6078],[120.58174,16.60891],[120.58114,16.60993],[120.58099,16.61192],[120.57995,16.61357],[120.58004,16.61461],[120.58157,16.61831],[120.58241,16.6216],[120.58414,16.62305],[120.58659,16.62648],[120.58674,16.62717],[120.58601,16.62892],[120.58607,16.63062],[120.58698,16.63174],[120.58685,16.63236],[120.58742,16.63277],[120.58801,16.63613],[120.58859,16.63663],[120.58856,16.63759]],[[120.76762,16.70905],[120.7676,16.70921]],[[120.79345,16.73199],[120.79248,16.73511],[120.79233,16.7374],[120.78912,16.74094],[120.78878,16.74338],[120.78783,16.74394],[120.78789,16.74444],[120.78741,16.74473],[120.78782,16.74613],[120.78593,16.74855],[120.78546,16.75097],[120.78432,16.75333],[120.78437,16.75462],[120.78503,16.75597],[120.7848,16.75746],[120.78549,16.75771],[120.78622,16.75887],[120.78543,16.76045],[120.78596,16.76214],[120.7858,16.76274],[120.7848,16.76327],[120.7845,16.76424]],[[120.7845,16.76424],[120.784,16.76588],[120.78464,16.76759],[120.78345,16.76981],[120.78365,16.77049],[120.78439,16.77084],[120.78431,16.77157],[120.78372,16.77167],[120.78189,16.76955],[120.78121,16.76966],[120.78072,16.77056]],[[120.75248,16.69271],[120.75335,16.69103],[120.75381,16.691],[120.75516,16.68966],[120.75505,16.68859],[120.75624,16.6884],[120.75601,16.68771],[120.75695,16.68574],[120.75623,16.68349],[120.75631,16.68259],[120.75744,16.6814],[120.75899,16.6806],[120.75851,16.67634]],[[120.7529,16.72472],[120.75257,16.72577],[120.75156,16.72629],[120.75136,16.72751],[120.75001,16.72838],[120.7493,16.72955],[120.74751,16.73098],[120.74695,16.73255],[120.74543,16.73352],[120.74541,16.7356],[120.74662,16.73574],[120.747,16.7367],[120.74615,16.73799],[120.74652,16.7416],[120.74506,16.74225],[120.74534,16.7437],[120.74481,16.74461],[120.744,16.74539],[120.7428,16.74561],[120.74263,16.74712],[120.74374,16.74813],[120.74329,16.74912],[120.74357,16.74978],[120.74226,16.75243],[120.74182,16.75251],[120.74073,16.75142],[120.74098,16.75293],[120.74063,16.75532],[120.73817,16.75542],[120.73811,16.75585],[120.73978,16.75697],[120.74024,16.75869],[120.73901,16.76027],[120.73938,16.76097],[120.73936,16.76264],[120.73843,16.76373],[120.73904,16.76519],[120.73961,16.76562],[120.73941,16.76606]],[[120.67658,16.84529],[120.67626,16.84632],[120.67476,16.84778],[120.67328,16.84684],[120.67194,16.84839],[120.66932,16.84666],[120.66875,16.8469],[120.66734,16.8491],[120.66707,16.85058],[120.66635,16.85094],[120.6649,16.85299],[120.66354,16.85302],[120.662,16.85638],[120.66012,16.85672],[120.65951,16.85721],[120.65957,16.85862],[120.65871,16.85835],[120.65713,16.85916],[120.65481,16.85947],[120.65493,16.86024],[120.65625,16.86056],[120.65628,16.86221],[120.65529,16.8624],[120.6541,16.86175],[120.65316,16.86251],[120.65104,16.8627],[120.64951,16.86231],[120.64574,16.86361],[120.64382,16.863],[120.64331,16.86465],[120.64233,16.86563],[120.63908,16.86658]],[[120.72771,16.64926],[120.72671,16.64768],[120.72356,16.64697],[120.72291,16.64627],[120.72204,16.64354],[120.72159,16.64317],[120.72058,16.64387],[120.71935,16.64258],[120.71847,16.64279],[120.7177,16.64457],[120.71693,16.64528],[120.71634,16.6453],[120.7142,16.64407],[120.71173,16.64057],[120.71127,16.6376],[120.71242,16.63574],[120.71168,16.6334],[120.71047,16.63233],[120.71173,16.62989],[120.70775,16.62579],[120.70693,16.62421],[120.70702,16.62251],[120.70588,16.62112],[120.70665,16.61886],[120.7066,16.6176],[120.70737,16.61619],[120.70717,16.61448],[120.70745,16.6139],[120.70681,16.61197],[120.70741,16.61063],[120.7051,16.60929],[120.70583,16.60757]],[[120.70928,16.53178],[120.71096,16.53165],[120.71173,16.5311],[120.71147,16.5305],[120.71314,16.53028],[120.71329,16.52967],[120.71449,16.52874],[120.71821,16.52841],[120.71859,16.52796],[120.71877,16.52753],[120.7166,16.52539],[120.71726,16.5247],[120.71697,16.5222],[120.71774,16.52289],[120.72004,16.52336],[120.7207,16.52302],[120.72037,16.52199],[120.72126,16.52246],[120.72171,16.52227],[120.72167,16.52086],[120.72099,16.52057],[120.72127,16.51982],[120.72208,16.51881],[120.72374,16.51847],[120.72374,16.51802],[120.72512,16.51685],[120.72452,16.51595],[120.72331,16.51537],[120.72373,16.51438],[120.7249,16.51373],[120.7237,16.51247],[120.72431,16.51136],[120.72525,16.51143],[120.72537,16.51066],[120.7259,16.51047],[120.72594,16.50949],[120.72694,16.5087],[120.7273,16.50737],[120.72903,16.50631]],[[120.74782,16.55195],[120.74857,16.5492]],[[120.73905,16.56474],[120.74029,16.56281],[120.74056,16.56062],[120.74242,16.55923],[120.74274,16.55735],[120.7443,16.55514],[120.74685,16.55317],[120.74704,16.55247],[120.74782,16.55195]],[[120.77043,16.72942],[120.77144,16.73077],[120.77255,16.73144],[120.77408,16.73446],[120.77682,16.73414],[120.77727,16.73519]],[[120.78005,16.72693],[120.77969,16.72804],[120.78048,16.72962],[120.77915,16.73118],[120.77951,16.73285],[120.77817,16.73465],[120.77727,16.73519]],[[120.77727,16.73519],[120.77692,16.73629],[120.77727,16.73693],[120.77679,16.73765],[120.77696,16.73882],[120.77871,16.7407],[120.77664,16.74295],[120.77664,16.744],[120.77817,16.74588],[120.77674,16.74677]],[[120.78155,16.76593],[120.78151,16.76602]],[[120.80336,16.82087],[120.79943,16.81936],[120.79811,16.82013],[120.79808,16.82149],[120.79735,16.82312],[120.79662,16.82333],[120.7952,16.82487],[120.79326,16.82498],[120.79261,16.82443],[120.79216,16.82519],[120.79031,16.82649],[120.7892,16.82644]],[[120.7892,16.82644],[120.78957,16.82497],[120.78911,16.82373],[120.78977,16.82301],[120.78876,16.82253],[120.78822,16.82289],[120.7877,16.82359],[120.78774,16.82471],[120.7872,16.82439],[120.78694,16.82357],[120.78572,16.82396],[120.78521,16.82114],[120.78371,16.82067],[120.78315,16.81945],[120.78217,16.8198],[120.78167,16.82127],[120.78237,16.82234],[120.78004,16.82396],[120.77748,16.82299],[120.7768,16.82188],[120.77596,16.82248],[120.77576,16.82152],[120.77412,16.82195],[120.77411,16.82103],[120.77316,16.82115]],[[120.79732,16.82865],[120.79676,16.82896],[120.79623,16.82856],[120.79626,16.82923],[120.79304,16.83066],[120.79265,16.83147],[120.79118,16.83119]],[[120.79118,16.83119],[120.79066,16.82733],[120.79016,16.82694],[120.78925,16.82733],[120.7892,16.82644]],[[120.79086,16.84809],[120.79058,16.84652],[120.79111,16.84623],[120.79075,16.84483],[120.78986,16.84474],[120.78873,16.84396],[120.78948,16.84338],[120.78972,16.84252],[120.78914,16.84162],[120.78962,16.84084],[120.7889,16.83966],[120.78997,16.83843],[120.79053,16.83572],[120.78969,16.83392],[120.78993,16.8328],[120.79118,16.83119]],[[120.88996,16.78904],[120.88992,16.78861],[120.88947,16.78871]],[[120.89065,16.79919],[120.89183,16.79874],[120.89173,16.79788],[120.89279,16.7978],[120.8932,16.7974]],[[120.88981,16.79264],[120.89013,16.79193]],[[120.89104,16.74967],[120.89123,16.75109],[120.89003,16.75149],[120.88961,16.75218],[120.88967,16.75407],[120.88905,16.75414],[120.88862,16.75499],[120.88816,16.75508],[120.88786,16.75638],[120.88666,16.75675]],[[120.60423,17.63108],[120.60506,17.63014],[120.6054,17.6289],[120.60449,17.62572],[120.60349,17.62444],[120.6049,17.62245],[120.60466,17.62043]],[[120.7666,17.57459],[120.76513,17.57302],[120.76158,17.57161],[120.75971,17.57264],[120.75669,17.57296],[120.75536,17.57272],[120.75464,17.57182],[120.75385,17.57182],[120.75156,17.57345],[120.74862,17.57469]],[[120.74862,17.57469],[120.74743,17.5767],[120.74372,17.57655],[120.74241,17.57717],[120.742,17.5777],[120.74166,17.58075],[120.73808,17.58175],[120.73706,17.58319]],[[120.74862,17.57469],[120.74816,17.57414],[120.74678,17.57404],[120.74614,17.57336],[120.74427,17.57364],[120.74187,17.57267]],[[120.74187,17.57267],[120.74181,17.57387],[120.7408,17.57463],[120.73784,17.57477],[120.73723,17.57525],[120.73824,17.57865],[120.73729,17.58125],[120.73562,17.583],[120.73628,17.58375]],[[120.86283,16.71727],[120.8634,16.71846],[120.86321,16.7199],[120.8621,16.72225],[120.86134,16.7229],[120.86121,16.72373],[120.86066,16.72375],[120.85919,16.725],[120.85863,16.72645],[120.85723,16.72773],[120.85664,16.72736],[120.85558,16.72776],[120.85521,16.72719],[120.85384,16.72811],[120.85251,16.72753],[120.85181,16.72839],[120.85108,16.72804],[120.84886,16.7298],[120.84861,16.73124],[120.84798,16.73155],[120.84719,16.731],[120.84575,16.73206],[120.84502,16.73318],[120.84363,16.73347],[120.84261,16.73418],[120.84034,16.73432],[120.83922,16.73334],[120.83792,16.7335],[120.83714,16.73265],[120.83237,16.73373],[120.83164,16.73233],[120.83032,16.73309],[120.82928,16.73306],[120.82823,16.73246],[120.82694,16.73291],[120.82502,16.73271],[120.8238,16.7331]],[[120.83448,16.95514],[120.83346,16.95473],[120.83248,16.95491]],[[120.74117,16.91831],[120.74265,16.91989]],[[120.74265,16.91989],[120.74307,16.9207],[120.74615,16.9231]],[[120.75197,16.88054],[120.7524,16.886],[120.75358,16.88686],[120.7526,16.88874],[120.75214,16.89086],[120.75112,16.8908],[120.75173,16.89245],[120.75121,16.89291],[120.75154,16.89346],[120.7514,16.89451],[120.75086,16.89513],[120.75089,16.89639],[120.74945,16.8998],[120.75043,16.90061],[120.74977,16.90132],[120.74962,16.90318],[120.74765,16.90451],[120.74695,16.90711],[120.746,16.90779],[120.74612,16.90898],[120.74551,16.90949],[120.74563,16.91019],[120.74507,16.9104],[120.74488,16.91242],[120.74412,16.91302],[120.74375,16.91405],[120.74404,16.91495],[120.74269,16.91653],[120.74263,16.91769],[120.74332,16.91842],[120.74336,16.91916],[120.74265,16.91989]],[[121.3102,16.90459],[121.30894,16.90541],[121.30877,16.90683],[121.30796,16.90695],[121.30724,16.90608],[121.30758,16.90454],[121.30669,16.90458],[121.30622,16.90514],[121.30587,16.9046],[121.30507,16.90261],[121.30506,16.90123],[121.30453,16.90121],[121.30399,16.90217],[121.30328,16.90178],[121.30217,16.90209],[121.30182,16.90152],[121.30232,16.90038],[121.30161,16.89987],[121.2998,16.90091],[121.29782,16.90102],[121.29666,16.90585],[121.2946,16.90608],[121.29387,16.90798],[121.29192,16.9092],[121.29165,16.91085],[121.29102,16.91065],[121.29058,16.90888],[121.28999,16.90888],[121.28973,16.90947],[121.2903,16.911],[121.28979,16.91224],[121.2891,16.91228],[121.28745,16.90962],[121.28619,16.91141],[121.28436,16.91176],[121.28274,16.91296],[121.2822,16.91273],[121.28181,16.91162],[121.27948,16.91014],[121.27869,16.91027]],[[121.32384,16.88003],[121.32423,16.88051],[121.32337,16.88108],[121.32313,16.88312],[121.32178,16.8837],[121.32285,16.88452],[121.32297,16.88542],[121.32395,16.88604],[121.32313,16.88631],[121.32263,16.88723],[121.32354,16.8871],[121.32375,16.88739],[121.32278,16.88823],[121.32391,16.88897],[121.32457,16.89049],[121.32404,16.89129],[121.32362,16.89035],[121.32058,16.8912],[121.32064,16.89167],[121.32134,16.8917],[121.3214,16.89231],[121.32086,16.89269],[121.32008,16.89185],[121.31991,16.89245],[121.3204,16.89377],[121.31929,16.89461],[121.31861,16.89448],[121.31833,16.89634],[121.31547,16.89608],[121.31456,16.89657],[121.31485,16.89771],[121.31406,16.89959],[121.31345,16.8997],[121.31262,16.89918],[121.31216,16.89945],[121.31159,16.90089],[121.31173,16.90157],[121.31036,16.90272],[121.31063,16.90412],[121.3102,16.90459]],[[120.68452,16.75388],[120.68397,16.75302],[120.68297,16.75252],[120.68263,16.75059],[120.68159,16.74941],[120.68177,16.74833],[120.68257,16.74727],[120.68283,16.74389],[120.68146,16.74232],[120.68012,16.74199],[120.68016,16.74052],[120.6785,16.73919],[120.67846,16.73773],[120.67709,16.73686],[120.67593,16.73736],[120.67494,16.73713],[120.67403,16.73745],[120.67333,16.73681],[120.6721,16.73776],[120.67202,16.73605],[120.67152,16.73566],[120.67038,16.73574],[120.66812,16.73435],[120.66718,16.73483],[120.6664,16.73589],[120.66522,16.73551],[120.66515,16.73457],[120.66384,16.73414],[120.66367,16.73366],[120.66479,16.73209],[120.66493,16.73005],[120.66339,16.72857],[120.66299,16.72739],[120.66133,16.72719],[120.66123,16.72517],[120.6618,16.72426],[120.66101,16.72318]],[[120.59956,16.60196],[120.59967,16.60121],[120.60021,16.60099],[120.59958,16.59999],[120.60126,16.59989],[120.60144,16.59949],[120.60098,16.59901],[120.60179,16.59813],[120.60266,16.59923],[120.60297,16.599],[120.60284,16.59785],[120.60431,16.5982],[120.60413,16.59777],[120.60485,16.59741],[120.60619,16.59802],[120.60688,16.59681]],[[120.65732,16.5678],[120.65427,16.5694]],[[120.6141,16.78557],[120.6097,16.78021],[120.60943,16.77729],[120.60814,16.77647],[120.60748,16.77531],[120.60704,16.77286],[120.60578,16.77137]],[[120.59101,16.76039],[120.58899,16.76288],[120.5892,16.76488],[120.58804,16.76564],[120.5883,16.7671],[120.58761,16.7698],[120.58635,16.77101]],[[120.58869,16.81619],[120.59058,16.81515],[120.59327,16.81452],[120.59242,16.81737],[120.59128,16.81929],[120.59154,16.82045],[120.59087,16.82199],[120.59076,16.82627],[120.5899,16.82654],[120.58973,16.82725],[120.58835,16.82807],[120.58806,16.82848],[120.58838,16.82996],[120.5879,16.83096],[120.58661,16.83177]],[[120.58661,16.83177],[120.5863,16.83235],[120.58678,16.83288],[120.58663,16.83331],[120.58504,16.83465],[120.58455,16.83801]],[[120.63297,17.30814],[120.63282,17.3074],[120.63227,17.30773],[120.63166,17.30752],[120.6313,17.30592],[120.63041,17.3059],[120.62949,17.30517]],[[120.92374,16.94838],[120.92342,16.94928],[120.92409,16.94984]],[[120.74041,16.64624],[120.73952,16.64668],[120.73852,16.64618],[120.73677,16.64681],[120.73437,16.64898],[120.73298,16.64916],[120.73217,16.6505]],[[120.63836,16.89406],[120.63837,16.89428]],[[120.96549,16.59308],[120.96522,16.59335],[120.96533,16.5942]],[[120.96548,16.59624],[120.96556,16.59635],[120.96546,16.59683]],[[120.96956,16.61301],[120.96928,16.61327],[120.96911,16.61357]],[[120.9677,16.6147],[120.96731,16.61588]],[[120.96938,16.62421],[120.96939,16.62531],[120.96954,16.6258]],[[120.97018,16.62755],[120.971,16.62816],[120.971,16.62888]],[[120.97022,16.63682],[120.97012,16.6374],[120.96966,16.63817]],[[120.96991,16.64129],[120.96976,16.64226],[120.97057,16.6431]],[[120.97022,16.64624],[120.97083,16.64916]],[[120.9736,16.65489],[120.97415,16.659]],[[120.93102,16.59439],[120.9321,16.59577],[120.93197,16.59652],[120.93268,16.59646],[120.93279,16.59698],[120.93406,16.59625],[120.93504,16.59642],[120.93576,16.59606],[120.93718,16.59787],[120.93825,16.59688],[120.94074,16.59627],[120.94126,16.59555],[120.94315,16.59527],[120.94394,16.59588],[120.94411,16.59452],[120.94458,16.59427],[120.94597,16.5955],[120.9466,16.59463],[120.94757,16.59465],[120.94837,16.59607],[120.94838,16.59756],[120.94947,16.59813],[120.9507,16.5978],[120.95142,16.59876],[120.95118,16.59974],[120.95291,16.5998],[120.95561,16.60155],[120.95623,16.60263],[120.95555,16.60343],[120.95566,16.60443],[120.95628,16.60465],[120.95708,16.60588],[120.95781,16.60615],[120.95875,16.6059],[120.96045,16.60491],[120.9616,16.605],[120.96329,16.60587],[120.96457,16.60511],[120.96609,16.60526],[120.96751,16.60612]],[[120.65615,16.35717],[120.65637,16.3581],[120.66023,16.3595],[120.66213,16.36098],[120.66266,16.36113],[120.66295,16.36049],[120.66369,16.36047],[120.664,16.36264],[120.66585,16.36312],[120.66842,16.36525]],[[120.66842,16.36525],[120.66849,16.36515]],[[121.13047,16.96413],[121.1309,16.96224],[121.13234,16.96065],[121.13164,16.95926],[121.13172,16.95853],[121.13097,16.9575],[121.12966,16.95676],[121.12732,16.95433],[121.12783,16.95297]],[[121.16962,16.9182],[121.16805,16.91323],[121.16897,16.91183],[121.16728,16.90942],[121.16766,16.9087],[121.16879,16.90913],[121.16886,16.90878],[121.16734,16.90513],[121.16781,16.90418],[121.17004,16.90255],[121.16954,16.9013],[121.16718,16.90058]],[[121.26767,16.92104],[121.2689,16.9197],[121.26891,16.91855],[121.26736,16.91719],[121.26724,16.91502],[121.26624,16.91484],[121.26433,16.91586],[121.26364,16.91568],[121.26369,16.91177],[121.26447,16.9111],[121.26515,16.91126],[121.26776,16.91333],[121.26829,16.91338],[121.26872,16.9129],[121.26901,16.90986]],[[121.30936,17.00651],[121.30939,17.00495],[121.30979,17.00455],[121.30947,17.00385],[121.30858,17.0035],[121.30863,17.00105],[121.30799,17.0006],[121.30936,16.99986],[121.30882,16.99839],[121.30923,16.99731],[121.30786,16.99619],[121.30824,16.9958],[121.3076,16.99468],[121.30632,16.99418],[121.30608,16.99293],[121.30715,16.99125],[121.30619,16.99008],[121.30864,16.98637],[121.30861,16.9847],[121.3073,16.98235],[121.30639,16.98233],[121.3059,16.98074],[121.30489,16.98054],[121.3031,16.97835],[121.30197,16.97798],[121.30099,16.97628],[121.29989,16.97576],[121.29965,16.97516],[121.30047,16.97374],[121.29998,16.97322],[121.29843,16.97337],[121.29807,16.97449],[121.29702,16.97536],[121.29697,16.97636],[121.29635,16.97675],[121.29463,16.97558],[121.29351,16.97714],[121.29358,16.97775],[121.29454,16.97855],[121.29479,16.97928],[121.29449,16.97997],[121.29055,16.97839],[121.28931,16.97832],[121.28897,16.97782],[121.28943,16.97579],[121.28829,16.97479],[121.28839,16.97375],[121.28781,16.97312],[121.286,16.9733],[121.2854,16.97098],[121.28421,16.9705],[121.28403,16.96994],[121.28497,16.96884],[121.2864,16.96823],[121.28661,16.96746],[121.28462,16.96605],[121.28321,16.96576],[121.28297,16.96589],[121.28338,16.96673],[121.28293,16.96781],[121.28254,16.96799],[121.28171,16.96748],[121.27806,16.96333],[121.27793,16.95987],[121.27547,16.95859],[121.2745,16.95625],[121.27457,16.95566],[121.27542,16.9548],[121.27652,16.95469],[121.27757,16.95855],[121.27806,16.95876],[121.27958,16.95733],[121.28169,16.95767],[121.28209,16.95733],[121.28238,16.95542],[121.28225,16.95366],[121.28044,16.95302],[121.27877,16.95327],[121.27836,16.95298],[121.27821,16.95143],[121.2789,16.94931],[121.27877,16.94842],[121.27758,16.94855],[121.27645,16.95004],[121.27383,16.95016],[121.27357,16.9517],[121.27314,16.95205],[121.27212,16.95184],[121.27138,16.95105],[121.2714,16.94929],[121.27208,16.94853],[121.27459,16.94882],[121.27608,16.9477],[121.27626,16.94687],[121.27589,16.94616],[121.27403,16.94417],[121.274,16.94366],[121.27457,16.94337],[121.27561,16.94149]],[[121.141,16.93324],[121.14028,16.93227],[121.14203,16.92974],[121.14216,16.9289],[121.14091,16.92692],[121.14155,16.92644],[121.14374,16.92681],[121.14425,16.92638],[121.14494,16.92402],[121.14628,16.92337],[121.14607,16.92247],[121.14695,16.92174],[121.1469,16.92086],[121.14531,16.92154],[121.14517,16.9209],[121.14762,16.91971],[121.14891,16.91861],[121.14925,16.91883],[121.1492,16.92001],[121.14967,16.92038],[121.15146,16.91822],[121.15192,16.91835],[121.15203,16.91951],[121.15339,16.91915],[121.1538,16.9174],[121.15436,16.91718],[121.15496,16.91803],[121.15535,16.92004],[121.15691,16.92003],[121.15675,16.92177],[121.15763,16.9217],[121.15853,16.92002],[121.15987,16.92097],[121.16202,16.92091],[121.16204,16.92201],[121.16256,16.92309],[121.16368,16.92193],[121.16449,16.92206]],[[121.14101,16.93325],[121.141,16.93324]],[[121.28977,17.3723],[121.28978,17.37351],[121.28921,17.37427],[121.28963,17.37481],[121.28983,17.37702],[121.28955,17.37745],[121.28998,17.37911],[121.29124,17.3813],[121.28945,17.3826],[121.28962,17.38324],[121.29126,17.38394],[121.29414,17.3844],[121.29468,17.38502],[121.29565,17.38493],[121.29687,17.3858],[121.29886,17.3863],[121.30327,17.38652],[121.30568,17.38748],[121.30609,17.38809],[121.3088,17.38947],[121.31153,17.38971],[121.31453,17.3922],[121.31643,17.39597]],[[121.44167,17.58893],[121.44291,17.58951],[121.44325,17.59009],[121.44173,17.59295],[121.44148,17.5947],[121.44202,17.5964],[121.44324,17.59833],[121.44334,17.60065],[121.44413,17.60342],[121.44399,17.60396],[121.44258,17.60469],[121.44186,17.6061],[121.4421,17.60742],[121.44298,17.60879],[121.44258,17.61014],[121.44262,17.61375],[121.44209,17.61474],[121.43504,17.6214],[121.4325,17.62201],[121.43029,17.622]],[[121.09036,17.32172],[121.09081,17.32426],[121.09203,17.32617],[121.09233,17.32783],[121.08956,17.33075],[121.08922,17.33313],[121.09054,17.33571],[121.0916,17.33653],[121.09209,17.33791],[121.09223,17.33958],[121.09175,17.34059],[121.09211,17.34136],[121.09106,17.34388],[121.09129,17.34475],[121.09259,17.34568],[121.0933,17.34537],[121.09419,17.34581],[121.09382,17.34787],[121.09291,17.34937],[121.09302,17.35146]],[[121.04242,17.37169],[121.0435,17.37145],[121.04721,17.37199],[121.04919,17.37116],[121.05455,17.37188],[121.05577,17.37044],[121.05694,17.37004],[121.05959,17.37005],[121.06227,17.3689],[121.0634,17.36927],[121.06423,17.36789],[121.06574,17.36786],[121.0661,17.36725],[121.06694,17.36703],[121.06833,17.36703],[121.07115,17.36506],[121.07406,17.36455],[121.07785,17.36204],[121.07927,17.36053],[121.08068,17.36],[121.0819,17.35794],[121.08526,17.35547],[121.08516,17.35428],[121.0845,17.35359],[121.08427,17.35182],[121.08357,17.35032]],[[121.0383,17.32533],[121.03842,17.32635],[121.03597,17.32956],[121.03628,17.33069],[121.03576,17.33173]],[[121.19975,17.42246],[121.20124,17.4207],[121.19974,17.41929],[121.19987,17.41853],[121.20041,17.41838],[121.19994,17.41309],[121.2002,17.41122],[121.20067,17.41083],[121.20151,17.41099],[121.20171,17.41057],[121.20029,17.40981],[121.201,17.4075],[121.20054,17.40594],[121.20104,17.40546],[121.19892,17.40397],[121.19739,17.40136],[121.19731,17.40053],[121.19777,17.39902],[121.19845,17.39855],[121.19959,17.39652],[121.20042,17.3961],[121.20062,17.39519],[121.20231,17.39469]],[[121.0194,16.73956],[121.02074,16.73962],[121.02339,16.7413],[121.02511,16.74113],[121.02557,16.74155],[121.02682,16.74289],[121.02679,16.74447],[121.02613,16.74486],[121.02668,16.74547],[121.02741,16.74554],[121.02807,16.74631],[121.0282,16.74726],[121.02912,16.74755],[121.02895,16.74936],[121.03126,16.75136],[121.03198,16.75147],[121.03214,16.75235],[121.0331,16.75119],[121.03348,16.75155],[121.03302,16.75201],[121.03351,16.7523],[121.03416,16.75178],[121.03424,16.75111],[121.03479,16.75155],[121.03422,16.7506],[121.03442,16.75027],[121.03525,16.75062],[121.03568,16.75216],[121.03637,16.75154],[121.03672,16.75192],[121.03738,16.75184],[121.03725,16.75064],[121.03869,16.75168],[121.04029,16.75073],[121.04073,16.75017],[121.04014,16.74933],[121.04272,16.75115],[121.04477,16.75015],[121.04529,16.75028],[121.0459,16.74971],[121.04722,16.74962],[121.04788,16.74906],[121.05091,16.74937],[121.05147,16.74814],[121.05242,16.74767],[121.05305,16.74646],[121.05385,16.74607],[121.05393,16.74557],[121.05489,16.74526],[121.05518,16.74332],[121.05679,16.74195],[121.05742,16.74077],[121.05744,16.73979],[121.05869,16.73942],[121.06183,16.73718],[121.06506,16.73699],[121.06657,16.73569],[121.06831,16.73646],[121.07001,16.73498],[121.07235,16.73548]],[[121.4454,17.51288],[121.44479,17.5135],[121.44484,17.51556],[121.44576,17.51698],[121.44728,17.51821],[121.44831,17.52021],[121.44981,17.52148],[121.45126,17.52475],[121.45109,17.52614],[121.44897,17.5271],[121.44752,17.52947],[121.4488,17.532],[121.44854,17.5385]],[[120.69661,16.32212],[120.69741,16.3213],[120.70127,16.31916],[120.70658,16.31354],[120.70772,16.31352],[120.70905,16.31203],[120.71072,16.31171],[120.71097,16.31047],[120.71186,16.31062]],[[120.69793,16.30775],[120.69954,16.30661],[120.70032,16.30659],[120.70334,16.30812],[120.70957,16.30891],[120.7109,16.30958],[120.71186,16.31062]],[[120.98488,16.73219],[120.98593,16.73291],[120.98584,16.73583]],[[121.39904,18.31596],[121.39979,18.317],[121.39749,18.31838],[121.39684,18.31974],[121.39865,18.32061],[121.39985,18.3224],[121.40296,18.32461],[121.40312,18.32546],[121.40258,18.32758],[121.40385,18.32867],[121.40279,18.33023],[121.40325,18.33279],[121.40719,18.33346]],[[121.37785,18.20457],[121.37969,18.2083],[121.38047,18.21188],[121.38729,18.21803],[121.38732,18.21922],[121.38578,18.22068],[121.38525,18.2218],[121.38513,18.22647],[121.38372,18.23033],[121.38395,18.23204],[121.38366,18.23384],[121.38524,18.23475]],[[121.38524,18.23475],[121.38478,18.23593],[121.38375,18.23603],[121.38371,18.23882],[121.38437,18.24054],[121.38715,18.24182],[121.38784,18.24351],[121.38764,18.2443],[121.38635,18.24441],[121.38448,18.24559],[121.38442,18.24655],[121.38518,18.24856],[121.38809,18.24985],[121.38925,18.24977],[121.39357,18.24806],[121.39623,18.24788]],[[121.39623,18.24788],[121.39783,18.2508],[121.40059,18.2527],[121.40141,18.25399],[121.40176,18.25527],[121.40139,18.25611],[121.40202,18.25821],[121.40186,18.26005],[121.40107,18.26172],[121.40159,18.26596],[121.40381,18.26912],[121.40579,18.26896],[121.40833,18.26986],[121.41112,18.27184],[121.41184,18.2732],[121.41178,18.2754]],[[120.96518,18.45232],[120.96444,18.45544],[120.96511,18.45648],[120.96742,18.4579],[120.96731,18.45928],[120.9691,18.46502],[120.96888,18.46588]],[[121.27094,18.34697],[121.27463,18.34722],[121.27675,18.34898],[121.2772,18.35043],[121.27777,18.35049]],[[121.06611,18.02143],[121.06752,18.02005],[121.06803,18.01886],[121.06952,18.0179],[121.06952,18.01689],[121.07135,18.01692],[121.07106,18.01479]],[[121.33299,17.86807],[121.33401,17.8673],[121.33351,17.86608],[121.3344,17.86635],[121.3348,17.86601],[121.33369,17.86526],[121.33539,17.86264]],[[121.0318,18.18757],[121.03208,18.18668],[121.03403,18.18721],[121.03671,18.18698],[121.03942,18.18778],[121.04031,18.18738],[121.04181,18.1859],[121.04177,18.18397],[121.04299,18.18334],[121.04287,18.18236],[121.04432,18.18139],[121.04605,18.18182],[121.04917,18.18133],[121.05104,18.18036],[121.0556,18.18178],[121.06073,18.17977],[121.0631,18.17806],[121.06808,18.17942],[121.07111,18.17964]],[[121.05377,18.04132],[121.05419,18.04106]],[[121.05419,18.04106],[121.05571,18.04095],[121.05639,18.04051]],[[121.05639,18.04051],[121.05734,18.04012]],[[121.05668,18.0402],[121.05734,18.04012]],[[121.05734,18.04012],[121.05851,18.03989],[121.05888,18.0389],[121.06032,18.03769],[121.06162,18.03524],[121.06184,18.03272],[121.0635,18.03324],[121.06408,18.03128],[121.06501,18.03024],[121.06438,18.02847],[121.06549,18.02595],[121.06528,18.02274],[121.06611,18.02143]],[[121.38524,18.23475],[121.3881,18.23501],[121.39096,18.23624],[121.39178,18.2372],[121.39195,18.23883],[121.39163,18.2394],[121.39292,18.2417],[121.39487,18.24272],[121.39615,18.24237],[121.39692,18.24275],[121.39749,18.24441],[121.39575,18.24643],[121.39623,18.24788]],[[121.40453,18.29971],[121.40505,18.30152],[121.40586,18.30199],[121.40834,18.30118],[121.4097,18.29918],[121.41085,18.29876],[121.41296,18.29894],[121.41461,18.30069],[121.41407,18.30278],[121.41308,18.30372],[121.41208,18.30385],[121.41131,18.3053],[121.41223,18.30751],[121.41121,18.31051],[121.41215,18.31144]],[[121.40945,18.28551],[121.4113,18.2868],[121.41163,18.28916]],[[121.36066,18.34016],[121.36068,18.3402]],[[121.31635,18.32048],[121.31691,18.32018],[121.31825,18.32115],[121.31855,18.32079],[121.31761,18.31995],[121.31756,18.31935],[121.31933,18.31849],[121.32057,18.31931],[121.32227,18.31871],[121.32334,18.31775],[121.32452,18.31753],[121.32485,18.31652],[121.32605,18.31621],[121.32692,18.31485],[121.32744,18.31623],[121.32797,18.31637],[121.32795,18.31749],[121.32884,18.31822],[121.32902,18.31892],[121.32941,18.3192],[121.33185,18.31892],[121.33249,18.31953],[121.33322,18.32136],[121.33418,18.32172],[121.33449,18.32297],[121.3362,18.32395],[121.33587,18.32533],[121.33649,18.3259],[121.33715,18.32591],[121.33722,18.32621],[121.33679,18.32621],[121.33713,18.3274],[121.33815,18.32715],[121.33844,18.32592],[121.33892,18.32612],[121.33906,18.32534],[121.33966,18.32519],[121.3401,18.32602],[121.34084,18.32539],[121.34198,18.32568],[121.34224,18.32618],[121.34139,18.32683],[121.342,18.32704],[121.34308,18.3266],[121.34384,18.32747],[121.3451,18.32711],[121.34542,18.3264],[121.34638,18.3265],[121.34746,18.32722],[121.35048,18.32738],[121.34983,18.3278],[121.3503,18.32966],[121.34937,18.33076],[121.35043,18.33141],[121.35072,18.331],[121.35116,18.33167],[121.35204,18.33168],[121.35223,18.33239],[121.35375,18.33309]],[[121.35375,18.33309],[121.35495,18.33435],[121.35668,18.33476],[121.35872,18.336],[121.35912,18.33674],[121.35836,18.33677],[121.3584,18.33724],[121.35913,18.33786],[121.35968,18.33743],[121.35964,18.33839],[121.3601,18.33864],[121.35916,18.33961],[121.35917,18.3401],[121.36066,18.34016]],[[121.32891,18.33639],[121.32891,18.33632]],[[121.32333,18.33871],[121.32389,18.33821],[121.32474,18.33913],[121.32521,18.33886],[121.32523,18.33772],[121.32425,18.33727],[121.32481,18.33661],[121.32592,18.33746],[121.32749,18.33662],[121.32903,18.337],[121.32891,18.33639]],[[121.36662,18.34538],[121.36914,18.34649],[121.37008,18.34532],[121.3701,18.34598],[121.37075,18.34553],[121.37136,18.34568]],[[121.36068,18.3402],[121.36202,18.34094],[121.36326,18.34225],[121.36321,18.34273],[121.36235,18.34254],[121.36208,18.34324],[121.36391,18.3438],[121.36511,18.34514],[121.36526,18.3444]],[[121.05639,18.04051],[121.05668,18.0402]],[[121.06044,18.20505],[121.06118,18.20444],[121.06267,18.20472],[121.06369,18.20566],[121.06456,18.20515],[121.06644,18.20558],[121.06835,18.2045]],[[121.0502,17.92716],[121.05049,17.9267],[121.04998,17.92591],[121.05058,17.92591]],[[121.0435,17.92481],[121.04583,17.9255],[121.04675,17.92512],[121.04797,17.92584],[121.04868,17.92578],[121.04885,17.92685],[121.04956,17.92668],[121.0502,17.92716]],[[121.03329,17.92281],[121.03456,17.924],[121.03577,17.92389],[121.0375,17.92565],[121.03892,17.92478],[121.04012,17.92573],[121.04265,17.92555],[121.0435,17.92481]],[[121.1369,17.65607],[121.13606,17.65504],[121.13383,17.65602],[121.13325,17.65554],[121.13249,17.65177],[121.13174,17.65154],[121.13196,17.65037],[121.13122,17.6497]],[[121.11355,17.65449],[121.11389,17.65562],[121.11345,17.65743],[121.11472,17.65796],[121.11549,17.65717],[121.11587,17.65805],[121.11667,17.65831],[121.1176,17.65796],[121.11779,17.65855],[121.1185,17.65861],[121.1191,17.65774],[121.12014,17.6572],[121.11964,17.65612],[121.12136,17.655],[121.12204,17.65385],[121.12391,17.65335],[121.12605,17.65162],[121.12626,17.65084],[121.12843,17.64985],[121.12985,17.65043],[121.13122,17.6497]],[[121.16084,17.6757],[121.16133,17.67802],[121.16296,17.6798],[121.16472,17.68003],[121.16519,17.6804],[121.16534,17.68139],[121.16584,17.68151],[121.16677,17.68075],[121.16736,17.68223],[121.16886,17.68165]],[[121.26729,17.64411],[121.26758,17.64248],[121.26975,17.64086],[121.27263,17.63668]],[[121.27871,17.65411],[121.27926,17.65373],[121.2792,17.65258],[121.28149,17.64994],[121.28204,17.64714],[121.28342,17.64622],[121.28433,17.64624],[121.28526,17.64565],[121.28483,17.64401],[121.28523,17.64368]],[[121.28523,17.64368],[121.28451,17.64018],[121.2853,17.63874],[121.28516,17.63742],[121.28443,17.63716],[121.28422,17.63618],[121.28483,17.63519],[121.28467,17.63401],[121.28565,17.63344],[121.28584,17.63166],[121.28511,17.63032],[121.28543,17.62907],[121.28442,17.62894],[121.28378,17.62722],[121.28375,17.62586],[121.28467,17.62329],[121.28386,17.62251]],[[121.27263,17.63668],[121.27314,17.63493]],[[121.27314,17.63493],[121.27564,17.63207],[121.27662,17.63187],[121.27841,17.62945],[121.27922,17.62912],[121.28089,17.62925],[121.28247,17.62499],[121.28373,17.6237],[121.28386,17.62251]],[[121.28386,17.62251],[121.2833,17.62122],[121.28204,17.62072],[121.28097,17.61838],[121.27932,17.61752],[121.27905,17.6159],[121.27999,17.61409],[121.27855,17.61329],[121.28052,17.61151],[121.28049,17.61035],[121.27952,17.60951],[121.27939,17.60885],[121.28077,17.60629],[121.28017,17.60462],[121.28203,17.60099]],[[121.25485,17.63991],[121.25796,17.63835],[121.25858,17.63855],[121.25918,17.6395],[121.25975,17.63957],[121.26042,17.63879],[121.26177,17.63881],[121.26587,17.63785],[121.26844,17.63631],[121.26998,17.6363],[121.27066,17.63567],[121.27314,17.63493]],[[121.31838,17.62696],[121.31834,17.6264],[121.3177,17.62601],[121.3182,17.62555],[121.31766,17.62514],[121.31857,17.62448],[121.31771,17.62389],[121.31717,17.62161],[121.31659,17.62147],[121.3161,17.62018]],[[120.96684,17.90615],[120.96526,17.90602],[120.96544,17.90509],[120.96458,17.90472],[120.96329,17.90304],[120.96102,17.90196],[120.96019,17.90025],[120.95887,17.89937]],[[120.95887,17.89937],[120.95736,17.89869],[120.9578,17.89722],[120.95754,17.8951],[120.95998,17.89338]],[[120.94826,17.91099],[120.94883,17.90961],[120.94959,17.90959],[120.95071,17.90773],[120.95234,17.90867],[120.95248,17.90969],[120.95365,17.90934],[120.95566,17.91029],[120.95604,17.91028],[120.95637,17.90941],[120.95739,17.9096],[120.95831,17.90895],[120.9589,17.90734],[120.95843,17.90466],[120.95861,17.90341],[120.95954,17.90321],[120.95932,17.90257]],[[120.95932,17.90257],[120.9593,17.90134],[120.95867,17.90041],[120.95887,17.89937]],[[120.97905,18.14561],[120.97816,18.14192],[120.979,18.14007],[120.97881,18.13915],[120.97945,18.13868]],[[121.0656,17.9649],[121.06812,17.96402],[121.06854,17.96445],[121.06943,17.96424],[121.07043,17.96474],[121.07252,17.96381],[121.07309,17.96493],[121.0743,17.96426],[121.07567,17.9649],[121.07478,17.96622],[121.07579,17.96749],[121.07507,17.96995],[121.07526,17.97119],[121.07474,17.97232],[121.0737,17.97272],[121.07387,17.97377],[121.07332,17.97381],[121.07305,17.97297],[121.07242,17.97371],[121.07261,17.97429],[121.07371,17.97452],[121.07402,17.9756],[121.07446,17.9757],[121.07401,17.97679],[121.07299,17.97719],[121.07424,17.97783],[121.07416,17.98016],[121.07343,17.98004],[121.07282,17.98065],[121.07367,17.98217],[121.07314,17.98303],[121.07425,17.98384],[121.07432,17.98503],[121.07614,17.98441],[121.07725,17.98528],[121.07667,17.98661],[121.07727,17.98771],[121.07517,17.9884],[121.07574,17.99029],[121.07682,17.99061],[121.07763,17.98989],[121.07949,17.99027],[121.07943,17.99167],[121.07867,17.99197],[121.07977,17.99229],[121.07974,17.9929],[121.07939,17.99319],[121.07783,17.99306],[121.0784,17.99481],[121.07793,17.99618],[121.07896,17.9962],[121.07868,17.99667],[121.07914,17.99739],[121.0803,17.99735],[121.07935,17.99866],[121.0807,17.99967],[121.08013,18.0016],[121.07938,18.00214],[121.07993,18.00291],[121.0814,18.00317],[121.08156,18.00483],[121.08224,18.00536],[121.08268,18.00645],[121.08339,18.00947],[121.08249,18.01066],[121.0826,18.01177],[121.08364,18.01228],[121.08511,18.01187],[121.08569,18.01291]],[[121.02514,18.18909],[121.02626,18.18896],[121.02628,18.18846],[121.02816,18.18755],[121.02931,18.18817],[121.03001,18.18795],[121.03115,18.18828],[121.03159,18.18817],[121.0318,18.18757]],[[121.26327,18.34369],[121.26427,18.3439]],[[121.26427,18.3439],[121.26868,18.34696],[121.27094,18.34697]],[[121.2582,18.34186],[121.25889,18.34166],[121.25977,18.34231]],[[121.20886,18.35336],[121.20994,18.35178],[121.21125,18.35203],[121.21167,18.35177],[121.21265,18.34947],[121.21235,18.34867],[121.21385,18.34801],[121.21347,18.34708],[121.21373,18.34667],[121.2147,18.34661],[121.21479,18.34608],[121.21416,18.34547],[121.2144,18.34479],[121.21617,18.34476],[121.2166,18.34437],[121.21718,18.34465],[121.21747,18.34291],[121.22056,18.34268],[121.22102,18.34149],[121.22472,18.34035],[121.22665,18.34079],[121.22783,18.34043],[121.22853,18.34067],[121.22832,18.34179],[121.2271,18.3435],[121.22742,18.34475],[121.22766,18.34361],[121.22858,18.34379],[121.2286,18.34471],[121.22809,18.34554],[121.22903,18.34615],[121.23329,18.34545],[121.23395,18.34411],[121.23456,18.34385],[121.23484,18.34286],[121.23596,18.34235],[121.2369,18.34127],[121.24064,18.33957],[121.24222,18.33928],[121.24256,18.34027],[121.24232,18.34131],[121.24445,18.34256],[121.24508,18.34404],[121.24678,18.34469],[121.24836,18.34601],[121.25135,18.34654],[121.25317,18.34875],[121.25349,18.34825],[121.25416,18.34833],[121.25691,18.34697],[121.25682,18.34568],[121.25798,18.34564],[121.25741,18.344],[121.25656,18.34321],[121.25602,18.34197],[121.2568,18.34152],[121.25701,18.34051],[121.25739,18.34038],[121.25774,18.34067],[121.25769,18.34156],[121.2582,18.34186]],[[121.2582,18.34186],[121.25977,18.34231]],[[121.25977,18.34231],[121.26183,18.34392],[121.26327,18.34369]],[[121.07513,17.68576],[121.0756,17.68821],[121.07664,17.6896],[121.07727,17.68985],[121.07705,17.69178],[121.07809,17.69182],[121.07911,17.69265]],[[121.08091,17.68583],[121.08021,17.68716],[121.08042,17.6879],[121.08095,17.68816],[121.08099,17.68927],[121.08056,17.68976],[121.08157,17.69045],[121.08083,17.69109],[121.07957,17.6913],[121.07911,17.69265]],[[121.07911,17.69265],[121.07965,17.69512],[121.07939,17.69535],[121.07862,17.69497],[121.07872,17.69578],[121.07969,17.69637],[121.07949,17.69667],[121.08012,17.69801],[121.07887,17.69915],[121.08049,17.69969],[121.07868,17.70286],[121.07956,17.70346],[121.07913,17.7041],[121.07953,17.70445],[121.08092,17.70417],[121.08121,17.70441],[121.08048,17.70698],[121.08065,17.70838],[121.08001,17.70908],[121.07937,17.70806],[121.07892,17.70822],[121.07823,17.70971],[121.07997,17.71074],[121.07941,17.71108],[121.07858,17.71088],[121.07767,17.71252],[121.07708,17.71213],[121.07696,17.71299],[121.07627,17.71334],[121.07633,17.71389]],[[121.15691,17.72504],[121.1585,17.72496],[121.15857,17.72535],[121.1578,17.72602],[121.15827,17.7263],[121.16031,17.72612],[121.16119,17.72552],[121.1615,17.72642],[121.16458,17.72702],[121.16675,17.72803],[121.16756,17.72806],[121.16942,17.72697],[121.17079,17.72689],[121.1711,17.72624],[121.17209,17.72598],[121.17344,17.72698],[121.17571,17.72742],[121.17647,17.72848],[121.17738,17.72825],[121.17904,17.72644],[121.17987,17.72652],[121.18074,17.72601],[121.18146,17.72417],[121.18283,17.72406],[121.18516,17.72473],[121.18834,17.72241],[121.18852,17.72104]],[[121.18852,17.72104],[121.18903,17.7209],[121.1898,17.72179],[121.19223,17.72264],[121.19333,17.7225],[121.19476,17.72029],[121.19946,17.72227],[121.20043,17.72177],[121.20104,17.72089],[121.20189,17.7207],[121.20193,17.72254],[121.20249,17.72324],[121.20465,17.72226],[121.20577,17.72384],[121.20752,17.7243],[121.20833,17.72355],[121.2104,17.72494],[121.21136,17.72494],[121.21286,17.72431],[121.21395,17.72335],[121.21436,17.72139],[121.21519,17.72067],[121.216,17.71731],[121.21956,17.71575]],[[121.21956,17.71575],[121.22052,17.71483],[121.22309,17.71408],[121.2241,17.71262],[121.22669,17.71154],[121.22778,17.7115],[121.22924,17.71258]],[[121.31909,17.79281],[121.32057,17.79413],[121.32043,17.79866]],[[121.02626,16.88712],[121.02584,16.88593]],[[121.3463,17.65402],[121.34686,17.65495],[121.34626,17.65578],[121.34739,17.65649],[121.34716,17.65697],[121.34784,17.6578],[121.3478,17.65877],[121.34837,17.65907],[121.34853,17.66033],[121.34991,17.661],[121.34923,17.6615],[121.34944,17.66196],[121.35107,17.66094],[121.35233,17.66155],[121.35334,17.661],[121.35411,17.66127],[121.35553,17.66026],[121.35652,17.6602],[121.358,17.66057],[121.35787,17.66097],[121.35736,17.66091],[121.35746,17.66124],[121.35853,17.66117],[121.36137,17.66208],[121.36123,17.6631],[121.3619,17.6648],[121.36256,17.66428],[121.36403,17.66422],[121.36438,17.66479],[121.36546,17.66516]],[[121.24133,17.83353],[121.24216,17.83521],[121.24534,17.83718],[121.24649,17.83747],[121.24906,17.83716]],[[120.77975,17.07755],[120.77962,17.07791],[120.78106,17.08004],[120.78071,17.08099],[120.77912,17.08111],[120.77858,17.08159],[120.77897,17.08254],[120.77886,17.08664]],[[120.78384,17.02747],[120.78292,17.02781],[120.78259,17.02878],[120.7801,17.02887],[120.77843,17.03019]],[[120.77843,17.03019],[120.77868,17.0305],[120.77815,17.03132]],[[120.78037,17.06715],[120.7804,17.06861],[120.77985,17.07025],[120.78079,17.07137],[120.78037,17.07325],[120.78121,17.07394],[120.78011,17.07591],[120.77975,17.07755]],[[120.78376,17.06284],[120.78325,17.06383],[120.78203,17.06446],[120.78037,17.06715]],[[121.33331,17.09784],[121.33607,17.0959]],[[121.33658,17.09411],[121.33798,17.09404]],[[121.33671,17.09388],[121.33784,17.09375]],[[120.98268,17.09512],[120.98482,17.09601],[120.98709,17.09573]],[[120.98709,17.09573],[120.98966,17.09518]],[[120.7911,17.0662],[120.78931,17.06527],[120.78707,17.06323],[120.78376,17.06284]],[[120.79653,17.0166],[120.79588,17.01611],[120.79543,17.01491],[120.79481,17.01509],[120.79421,17.01619],[120.79281,17.01703],[120.79221,17.01879],[120.79069,17.01906],[120.7902,17.01954],[120.79099,17.02063],[120.79129,17.02204],[120.7904,17.02288],[120.7904,17.02415],[120.78999,17.02464],[120.78806,17.02475],[120.78721,17.02566],[120.78875,17.02711],[120.78544,17.02845],[120.7843,17.02828],[120.78384,17.02747]],[[120.80664,16.92036],[120.80775,16.92292],[120.80599,16.923],[120.80604,16.92355],[120.80559,16.92386],[120.8038,16.92411],[120.80254,16.92382],[120.80217,16.92413],[120.80125,16.92574],[120.80217,16.92816],[120.80191,16.92863],[120.80163,16.92862]],[[120.48375,16.4391],[120.48393,16.4364]],[[120.63806,16.52249],[120.63742,16.52305],[120.6364,16.52306],[120.63592,16.52243],[120.63403,16.52374],[120.63259,16.5228],[120.63184,16.52299],[120.63153,16.52364],[120.63065,16.52338],[120.62998,16.52393],[120.62871,16.52372],[120.62826,16.52293],[120.62795,16.52372],[120.62706,16.52379],[120.6268,16.52456],[120.62549,16.52484],[120.62421,16.52433],[120.62275,16.52516],[120.62137,16.52463],[120.61826,16.52577],[120.61692,16.52463],[120.61554,16.52566],[120.61464,16.52564],[120.61165,16.52488],[120.6086,16.52363],[120.60697,16.52249],[120.60503,16.52201],[120.60427,16.52052],[120.60343,16.52002],[120.60289,16.51772],[120.60028,16.51328]],[[120.60028,16.51328],[120.59935,16.51254],[120.59614,16.51201],[120.59447,16.51224],[120.59261,16.51313],[120.59027,16.51282],[120.58466,16.51314],[120.58331,16.51355],[120.58166,16.51327],[120.57888,16.51511]],[[121.18595,16.87855],[121.18771,16.8801],[121.18847,16.8795],[121.18936,16.88018],[121.19176,16.88048],[121.19102,16.88146],[121.1912,16.88216],[121.19246,16.88214],[121.19453,16.88329],[121.19546,16.88263],[121.19527,16.88371],[121.19642,16.8843],[121.19634,16.88492],[121.19694,16.88548],[121.19635,16.88575],[121.19622,16.8864],[121.19699,16.88702],[121.19845,16.88682],[121.19964,16.88819]],[[121.19354,16.86626],[121.19418,16.86723],[121.19334,16.8689],[121.19216,16.86836],[121.19194,16.86962],[121.19305,16.87006],[121.19226,16.8706],[121.19157,16.87326],[121.19013,16.87475],[121.18988,16.87559],[121.18919,16.87532],[121.18853,16.87565],[121.18729,16.87766],[121.18595,16.87855]],[[121.20098,16.85879],[121.20091,16.85942],[121.20172,16.85947],[121.20146,16.85994],[121.19973,16.86035],[121.19783,16.86254],[121.1967,16.8627],[121.19603,16.8639],[121.19486,16.86437],[121.19354,16.86626]],[[121.17285,16.8726],[121.17324,16.87213],[121.17446,16.87252],[121.1747,16.87348],[121.17573,16.87425],[121.17718,16.87445],[121.18004,16.87393],[121.18133,16.87437],[121.18225,16.87542],[121.1838,16.87492],[121.1848,16.87532],[121.18585,16.87504],[121.18631,16.87613],[121.18566,16.87735],[121.18595,16.87855]],[[121.16157,16.87208],[121.16219,16.8725],[121.16333,16.8724],[121.16333,16.87312],[121.16455,16.87336],[121.16568,16.87216],[121.16739,16.87207],[121.16779,16.87152],[121.16825,16.87218],[121.16853,16.87154],[121.16894,16.87195],[121.17053,16.87073],[121.17112,16.87105],[121.17126,16.87221],[121.17249,16.8718],[121.17285,16.8726]],[[121.21372,16.90685],[121.21307,16.90564],[121.21367,16.90396],[121.21271,16.9033],[121.21346,16.90241],[121.21386,16.89982],[121.21571,16.89828],[121.21559,16.8976],[121.21463,16.89746],[121.21472,16.89688],[121.21408,16.89628],[121.21428,16.89585],[121.21333,16.89591],[121.21369,16.89468],[121.2143,16.89467],[121.21399,16.89398],[121.21443,16.89343]],[[120.82308,16.70555],[120.82225,16.70453]],[[121.00761,18.13314],[121.00692,18.13118],[121.00614,18.13029],[121.00571,18.12787],[121.00651,18.12763],[121.00814,18.12577],[121.00933,18.12616],[121.01174,18.12425],[121.01338,18.12412],[121.01424,18.12361],[121.01463,18.12202],[121.01532,18.12202],[121.01607,18.12259]],[[121.01607,18.12259],[121.01791,18.12149],[121.01978,18.11781]],[[121.01632,18.12932],[121.01677,18.12796],[121.0163,18.1264],[121.01659,18.12485],[121.01599,18.12343],[121.01607,18.12259]],[[121.37039,18.18498],[121.37188,18.18511],[121.37239,18.18589],[121.37445,18.18979],[121.37431,18.19194],[121.37378,18.19311],[121.37304,18.1932],[121.37181,18.19495],[121.36837,18.19732]],[[121.36837,18.19732],[121.36695,18.19888]],[[121.31457,18.23085],[121.31595,18.23102],[121.31609,18.23146]],[[120.49269,16.51669],[120.49298,16.517],[120.49174,16.51774],[120.49167,16.51849],[120.49227,16.51877],[120.49221,16.51943],[120.49165,16.52181],[120.4912,16.52214],[120.49121,16.52308],[120.49014,16.52329],[120.4892,16.52474],[120.48807,16.52503],[120.4869,16.52601],[120.48451,16.52579],[120.48338,16.52607],[120.48259,16.52513],[120.48191,16.52536],[120.48,16.52487],[120.47946,16.52625],[120.47878,16.52642]],[[120.50888,16.39604],[120.50895,16.3963]],[[120.49612,16.41163],[120.49473,16.41164],[120.49528,16.41267],[120.49425,16.41285],[120.4952,16.41379],[120.49455,16.41405],[120.49336,16.41552],[120.49202,16.41573],[120.49162,16.41438],[120.4899,16.41595],[120.48804,16.41592],[120.48542,16.4178],[120.48411,16.41812],[120.48563,16.4215],[120.48414,16.422],[120.4837,16.42416],[120.48166,16.4263],[120.48161,16.42717],[120.48245,16.42959],[120.482,16.43008],[120.48007,16.43033],[120.48055,16.43371],[120.47909,16.4348]],[[120.56997,17.36148],[120.56894,17.36165],[120.56815,17.36369]],[[120.58995,17.38574],[120.59071,17.38393],[120.59056,17.3829],[120.59127,17.38229],[120.59607,17.38196],[120.59701,17.38037],[120.59586,17.3799],[120.59576,17.37924],[120.59673,17.379],[120.60018,17.37953],[120.60063,17.37928],[120.60107,17.37769],[120.60232,17.37871],[120.60469,17.37916],[120.60529,17.37887],[120.60549,17.37773],[120.60478,17.3771],[120.60229,17.37631],[120.6005,17.37442],[120.5986,17.37624],[120.59826,17.37709],[120.59763,17.37722],[120.59792,17.37574],[120.59678,17.37356],[120.59302,17.37239],[120.59195,17.37287],[120.59177,17.37083],[120.59244,17.36986],[120.59168,17.36821],[120.59221,17.36428],[120.59194,17.36302],[120.59145,17.3627],[120.58979,17.36294],[120.58817,17.36449],[120.58754,17.36458],[120.58348,17.36315],[120.57979,17.3611],[120.5782,17.3593]],[[121.06622,18.49586],[121.06562,18.49705]],[[121.09335,18.54241],[121.09472,18.54333]],[[121.10618,18.51019],[121.10599,18.5113],[121.10648,18.51243],[121.10554,18.51278],[121.10537,18.51353],[121.10394,18.51388],[121.10426,18.51561],[121.10301,18.51731],[121.10177,18.51635],[121.10081,18.51658],[121.10122,18.51788],[121.10082,18.51828]],[[121.09324,18.52851],[121.09281,18.53105]],[[121.19105,18.27457],[121.19286,18.27448],[121.19432,18.27487]],[[121.18522,18.28008],[121.18653,18.2802],[121.18678,18.27991],[121.18647,18.27804]],[[121.23591,18.31913],[121.23671,18.31778],[121.23786,18.31685]],[[121.15337,18.34668],[121.15397,18.34659],[121.15455,18.34499],[121.15518,18.34469],[121.15628,18.34494],[121.15651,18.34589],[121.15609,18.34702],[121.15725,18.34635],[121.16031,18.34654],[121.1611,18.34529],[121.16183,18.34521],[121.16285,18.34643],[121.16403,18.3462],[121.16404,18.34802],[121.16431,18.34684],[121.16523,18.34726],[121.16584,18.34577],[121.16922,18.34569],[121.16971,18.34505],[121.16947,18.3441],[121.17015,18.34407],[121.17052,18.34168],[121.17109,18.34108],[121.17407,18.34078],[121.17426,18.34042],[121.17382,18.34017],[121.17378,18.33939],[121.17425,18.33858],[121.1754,18.33873],[121.17612,18.33769],[121.1777,18.3377],[121.17827,18.33698],[121.17806,18.33642],[121.17994,18.33582],[121.18034,18.33469],[121.18141,18.33508],[121.18206,18.33447],[121.18276,18.33492],[121.18275,18.33437],[121.18489,18.33327],[121.18376,18.33271],[121.1834,18.33208],[121.18471,18.3313],[121.18767,18.3269],[121.18918,18.32571],[121.18955,18.32329],[121.18981,18.3229],[121.19114,18.32287],[121.19164,18.32105]],[[121.26104,18.38375],[121.26127,18.38263],[121.26035,18.37966],[121.25894,18.37802],[121.25864,18.37649],[121.25663,18.37305],[121.2571,18.37212],[121.25651,18.37093],[121.25661,18.37032],[121.25789,18.36936],[121.2599,18.36898],[121.26056,18.36775],[121.26197,18.36733],[121.26322,18.36503],[121.26463,18.36421],[121.26463,18.36327],[121.26526,18.3634],[121.26579,18.36302],[121.2653,18.3623]],[[121.2653,18.3623],[121.26553,18.36155],[121.26646,18.3613],[121.26768,18.36149],[121.26814,18.36267],[121.26917,18.36257],[121.27016,18.36188],[121.27006,18.36086],[121.27056,18.36038],[121.27133,18.3609],[121.27081,18.36232],[121.27166,18.36286],[121.27299,18.36283],[121.27382,18.36197],[121.27273,18.36021],[121.27513,18.35983],[121.27454,18.35911],[121.27492,18.35848],[121.27563,18.35918],[121.27606,18.35889],[121.2769,18.3592],[121.27735,18.36036],[121.27801,18.36031],[121.27812,18.35911],[121.27895,18.3583],[121.2787,18.35711],[121.28002,18.35631],[121.2803,18.35691],[121.27977,18.358],[121.28032,18.35879]],[[121.24948,18.35596],[121.24993,18.35505],[121.25175,18.35351],[121.25354,18.35389],[121.25368,18.35337],[121.25611,18.3534],[121.25734,18.35263],[121.25773,18.35328],[121.2569,18.35532],[121.2579,18.35547],[121.25754,18.35622],[121.25866,18.35676],[121.25853,18.35622],[121.25896,18.35643],[121.25922,18.35815],[121.26015,18.3576],[121.26084,18.35775],[121.2604,18.35844],[121.2615,18.35856],[121.26175,18.35966],[121.26289,18.36039],[121.26281,18.36179],[121.26416,18.3614],[121.2653,18.3623]],[[121.04922,18.15031],[121.05003,18.14895],[121.05004,18.14812],[121.05077,18.14725],[121.05145,18.14734],[121.05231,18.14688],[121.05349,18.14761],[121.05383,18.146],[121.0551,18.14431],[121.05669,18.14339],[121.05824,18.14402],[121.05843,18.14462],[121.06012,18.14519],[121.0609,18.14464],[121.061,18.1439],[121.06217,18.14346],[121.06282,18.1425],[121.063,18.14127],[121.0643,18.14166],[121.06536,18.1415],[121.06641,18.14356],[121.06725,18.14301]],[[121.08943,18.01761],[121.09024,18.01897],[121.0923,18.021],[121.0942,18.02219],[121.09779,18.02305]],[[120.53942,16.45576],[120.5375,16.455],[120.53645,16.45622],[120.53636,16.4571],[120.53578,16.45737]],[[120.54508,16.43449],[120.54486,16.43372],[120.54339,16.43227],[120.54203,16.43149],[120.53806,16.43321],[120.53411,16.43235]],[[120.55883,16.43131],[120.55841,16.43096],[120.55842,16.43037],[120.55811,16.43043],[120.55714,16.43282]],[[120.58937,16.64017],[120.58944,16.64173]],[[121.01483,18.24024],[121.0157,18.2409]],[[121.03344,18.25341],[121.03377,18.25407],[121.03313,18.25538]],[[121.01515,18.25374],[121.01461,18.25209],[121.01487,18.25144]],[[121.02057,18.24363],[121.02144,18.24414],[121.02165,18.2484]],[[121.01643,18.24095],[121.01836,18.24082],[121.01959,18.24207],[121.01989,18.24325],[121.02057,18.24363]],[[121.01891,18.24231],[121.01912,18.24312]],[[121.01483,18.24024],[121.01497,18.24079],[121.0157,18.2409]],[[121.0157,18.2409],[121.01643,18.24095]],[[121.01643,18.24095],[121.01797,18.24106],[121.01891,18.24231]],[[121.01891,18.24231],[121.01885,18.24279],[121.01912,18.24312]],[[121.01912,18.24312],[121.02057,18.24363]],[[121.03733,18.25873],[121.03718,18.25821]],[[120.67702,17.69725],[120.67892,17.69484],[120.67941,17.69152],[120.6799,17.69064],[120.67997,17.68943],[120.67937,17.68733],[120.68025,17.68666],[120.68054,17.68513],[120.68115,17.68457],[120.68119,17.68304],[120.68272,17.68236],[120.68262,17.67975],[120.68219,17.67929]],[[121.44653,17.09482],[121.44776,17.09506],[121.44786,17.09579],[121.44876,17.09502],[121.44959,17.09491],[121.44987,17.09582],[121.45186,17.09603],[121.45307,17.09772],[121.45379,17.09797],[121.454,17.09762],[121.45358,17.09698],[121.45389,17.09581],[121.45343,17.09549],[121.45499,17.09424],[121.45445,17.09239],[121.45623,17.09029],[121.45744,17.09023],[121.45805,17.08935],[121.45884,17.08973],[121.45946,17.09174],[121.45898,17.09271],[121.45834,17.09268],[121.45896,17.09339],[121.45956,17.09305],[121.46014,17.09344],[121.46135,17.09314],[121.46099,17.09405],[121.46245,17.09441],[121.46324,17.09359],[121.46484,17.09411],[121.46532,17.09341],[121.46589,17.09341],[121.46681,17.09478],[121.46835,17.09487],[121.47006,17.0962],[121.47033,17.09593],[121.46967,17.09481],[121.47094,17.09541],[121.47097,17.09452],[121.46932,17.09435],[121.46845,17.09342],[121.47057,17.09269],[121.47074,17.09161],[121.47166,17.09137],[121.47221,17.09228],[121.47313,17.09244],[121.47313,17.09337],[121.47442,17.09335],[121.4745,17.09414],[121.47527,17.09502],[121.47503,17.09559],[121.47428,17.09542],[121.47378,17.09582],[121.47359,17.09722],[121.47428,17.09737],[121.47601,17.09647],[121.47642,17.0972],[121.47619,17.09798],[121.47801,17.0993],[121.47751,17.0996],[121.47604,17.0993],[121.47625,17.10077],[121.4771,17.10049],[121.47731,17.10101],[121.47514,17.10106],[121.47427,17.10262],[121.47613,17.10254],[121.47732,17.10414],[121.47852,17.10369],[121.48184,17.1059]],[[121.2504,16.89916],[121.24973,16.89793]],[[121.16642,16.78564],[121.16579,16.78422],[121.16526,16.78393],[121.16452,16.78417],[121.16467,16.7832],[121.16396,16.78219],[121.16415,16.78114],[121.16337,16.78062],[121.16183,16.77659],[121.16118,16.77566],[121.15968,16.7754],[121.15966,16.77222],[121.15886,16.76881]],[[121.45193,16.88954],[121.45005,16.89131],[121.45066,16.89276],[121.45032,16.89325],[121.44886,16.89336],[121.4468,16.89243],[121.44578,16.89256],[121.44552,16.89305],[121.44888,16.89495],[121.45191,16.89824],[121.45276,16.89979],[121.45363,16.89968],[121.45445,16.89822],[121.45534,16.89796],[121.45578,16.89853],[121.45471,16.89953],[121.45482,16.90072],[121.45603,16.90145],[121.45689,16.90022],[121.45754,16.90023]],[[121.45205,16.8895],[121.45193,16.88954]],[[120.57013,16.42722],[120.57009,16.42723]],[[121.35654,16.95136],[121.35869,16.94993],[121.36246,16.95024],[121.36391,16.94895],[121.368,16.94776],[121.37288,16.94757],[121.3741,16.94786],[121.37487,16.9475],[121.3757,16.94779],[121.37712,16.94671],[121.37738,16.94558],[121.37964,16.9441],[121.38099,16.94452],[121.38197,16.94391],[121.38389,16.94351],[121.3851,16.94339],[121.38627,16.94382],[121.38702,16.94347],[121.3865,16.94181],[121.38678,16.94125],[121.388,16.94128],[121.39046,16.94315],[121.39109,16.94299],[121.39139,16.94226],[121.39282,16.94301],[121.3929,16.94097],[121.39604,16.93858],[121.39718,16.93905],[121.39666,16.93782],[121.39756,16.93619],[121.39805,16.93642],[121.39764,16.93824],[121.39812,16.93891],[121.39904,16.93913],[121.39991,16.94056]],[[121.44214,17.40833],[121.4434,17.40818]],[[121.44178,17.40837],[121.44214,17.40833]],[[121.36361,18.19627],[121.36649,18.19594],[121.36837,18.19732]],[[121.20682,18.13971],[121.20785,18.14167],[121.20648,18.14232],[121.20682,18.14477],[121.20957,18.14509],[121.21094,18.1464],[121.21232,18.14672],[121.21283,18.14738],[121.21386,18.14738],[121.21523,18.14901],[121.21678,18.14999],[121.21832,18.14982],[121.21953,18.14803],[121.2209,18.14738],[121.2221,18.14542],[121.22466,18.14375]],[[121.36526,18.3444],[121.36644,18.34474],[121.36662,18.34538]],[[121.41416,18.33089],[121.41267,18.32958],[121.41157,18.32954],[121.41058,18.33008],[121.40873,18.33277],[121.40719,18.33346]],[[120.56717,16.43062],[120.56533,16.42991],[120.56468,16.43049],[120.56468,16.43],[120.56361,16.42919]],[[120.56361,16.42919],[120.56322,16.42927],[120.56351,16.43004],[120.56253,16.42984]],[[120.77615,16.47474],[120.77587,16.4751],[120.77475,16.47472],[120.77409,16.47562],[120.7719,16.47595],[120.77065,16.47662],[120.77025,16.47726],[120.7694,16.4765],[120.76878,16.47654],[120.76528,16.47961],[120.76315,16.48054]],[[120.56896,16.40338],[120.56863,16.40331]],[[120.87285,16.98966],[120.87279,16.99099],[120.87192,16.9916],[120.87017,16.99406],[120.87272,16.99482],[120.87502,16.99641],[120.87572,16.99733],[120.87554,16.99817],[120.87332,16.99944],[120.87218,17.00144],[120.87295,17.00206],[120.87622,17.0031],[120.8774,17.00421],[120.87719,17.00632],[120.87648,17.00798],[120.87844,17.00716],[120.87953,17.00747],[120.88067,17.00678],[120.88326,17.00707],[120.88507,17.00547]],[[120.87261,16.95638],[120.87201,16.95764],[120.87178,16.96008],[120.87103,16.96083],[120.8697,16.96097],[120.86976,16.96249],[120.86896,16.96307]],[[120.71422,16.42539],[120.71423,16.42545]],[[120.71456,16.42373],[120.71422,16.42539]],[[120.79922,16.85],[120.7985,16.84988],[120.79816,16.84872],[120.79717,16.84884],[120.79742,16.84963],[120.79671,16.84996],[120.79626,16.84902],[120.79469,16.84951],[120.79311,16.84945],[120.79213,16.84846],[120.79177,16.84888],[120.79104,16.84883],[120.79094,16.84828]],[[120.65735,16.52205],[120.65678,16.52301],[120.65799,16.52367],[120.65857,16.52601],[120.66132,16.52769],[120.66191,16.52873],[120.66395,16.52948],[120.66434,16.53043],[120.66392,16.53249],[120.66275,16.53302],[120.66159,16.5344],[120.66159,16.53772],[120.66065,16.53918],[120.66122,16.53946],[120.662,16.53915]],[[120.94519,17.13562],[120.94405,17.13534]],[[120.94527,17.13563],[120.94519,17.13562]],[[121.26381,18.34317],[121.26427,18.3439]],[[121.24959,18.39901],[121.2498,18.39939],[121.24932,18.40036],[121.25111,18.40174],[121.25158,18.40326],[121.25274,18.40334],[121.25408,18.40513],[121.25699,18.40508],[121.25833,18.40568],[121.25912,18.4069],[121.25904,18.40826],[121.2596,18.409],[121.2605,18.40917],[121.26199,18.40877],[121.26237,18.40783],[121.26381,18.40646],[121.26621,18.40635],[121.26831,18.40561],[121.2703,18.40758],[121.27024,18.40834]],[[121.34246,18.26965],[121.3435,18.27014],[121.34394,18.26897],[121.34585,18.2684],[121.34801,18.26907],[121.34894,18.26699],[121.34973,18.26631],[121.35094,18.26705],[121.35169,18.26598],[121.35334,18.26531],[121.35426,18.26586],[121.35641,18.26527],[121.35661,18.26458],[121.35764,18.26497],[121.35822,18.26453],[121.35857,18.26521],[121.35923,18.26463],[121.35954,18.26592],[121.35919,18.26631],[121.36003,18.26714],[121.35957,18.26814],[121.36007,18.26858],[121.36088,18.26825],[121.36234,18.26962],[121.36179,18.26978],[121.36124,18.27085],[121.36262,18.27158],[121.36231,18.27263],[121.36292,18.27252],[121.36306,18.2716],[121.36437,18.27236],[121.36342,18.27265],[121.36405,18.27321],[121.36485,18.273],[121.36432,18.27335],[121.36384,18.27475],[121.36535,18.27627],[121.36746,18.2772],[121.36738,18.27768],[121.36784,18.27807],[121.36712,18.27884],[121.36737,18.27811],[121.36537,18.27751],[121.36517,18.27862],[121.36612,18.27886],[121.36581,18.27977],[121.36519,18.27942],[121.36476,18.2804],[121.36526,18.28108],[121.36592,18.28087],[121.36595,18.28155],[121.36559,18.28137],[121.36547,18.28179],[121.36616,18.28308],[121.36582,18.28436],[121.366,18.28589],[121.36518,18.28604],[121.3662,18.28649],[121.36569,18.28729],[121.36579,18.28897],[121.36537,18.28935],[121.3658,18.28967],[121.36543,18.29021],[121.36457,18.2904],[121.36492,18.29069],[121.3647,18.29097],[121.36391,18.29056],[121.36332,18.29197],[121.36262,18.29175],[121.36283,18.2925],[121.36187,18.29324],[121.36181,18.29476]],[[120.65627,16.34496],[120.65524,16.34565],[120.65509,16.34626]],[[120.66175,16.54107],[120.66206,16.54178],[120.66315,16.54192],[120.66349,16.5434]],[[120.81272,16.50889],[120.81221,16.50818],[120.81067,16.50791],[120.80969,16.50668],[120.80799,16.50594],[120.80361,16.50705],[120.80311,16.50675],[120.80323,16.50605],[120.80217,16.50595],[120.80157,16.50612],[120.80161,16.50674],[120.8005,16.50708],[120.79893,16.50621],[120.79765,16.50637],[120.79692,16.50592],[120.79634,16.50654],[120.79436,16.50605],[120.79408,16.50652],[120.79451,16.50702],[120.79441,16.50772],[120.79344,16.50739],[120.79306,16.50864],[120.79213,16.50869],[120.79132,16.5096],[120.79102,16.5094],[120.79111,16.5102],[120.79039,16.51004],[120.78865,16.51098],[120.78696,16.51335],[120.7857,16.51328],[120.78557,16.51385],[120.78443,16.51436],[120.78309,16.51615],[120.78188,16.51621],[120.7808,16.51762],[120.77903,16.5181]],[[120.73087,16.67718],[120.73002,16.67673],[120.73055,16.67461],[120.7297,16.67381],[120.7297,16.67309],[120.7292,16.67256],[120.7298,16.67189],[120.73181,16.6714],[120.73173,16.67033],[120.73067,16.66939],[120.73049,16.66855],[120.731,16.66794],[120.73275,16.66782],[120.73359,16.66717],[120.7329,16.66596],[120.73441,16.66427],[120.73438,16.66332],[120.73377,16.66263],[120.73306,16.66257],[120.73319,16.66175],[120.73082,16.65891],[120.72844,16.65888],[120.72764,16.65811],[120.7276,16.65529],[120.72679,16.65465],[120.72669,16.65284],[120.72768,16.65123],[120.72771,16.64926]],[[121.31285,16.79278],[121.31332,16.79103],[121.31385,16.79124],[121.31429,16.79085],[121.31342,16.78924],[121.31381,16.78879],[121.31332,16.78788],[121.3144,16.78374],[121.31396,16.78248],[121.3157,16.77884],[121.31741,16.77847],[121.31849,16.77941],[121.31962,16.77896],[121.31947,16.77743],[121.3204,16.77727],[121.3213,16.77648],[121.32234,16.77663],[121.32262,16.77602],[121.32475,16.77623],[121.32662,16.77568],[121.32767,16.77663],[121.3281,16.77631],[121.32858,16.77725],[121.32957,16.77664],[121.33039,16.7772],[121.33062,16.7786],[121.33187,16.77988],[121.33413,16.77941],[121.33706,16.78044]],[[120.78563,16.7631],[120.7852,16.76385]],[[120.7852,16.76385],[120.7845,16.76424]],[[120.50973,16.39705],[120.51046,16.398],[120.50857,16.40133],[120.50817,16.40333],[120.50677,16.40367],[120.50491,16.4048],[120.5046,16.40601],[120.50339,16.40655],[120.50336,16.40764],[120.50217,16.40768],[120.5009,16.40858],[120.50033,16.41],[120.49816,16.40997],[120.49648,16.41084],[120.49645,16.41154],[120.49612,16.41163]],[[120.50895,16.3963],[120.50973,16.39705]],[[120.70507,16.24141],[120.70555,16.24112]],[[120.6973,17.31542],[120.69806,17.31638],[120.69799,17.3177]],[[120.77837,17.02905],[120.77843,17.03019]],[[120.71953,16.42675],[120.71962,16.42687]],[[120.71717,16.42611],[120.71801,16.42596],[120.71855,16.4266],[120.71953,16.42675]],[[120.71708,16.42616],[120.71717,16.42611]],[[120.71423,16.42545],[120.71499,16.42608],[120.71563,16.42596],[120.71593,16.42538],[120.71708,16.42616]],[[120.88554,17.52757],[120.8865,17.52907],[120.88477,17.53062],[120.88474,17.53142],[120.88527,17.53218]],[[120.88831,17.52629],[120.88779,17.52721],[120.88827,17.52774],[120.88827,17.52888],[120.88692,17.52991],[120.88527,17.53218]],[[120.88527,17.53218],[120.88518,17.53396],[120.88608,17.53513],[120.88602,17.53691],[120.88453,17.53725],[120.88431,17.53794],[120.88312,17.53914],[120.88207,17.53946],[120.88126,17.54089],[120.88054,17.54134],[120.87909,17.54222],[120.87731,17.5424],[120.87552,17.5435],[120.8748,17.54427],[120.87479,17.54547]],[[121.55663,17.1454],[121.55749,17.14473],[121.55785,17.1462],[121.55828,17.14637],[121.55829,17.1449],[121.55931,17.14542],[121.55969,17.14437],[121.55947,17.14405],[121.56,17.14395],[121.56027,17.14313],[121.56119,17.1432],[121.56151,17.14278],[121.5625,17.14319],[121.5633,17.14268],[121.56323,17.141],[121.5627,17.1409],[121.56306,17.14014],[121.56266,17.14013],[121.56265,17.13964],[121.56321,17.13743],[121.5638,17.13699],[121.56331,17.13598],[121.56445,17.1349]],[[121.57472,17.35863],[121.57563,17.35853],[121.57741,17.35659],[121.57882,17.35762],[121.58095,17.35812],[121.58183,17.35795],[121.58187,17.35682],[121.58238,17.35649],[121.5842,17.35853],[121.5848,17.35833],[121.58462,17.35717],[121.58522,17.35726]],[[121.20012,17.36131],[121.20302,17.36129],[121.2045,17.36294],[121.20434,17.36392]],[[121.26487,17.31942],[121.26224,17.32142],[121.26129,17.32056],[121.26022,17.32033],[121.26001,17.31956],[121.25938,17.31933],[121.259,17.31857],[121.25674,17.32041],[121.25577,17.32027],[121.25479,17.3208],[121.25479,17.31986],[121.25402,17.32019],[121.25361,17.31966],[121.25439,17.31913],[121.25424,17.31866],[121.2535,17.31858],[121.25331,17.3193],[121.25245,17.31904],[121.25121,17.31825],[121.25244,17.31777],[121.25241,17.31734],[121.24985,17.31654],[121.24919,17.3164],[121.24787,17.31702],[121.24679,17.31609],[121.24449,17.31657],[121.24421,17.31707],[121.24264,17.31756],[121.24104,17.31738],[121.23974,17.3178],[121.23978,17.31971],[121.23841,17.32173],[121.2386,17.32211],[121.23961,17.32215],[121.23873,17.32331],[121.23939,17.32503],[121.23861,17.32531],[121.23845,17.3262],[121.23757,17.32613],[121.23686,17.32822],[121.2358,17.32705],[121.23534,17.32841],[121.23467,17.32908],[121.23429,17.32898],[121.23403,17.32802],[121.23333,17.3283],[121.23317,17.32909],[121.23274,17.32857],[121.23157,17.3284]],[[120.73241,17.55187],[120.73074,17.55249],[120.7297,17.55354],[120.72937,17.5584],[120.73006,17.56149],[120.7296,17.56494]],[[121.04855,18.2446],[121.04964,18.24481],[121.04939,18.24529],[121.04982,18.24581],[121.05143,18.24647],[121.05175,18.24708]],[[120.65677,16.34472],[120.65627,16.34496]],[[120.65759,16.34456],[120.65677,16.34472]],[[120.65835,16.34491],[120.65759,16.34456]],[[120.6542,16.34829],[120.65435,16.3491]],[[120.65476,16.34701],[120.6542,16.34805]],[[120.65555,16.35253],[120.65564,16.35282]],[[120.65435,16.3491],[120.65458,16.34888],[120.65483,16.3492],[120.65491,16.3508],[120.65583,16.3515],[120.65555,16.35253]],[[120.65605,16.35361],[120.65615,16.35408]],[[120.65564,16.35282],[120.65605,16.35361]],[[120.65615,16.35408],[120.65615,16.35717]],[[120.65337,16.3568],[120.65409,16.35673]],[[120.65289,16.35706],[120.65337,16.3568]],[[120.65095,16.35624],[120.65133,16.35704],[120.65289,16.35706]],[[120.65409,16.35673],[120.65615,16.35717]],[[120.66721,16.36654],[120.66831,16.36558]],[[120.66717,16.36658],[120.66721,16.36654]],[[120.66855,16.36521],[120.67234,16.36332]],[[120.66842,16.36525],[120.66855,16.36521]],[[120.65509,16.34626],[120.65511,16.34659]],[[120.65511,16.34659],[120.65476,16.34701]],[[120.70455,16.33743],[120.70516,16.33787],[120.70633,16.33761],[120.70724,16.33878],[120.70803,16.33901],[120.70865,16.3385],[120.70855,16.33622],[120.70918,16.33559],[120.70984,16.33584],[120.71036,16.3367],[120.71199,16.33621],[120.71299,16.33691],[120.71324,16.33762],[120.71483,16.33744],[120.71653,16.33809],[120.71845,16.33623],[120.7191,16.33636],[120.72186,16.33534],[120.72416,16.33655],[120.72456,16.33717],[120.72441,16.3383],[120.72578,16.33905]],[[120.72578,16.33905],[120.72637,16.33971],[120.72715,16.33958],[120.72788,16.34033],[120.72885,16.34041]],[[120.65067,16.35316],[120.65111,16.35368],[120.65106,16.35494],[120.65063,16.35555],[120.65095,16.35624]],[[120.6542,16.34805],[120.6542,16.34829]],[[120.64416,16.34429],[120.64571,16.34533],[120.64744,16.34738],[120.64673,16.34836],[120.647,16.35028],[120.64637,16.35113],[120.64738,16.35274],[120.64817,16.35236]],[[120.64845,16.35181],[120.64967,16.35219],[120.65067,16.35316]],[[120.64817,16.35236],[120.64845,16.35181]],[[120.56562,16.42645],[120.56407,16.4279],[120.56361,16.42919]],[[121.15393,16.77287],[121.1554,16.77131],[121.15706,16.76746],[121.16058,16.76472]],[[120.60178,16.38399],[120.60183,16.38393]],[[120.60449,16.38167],[120.60447,16.38142]],[[120.60492,16.38135],[120.60494,16.38168]],[[120.60494,16.38168],[120.60516,16.38196]],[[120.60447,16.38142],[120.60492,16.38135]],[[120.60183,16.38393],[120.60449,16.38167]],[[120.60116,16.38543],[120.60178,16.38399]],[[120.6062,16.41858],[120.60549,16.41928]],[[120.60566,16.41943],[120.60585,16.42013],[120.60545,16.42012]],[[121.07763,17.62757],[121.07613,17.62637],[121.07552,17.62708],[121.0736,17.62699],[121.07224,17.6278],[121.06773,17.62701],[121.06732,17.62731],[121.0653,17.62605],[121.06268,17.62628]],[[121.06993,17.63879],[121.06858,17.63717],[121.06631,17.6366],[121.06624,17.63563],[121.06506,17.63379],[121.06509,17.63263],[121.06328,17.63044],[121.06345,17.62943],[121.063,17.62885],[121.06337,17.62757],[121.06325,17.62681],[121.06268,17.62628]],[[121.06268,17.62628],[121.06218,17.62502],[121.05962,17.62561],[121.05941,17.62445],[121.05992,17.62401],[121.05847,17.62329]],[[121.05847,17.62329],[121.05841,17.6226]],[[121.04849,17.62617],[121.0474,17.62615],[121.04661,17.62679]],[[121.05847,17.62329],[121.05848,17.62314],[121.05841,17.6226]],[[121.05841,17.6226],[121.05844,17.62216],[121.05728,17.62134],[121.05315,17.62203],[121.05285,17.62257],[121.05311,17.62317],[121.05246,17.62413],[121.04975,17.62484],[121.04925,17.62578],[121.04849,17.62617]],[[121.04849,17.62617],[121.04716,17.62694],[121.04661,17.62679]],[[121.04661,17.62679],[121.04457,17.6279]],[[121.55558,17.36164],[121.55553,17.36031],[121.55704,17.3595],[121.55762,17.35834],[121.55936,17.35877],[121.5614,17.36019],[121.56149,17.36093],[121.56238,17.36073],[121.56416,17.36134],[121.56483,17.36019],[121.56429,17.35911],[121.5648,17.35832],[121.56554,17.35853],[121.56559,17.35959],[121.56631,17.3599],[121.56674,17.35906],[121.56773,17.35851],[121.56742,17.35768],[121.56885,17.35595],[121.56954,17.35686],[121.57075,17.35582],[121.57137,17.35668],[121.57104,17.35759],[121.56983,17.35838],[121.57013,17.35995],[121.5706,17.36047],[121.57153,17.3607],[121.57285,17.36024],[121.57322,17.35873],[121.57386,17.35799],[121.57472,17.35863]],[[120.58331,16.82502],[120.58488,16.82482],[120.58588,16.82597],[120.58488,16.82708],[120.58601,16.82866],[120.58678,16.8308],[120.58661,16.83177]],[[121.06763,18.08223],[121.06976,18.08421],[121.0724,18.08398],[121.07312,18.08454],[121.07352,18.08574],[121.07918,18.0877],[121.08069,18.08713],[121.08234,18.08732],[121.08324,18.08669],[121.08427,18.08678],[121.08535,18.08616],[121.0866,18.08643],[121.08723,18.08598],[121.08849,18.08614],[121.08924,18.08579],[121.09025,18.08633],[121.09033,18.08479],[121.09117,18.08477],[121.09143,18.08399],[121.09324,18.08341],[121.09495,18.08372],[121.09511,18.08434],[121.09753,18.08435],[121.0974,18.08309],[121.09796,18.08243]],[[120.56169,16.42984],[120.5615,16.43071],[120.56071,16.43042],[120.56055,16.43139],[120.55909,16.43157],[120.55883,16.43131]],[[120.56253,16.42984],[120.5624,16.42942],[120.56169,16.42984]],[[120.69324,17.66412],[120.69314,17.66398]],[[120.693,17.67525],[120.69472,17.67313],[120.69405,17.66919],[120.69277,17.66777],[120.69324,17.66412]],[[120.69294,17.67537],[120.693,17.67525]],[[120.69254,17.67614],[120.69294,17.67537]],[[120.95941,17.82861],[120.95871,17.82741],[120.9592,17.82665],[120.95874,17.82616],[120.95904,17.82528],[120.9585,17.82425],[120.95903,17.82333],[120.95851,17.82253],[120.95888,17.82129],[120.95855,17.82047],[120.95984,17.81824],[120.96139,17.81721],[120.96106,17.81533],[120.96034,17.81486],[120.96024,17.81356],[120.96075,17.81317],[120.96084,17.81245],[120.96179,17.81229],[120.96243,17.81291],[120.96288,17.81273],[120.96301,17.8115],[120.96257,17.8107],[120.96327,17.81012],[120.96328,17.80925],[120.96485,17.80946]],[[121.03347,17.70928],[121.03103,17.70739],[121.02976,17.70697],[121.02993,17.70637],[121.02921,17.70547],[121.02967,17.70432],[121.02918,17.70343],[121.02866,17.70334],[121.02934,17.70276],[121.02939,17.70208],[121.02853,17.70092]],[[121.02503,17.72199],[121.0263,17.72041],[121.02633,17.7185],[121.0273,17.71847],[121.02727,17.71745],[121.02843,17.71735],[121.029,17.716],[121.02854,17.71576],[121.02799,17.71422],[121.02789,17.71231],[121.02732,17.712],[121.02751,17.71082],[121.02658,17.70924],[121.02578,17.70871],[121.02679,17.70737],[121.02663,17.70589],[121.02756,17.70466],[121.02709,17.704],[121.02746,17.70328]],[[120.59989,16.4149],[120.60051,16.4147]],[[121.52208,16.85068],[121.52198,16.85055]],[[120.69895,17.339],[120.69968,17.3398],[120.7008,17.3435]],[[120.50061,16.35618],[120.50119,16.35561],[120.50093,16.3548],[120.50153,16.35444],[120.50126,16.35392],[120.50048,16.35373],[120.50053,16.3531]],[[120.50053,16.3531],[120.49961,16.35232],[120.49976,16.35145],[120.49932,16.35108]],[[120.49932,16.35108],[120.49888,16.35052],[120.49789,16.35033],[120.49797,16.34977]],[[120.98349,17.46354],[120.98368,17.46464],[120.98243,17.46515],[120.98295,17.46622],[120.98254,17.46675],[120.9809,17.46616],[120.97931,17.46473],[120.97819,17.46453],[120.97617,17.46572],[120.97426,17.46586],[120.9737,17.46674],[120.97417,17.46691]],[[120.96441,18.15293],[120.96366,18.15362],[120.96122,18.15417],[120.9605,18.15525],[120.95602,18.15787]],[[120.9261,18.08009],[120.92562,18.08014]],[[120.70985,17.67881],[120.71091,17.67801]],[[120.71091,17.67801],[120.71224,17.67545]],[[120.71224,17.67545],[120.71249,17.67498]],[[120.71249,17.67498],[120.71503,17.67321]],[[120.71503,17.67321],[120.7172,17.67074],[120.71744,17.66972],[120.71716,17.66798]],[[120.71716,17.66798],[120.71746,17.66669]],[[121.47738,18.22264],[121.47827,18.2226],[121.47852,18.22389],[121.47926,18.22397],[121.47924,18.22444],[121.47871,18.22473],[121.47944,18.22479],[121.47917,18.22514],[121.47926,18.22555],[121.47968,18.22546],[121.47952,18.22593],[121.48042,18.22601],[121.48093,18.22629],[121.48074,18.22679],[121.4812,18.22672],[121.48055,18.22761],[121.48137,18.22808],[121.48171,18.22882],[121.48017,18.23076],[121.48078,18.23193],[121.48067,18.23261]],[[121.48067,18.23261],[121.48095,18.23368],[121.48176,18.23351],[121.48261,18.23495],[121.48404,18.23504],[121.48432,18.23471],[121.48466,18.23511],[121.48685,18.23543],[121.487,18.2358],[121.48773,18.23534],[121.4878,18.23475],[121.48979,18.23478],[121.48992,18.23421],[121.4903,18.23475]],[[121.47993,18.23241],[121.48007,18.23278],[121.48067,18.23261]],[[120.6824,17.24303],[120.68085,17.24357]],[[120.68269,17.24185],[120.6824,17.24303]],[[120.6824,17.24303],[120.68137,17.24393]],[[120.88534,16.75862],[120.8852,16.75844]],[[120.88666,16.75675],[120.88638,16.75797],[120.88549,16.75864],[120.88534,16.75862]],[[121.24396,16.65123],[121.24302,16.6506],[121.24366,16.64981]],[[121.23529,16.65422],[121.23671,16.65341],[121.23872,16.65396]],[[121.23988,17.95615],[121.24081,17.95647],[121.24046,17.95575],[121.24082,17.95528],[121.24051,17.95532],[121.24039,17.95459],[121.24083,17.95465],[121.24145,17.95385],[121.24009,17.95285],[121.24085,17.95303],[121.24071,17.95187],[121.24159,17.95191],[121.24066,17.95141],[121.24022,17.94953],[121.24082,17.94952],[121.24108,17.94906],[121.24157,17.94915],[121.24217,17.95021],[121.24282,17.94948],[121.24296,17.95017],[121.24346,17.94954],[121.24466,17.94992],[121.24424,17.9506],[121.24484,17.9507],[121.24529,17.95215],[121.24484,17.95284],[121.24657,17.9517],[121.24731,17.95209],[121.24855,17.95136],[121.2492,17.95041],[121.24834,17.95005],[121.24848,17.94947],[121.24966,17.94922],[121.25046,17.9483]],[[120.62964,17.30568],[120.62949,17.30517]],[[120.62135,17.3119],[120.62405,17.31168],[120.62555,17.31088],[120.62624,17.30921],[120.62738,17.30851],[120.62698,17.30813],[120.62713,17.30761],[120.62747,17.30732],[120.629,17.30776],[120.62895,17.30621],[120.62964,17.30568]],[[120.64183,17.31911],[120.64247,17.31921],[120.64259,17.31813],[120.64361,17.3187],[120.64372,17.31781],[120.64447,17.31792],[120.64471,17.31857],[120.64522,17.31798],[120.64605,17.318],[120.64656,17.31851],[120.64773,17.318],[120.64804,17.31901],[120.64914,17.31863],[120.6503,17.31966],[120.65087,17.31932],[120.65239,17.31983],[120.65366,17.31962],[120.65404,17.32029]],[[120.64015,17.33181],[120.64075,17.33103],[120.64038,17.33057],[120.64089,17.32973],[120.64189,17.33005],[120.64276,17.32965],[120.64417,17.33001],[120.64445,17.33062],[120.64504,17.33021]],[[120.63558,17.32151],[120.63737,17.32118],[120.63755,17.32064],[120.63847,17.32043],[120.6388,17.31953],[120.63938,17.31981],[120.63959,17.31944],[120.64183,17.31911]],[[121.19551,17.85741],[121.19459,17.85895],[121.19211,17.86045],[121.19214,17.8631],[121.19248,17.86359],[121.19339,17.86343],[121.19319,17.86513],[121.19431,17.86527],[121.19453,17.86679],[121.19587,17.86845],[121.1959,17.86934],[121.1983,17.87162],[121.20075,17.87089],[121.20202,17.86987],[121.20275,17.87176],[121.20357,17.87215],[121.20827,17.87193],[121.20887,17.87169],[121.20956,17.87044],[121.21064,17.87183],[121.2105,17.87343],[121.21152,17.87367],[121.21263,17.87269],[121.21351,17.87272],[121.21438,17.8734],[121.21508,17.87568],[121.21726,17.87546],[121.21947,17.87583]],[[121.21947,17.87583],[121.22021,17.87659],[121.22018,17.87742],[121.21925,17.87984],[121.21985,17.88057],[121.22115,17.88116],[121.22065,17.88304],[121.22103,17.88341],[121.22194,17.88339],[121.22302,17.88432],[121.2252,17.88713],[121.22516,17.8882],[121.22402,17.88929],[121.22481,17.88988],[121.2255,17.89191],[121.22549,17.89319]],[[120.66209,16.53929],[120.66175,16.54107]],[[120.662,16.53915],[120.66209,16.53929]],[[120.65775,16.49282],[120.65666,16.49193]],[[120.658,16.49302],[120.65775,16.49282]],[[120.65666,16.49193],[120.65649,16.49185]],[[120.66099,16.49624],[120.658,16.49302]],[[120.65207,16.3078],[120.6553,16.30703],[120.65851,16.30763],[120.65934,16.3042],[120.6605,16.30433],[120.66138,16.30338],[120.66048,16.30039]],[[121.19094,18.43054],[121.19157,18.43081],[121.19283,18.43384],[121.1926,18.43571],[121.19491,18.43802],[121.19547,18.43992],[121.1947,18.44136],[121.19447,18.44325]],[[120.6013,16.44016],[120.60054,16.44065]],[[120.60054,16.44065],[120.59911,16.44081],[120.5976,16.44003],[120.59614,16.44019],[120.59537,16.44079]],[[121.19447,18.44325],[121.19571,18.44359],[121.19851,18.44206],[121.19982,18.44169],[121.20055,18.44202],[121.20079,18.44522],[121.20035,18.44608],[121.19917,18.4469],[121.2005,18.45284],[121.20226,18.45309],[121.20706,18.4526],[121.20809,18.45325],[121.20996,18.45707],[121.2109,18.45792],[121.21247,18.45871],[121.21654,18.45944]],[[121.43182,17.403],[121.43434,17.40318],[121.43487,17.40419],[121.43384,17.40476],[121.43414,17.40515]],[[121.43414,17.40515],[121.43524,17.40528],[121.43707,17.40633],[121.43736,17.40719],[121.4365,17.40736]],[[121.4365,17.40736],[121.43618,17.40824],[121.43532,17.40889],[121.43607,17.41065],[121.43533,17.41155],[121.43578,17.41494],[121.43547,17.41531],[121.43601,17.41592],[121.4356,17.41743],[121.43639,17.41918],[121.43578,17.42061],[121.43459,17.42102],[121.43492,17.42212],[121.43452,17.42347],[121.43585,17.42627],[121.43608,17.42872],[121.43569,17.42991],[121.43607,17.43316],[121.4369,17.43423],[121.43814,17.43803],[121.44138,17.43973],[121.44199,17.4422]],[[120.60518,17.39602],[120.60336,17.3955],[120.60324,17.39498],[120.60166,17.39542],[120.60128,17.39511],[120.60071,17.39511]],[[120.60042,17.39782],[120.6007,17.39583]],[[120.60006,17.39919],[120.60042,17.39782]],[[120.60241,17.40196],[120.59977,17.40055],[120.60019,17.39986],[120.60006,17.39919]],[[120.88059,17.88505],[120.88072,17.88448],[120.88168,17.88381],[120.8826,17.88175],[120.88196,17.88094],[120.88297,17.88066],[120.88327,17.87976],[120.88395,17.87971],[120.88429,17.87907],[120.88378,17.87874],[120.8819,17.87909],[120.88135,17.87838],[120.8837,17.87571],[120.88279,17.87323],[120.88148,17.87389],[120.8808,17.87312],[120.88025,17.87317],[120.88018,17.87438],[120.87977,17.87463],[120.87907,17.87329],[120.87808,17.87335],[120.87714,17.87098],[120.8789,17.87037],[120.87917,17.86934],[120.87855,17.86864],[120.87656,17.86799],[120.87534,17.86618],[120.87617,17.86454],[120.87514,17.86321],[120.87342,17.86322],[120.87317,17.86251],[120.87249,17.86211],[120.87097,17.86211],[120.86872,17.86144],[120.86728,17.86029],[120.86538,17.86029],[120.86153,17.85843],[120.86176,17.85582],[120.86011,17.85494],[120.86036,17.8538],[120.85907,17.85271],[120.85884,17.85135],[120.85719,17.84777],[120.85765,17.84674],[120.85857,17.8461],[120.85767,17.84559],[120.85829,17.84356],[120.85745,17.84271]],[[120.95998,17.89338],[120.96099,17.89205],[120.96005,17.89095],[120.95646,17.88978],[120.95455,17.88696],[120.95293,17.88602],[120.94944,17.88543]],[[120.94944,17.88543],[120.94855,17.88462]],[[121.09226,17.81535],[121.08971,17.81724],[121.08903,17.81734],[121.08918,17.81843],[121.08699,17.82035],[121.08552,17.81995],[121.08514,17.82051],[121.08245,17.82183],[121.08043,17.82088],[121.07935,17.82127],[121.07924,17.82045],[121.0781,17.82038],[121.07738,17.81991],[121.07549,17.82049],[121.07454,17.81904],[121.07402,17.81897],[121.0734,17.81958],[121.07271,17.81857],[121.07157,17.81952],[121.07034,17.81951]],[[120.6984,17.83453],[120.70192,17.83298],[120.70472,17.83234],[120.70555,17.83144],[120.70748,17.83154],[120.71035,17.82887],[120.71217,17.82928],[120.71433,17.82795],[120.71757,17.82748],[120.7176,17.82586],[120.71877,17.82489],[120.72097,17.82581],[120.72114,17.82457],[120.72317,17.82375],[120.72357,17.82277],[120.72475,17.82173],[120.72496,17.82017]],[[120.91381,17.94352],[120.91349,17.94191],[120.91035,17.94048],[120.90914,17.9389],[120.90793,17.93809],[120.9079,17.93763],[120.9086,17.93741],[120.90877,17.93694],[120.90826,17.93608],[120.9081,17.93381],[120.90724,17.93185],[120.90816,17.93133],[120.90837,17.92848]],[[120.91284,17.9309],[120.91149,17.93092],[120.91063,17.93011],[120.90945,17.93015],[120.90837,17.92848]],[[120.79156,17.90297],[120.79545,17.90183],[120.79684,17.90024],[120.79856,17.90058],[120.79908,17.89952],[120.80014,17.89913],[120.79957,17.89793],[120.80067,17.89635],[120.79982,17.89597],[120.79981,17.894],[120.80008,17.893],[120.80119,17.89205],[120.80035,17.89152],[120.79969,17.88985],[120.80016,17.8895],[120.80272,17.8904],[120.8038,17.88793],[120.80344,17.88688],[120.80671,17.88697],[120.80651,17.88632],[120.80687,17.88575],[120.80621,17.88494],[120.80498,17.8851],[120.80522,17.88406],[120.80586,17.88355],[120.80624,17.88413],[120.80672,17.88412],[120.80687,17.88339],[120.80871,17.8833],[120.80977,17.88364],[120.81053,17.88469],[120.81121,17.88413],[120.81145,17.8829],[120.81228,17.88385],[120.81301,17.88203],[120.81416,17.88189]],[[120.83405,17.91708],[120.8347,17.91731],[120.83495,17.91676],[120.8361,17.91681],[120.83689,17.91738],[120.83828,17.9154],[120.83829,17.91486],[120.83695,17.91506],[120.83636,17.91354],[120.83717,17.913],[120.83775,17.91161],[120.83756,17.9111],[120.83652,17.91096],[120.83835,17.91003],[120.83851,17.90955],[120.83746,17.90858],[120.8371,17.90734],[120.83863,17.90668],[120.83751,17.90644],[120.83734,17.90584],[120.8388,17.90543],[120.83924,17.90389],[120.84104,17.90406],[120.84114,17.90328]],[[120.86862,17.92406],[120.87011,17.92301],[120.86952,17.92216],[120.87006,17.92126],[120.86886,17.92054],[120.86889,17.91989],[120.8707,17.92008],[120.87104,17.92061],[120.87183,17.92081],[120.87192,17.92167],[120.87269,17.92133],[120.87297,17.92043],[120.8724,17.9193],[120.8725,17.91864],[120.87117,17.91861],[120.8716,17.91782],[120.87037,17.91633]],[[121.16449,16.92206],[121.1648,16.92312],[121.16449,16.92448],[121.16643,16.92369],[121.16659,16.92319],[121.16563,16.92096],[121.16617,16.92078],[121.1676,16.92166],[121.16839,16.92142],[121.1688,16.92069],[121.16771,16.91985],[121.1676,16.91911],[121.16919,16.91885],[121.16962,16.9182]],[[121.39991,16.94056],[121.40229,16.94164],[121.40374,16.94003],[121.4077,16.93796],[121.40816,16.9383],[121.40764,16.94076],[121.40801,16.94135],[121.40977,16.94124],[121.4105,16.94055],[121.41201,16.94008],[121.4129,16.93954],[121.41348,16.93839],[121.41399,16.9385],[121.41481,16.94023],[121.41742,16.94074],[121.41765,16.93975],[121.41723,16.93807],[121.41858,16.93774],[121.41824,16.93677]],[[121.41824,16.93677],[121.41742,16.93551],[121.41755,16.93478],[121.41811,16.93463],[121.42002,16.93586],[121.4202,16.9347],[121.42123,16.93345],[121.42202,16.931],[121.42377,16.93064],[121.42432,16.93087],[121.42509,16.93026],[121.42487,16.92703],[121.42541,16.92562],[121.42535,16.92332],[121.42628,16.9229],[121.42743,16.92368],[121.42836,16.92227],[121.43029,16.92093]],[[121.43029,16.92093],[121.43126,16.92132],[121.43241,16.92409],[121.43352,16.924],[121.43502,16.92299],[121.43717,16.92292],[121.43809,16.92331],[121.43783,16.92665],[121.43743,16.92695],[121.43594,16.92694],[121.43425,16.92616],[121.43425,16.92721],[121.43597,16.92782],[121.43527,16.92986],[121.43594,16.93051],[121.43658,16.93017],[121.43788,16.92813],[121.43998,16.92915],[121.44259,16.9283],[121.44311,16.92905],[121.4446,16.92924],[121.44419,16.93038],[121.44532,16.93107],[121.44878,16.92894],[121.44995,16.92898],[121.45169,16.9298],[121.45415,16.93335],[121.45492,16.93341],[121.45594,16.93254],[121.45512,16.93059],[121.45385,16.92949],[121.45574,16.92921],[121.45667,16.92958],[121.45772,16.92866],[121.45909,16.92867],[121.45936,16.92942],[121.459,16.93048],[121.45811,16.93154],[121.4583,16.93355],[121.45903,16.93516],[121.45959,16.93541],[121.46066,16.93541],[121.46139,16.9347],[121.46174,16.93502],[121.46114,16.93629],[121.46149,16.93861],[121.46096,16.94007],[121.46146,16.94045],[121.46286,16.93927],[121.46353,16.9392],[121.46424,16.94046],[121.46606,16.94169]],[[121.42712,16.91227],[121.42699,16.91387],[121.42911,16.91539],[121.42959,16.91517],[121.42966,16.91415],[121.43012,16.91406],[121.43076,16.91574],[121.43082,16.91619],[121.42957,16.91675],[121.42961,16.91716],[121.4309,16.91759],[121.43087,16.91788],[121.42991,16.91869],[121.42935,16.91753],[121.42903,16.91753],[121.42792,16.91877],[121.42944,16.91909],[121.4296,16.92048],[121.43029,16.92093]],[[120.77316,16.82115],[120.77306,16.82259],[120.77263,16.82248],[120.77237,16.82176],[120.77165,16.82161],[120.77068,16.82333],[120.77079,16.82429],[120.76857,16.82428],[120.76801,16.8259],[120.76649,16.82682],[120.7655,16.8269],[120.76504,16.82638],[120.76391,16.82623],[120.76252,16.82674],[120.76102,16.83122],[120.75954,16.83039],[120.75787,16.83053],[120.7587,16.82972],[120.75891,16.82832],[120.75849,16.82773],[120.75633,16.82978],[120.75494,16.82783],[120.75443,16.82818],[120.7543,16.82931],[120.75307,16.82989],[120.75214,16.82985],[120.75144,16.83099],[120.75081,16.83093],[120.7501,16.8296],[120.74964,16.82982],[120.74946,16.83086],[120.74987,16.83148],[120.74895,16.83161],[120.74893,16.83243],[120.75075,16.83317],[120.74995,16.83421],[120.75077,16.83505],[120.75073,16.83552],[120.74842,16.83486],[120.74869,16.83395],[120.74834,16.834],[120.74764,16.83454],[120.74698,16.83746],[120.74454,16.83686],[120.74178,16.83874],[120.74057,16.83661],[120.73929,16.83762]],[[121.33175,17.76271],[121.33136,17.76333],[121.33026,17.76329],[121.32937,17.76176],[121.3279,17.76187],[121.32828,17.76461],[121.32753,17.7672],[121.32874,17.77056],[121.32622,17.77255],[121.32592,17.77322],[121.32632,17.77365],[121.32974,17.77458],[121.32998,17.77501],[121.32949,17.77658],[121.33036,17.77769],[121.33018,17.77906],[121.32977,17.77971],[121.32897,17.77964],[121.32849,17.7769],[121.32602,17.77749]],[[121.32602,17.77749],[121.32309,17.77855]],[[121.32309,17.77855],[121.32195,17.77755],[121.32068,17.77762],[121.3179,17.77942],[121.31714,17.78071],[121.31839,17.78229],[121.32008,17.7823],[121.32174,17.78025],[121.32347,17.78072],[121.32409,17.78187],[121.322,17.7842],[121.3189,17.7853],[121.31818,17.78743],[121.31545,17.78711],[121.31432,17.78842],[121.31463,17.78909],[121.31764,17.7901],[121.31775,17.79212],[121.31909,17.79281]],[[120.52056,17.6662],[120.5228,17.6652],[120.52372,17.66422],[120.52647,17.66373],[120.52743,17.66388],[120.52855,17.66526],[120.53021,17.66491],[120.53101,17.66236],[120.53249,17.66162],[120.53221,17.66037],[120.53247,17.65855]],[[120.52533,17.65013],[120.52725,17.64911],[120.52655,17.64772],[120.527,17.64739],[120.52826,17.64745],[120.52852,17.64881],[120.52907,17.64906],[120.53213,17.64806]],[[120.64207,16.73557],[120.6455,16.73126],[120.64915,16.72928],[120.6497,16.72689],[120.65189,16.72353],[120.65378,16.72283],[120.65452,16.72171],[120.65529,16.72145],[120.6549,16.72007],[120.65505,16.71889]],[[121.15633,18.10121],[121.15621,18.10029],[121.15716,18.09951],[121.15896,18.09994],[121.16002,18.09931],[121.16002,18.09871],[121.1581,18.09779],[121.1578,18.09714],[121.15834,18.0963],[121.15921,18.09633],[121.16019,18.09548],[121.16056,18.09444],[121.16095,18.09435]],[[121.17134,18.10789],[121.17074,18.10848],[121.16969,18.10727],[121.16901,18.10714],[121.16845,18.10772],[121.16747,18.10631],[121.16664,18.10644],[121.16469,18.10574],[121.16371,18.10399],[121.16403,18.10232],[121.16315,18.10127],[121.16403,18.09979],[121.16491,18.09945],[121.16368,18.09808],[121.16367,18.09714],[121.16261,18.09699],[121.16192,18.09598]],[[121.16192,18.09598],[121.16095,18.09435]],[[121.16761,18.09613],[121.16654,18.09581],[121.16523,18.09475],[121.16192,18.09598]],[[120.71565,17.20406],[120.71693,17.2042],[120.71744,17.20452],[120.71743,17.20502],[120.71625,17.20594],[120.71585,17.20563],[120.71405,17.20615]],[[120.5782,17.3593],[120.57746,17.35844],[120.57341,17.35849],[120.57205,17.36003],[120.56997,17.36148]],[[120.56997,17.36148],[120.56917,17.36346],[120.56815,17.36369]],[[121.62546,17.41679],[121.62557,17.41721],[121.62695,17.41746],[121.62788,17.41832],[121.62924,17.42153],[121.62737,17.42246],[121.628,17.42358],[121.62783,17.4252],[121.62751,17.42564],[121.62649,17.42567],[121.62619,17.42626],[121.62919,17.42776],[121.6296,17.4288]],[[121.46773,17.55709],[121.46807,17.55988],[121.46721,17.56179],[121.4672,17.5631],[121.4678,17.5656],[121.46561,17.56749],[121.46345,17.56858],[121.4606,17.57078],[121.46084,17.57438],[121.45786,17.57924]],[[121.45786,17.57924],[121.45593,17.58149]],[[120.57703,17.55961],[120.57687,17.56061],[120.5762,17.56127],[120.57482,17.5612],[120.57359,17.56266]],[[120.57709,17.55954],[120.57703,17.55961]],[[120.5259,17.52386],[120.52461,17.52337],[120.52398,17.52609],[120.52321,17.52615],[120.52259,17.52769],[120.52173,17.52753],[120.52136,17.52782],[120.52081,17.53027],[120.52117,17.53099],[120.52083,17.53195],[120.52109,17.53305],[120.51964,17.53333],[120.52046,17.53428],[120.52034,17.53483],[120.51874,17.53509],[120.51899,17.53595],[120.51817,17.53744],[120.51862,17.5381],[120.51849,17.53892],[120.5168,17.53873],[120.51677,17.53826],[120.51742,17.53824],[120.51724,17.53773],[120.51579,17.5374],[120.51479,17.53774],[120.51302,17.53538]],[[120.51411,17.5178],[120.5168,17.51862],[120.51578,17.51934],[120.51488,17.52078],[120.51406,17.52096],[120.51449,17.5214],[120.51575,17.52131],[120.51638,17.52186],[120.51593,17.52302],[120.51657,17.52466],[120.51606,17.52795],[120.51417,17.52923],[120.51398,17.52976],[120.51453,17.53066],[120.51595,17.53064],[120.51684,17.53176],[120.51562,17.53279],[120.51591,17.5336],[120.51467,17.53425],[120.51498,17.53541],[120.51302,17.53538]],[[120.51302,17.53538],[120.51168,17.53601],[120.512,17.53758],[120.51173,17.53817],[120.51043,17.53854],[120.51083,17.53988],[120.50953,17.54274]],[[120.57708,17.55318],[120.57643,17.55454],[120.57647,17.55576],[120.5776,17.55645],[120.57756,17.55729],[120.57713,17.55768],[120.57709,17.55954]],[[120.56819,17.53095],[120.56802,17.53386],[120.56857,17.53544],[120.56924,17.53616],[120.56839,17.53771],[120.56889,17.53879],[120.56744,17.53948],[120.56783,17.54162],[120.56679,17.54276],[120.56704,17.54385],[120.56662,17.54461],[120.56751,17.54559],[120.56694,17.54653],[120.56699,17.54747],[120.56618,17.54811],[120.56624,17.54878],[120.56693,17.54952],[120.56557,17.5516],[120.56637,17.55171],[120.56731,17.55108],[120.56909,17.55512],[120.56861,17.55616],[120.56881,17.55841],[120.56764,17.56129],[120.56678,17.56222],[120.56608,17.56214],[120.56485,17.5639]],[[121.03548,17.6986],[121.03458,17.69863],[121.03342,17.6968],[121.03222,17.69593],[121.03119,17.69583],[121.0306,17.69511]],[[121.01679,17.67061],[121.0164,17.67279],[121.01459,17.67165],[121.01417,17.67261],[121.01293,17.67318],[121.01302,17.67361],[121.01377,17.67394],[121.01355,17.67447],[121.01018,17.6736],[121.00931,17.67546],[121.00788,17.67546],[121.00748,17.67775],[121.0058,17.68001],[121.00503,17.68032]],[[121.05286,17.66071],[121.05251,17.66071]],[[121.05224,17.66493],[121.0521,17.66408],[121.05252,17.66307],[121.05196,17.66218],[121.05251,17.66071]],[[121.05251,17.66071],[121.05235,17.66003]],[[121.0522,17.65956],[121.05245,17.65883],[121.05214,17.65843],[121.05184,17.65829],[121.05157,17.65835]],[[121.06463,17.82484],[121.06259,17.82425],[121.06132,17.82335]],[[121.05205,17.82181],[121.05211,17.82002],[121.05408,17.81759]],[[120.97626,17.70743],[120.97598,17.70538],[120.97715,17.70297],[120.97572,17.69922],[120.9762,17.69783],[120.9756,17.69604],[120.97542,17.69291],[120.97727,17.69095],[120.9758,17.6887],[120.97481,17.68816],[120.97523,17.6869],[120.97475,17.68603],[120.97611,17.68451],[120.97661,17.68544],[120.9771,17.68523],[120.97734,17.6838],[120.97671,17.68206],[120.97802,17.6812],[120.97779,17.67986],[120.97826,17.67952]],[[121.37893,18.06933],[121.38015,18.06872],[121.37951,18.06832],[121.37985,18.06774],[121.38082,18.06833],[121.3807,18.06726],[121.38166,18.06815],[121.38258,18.06829],[121.38264,18.06726],[121.38352,18.06696],[121.3832,18.06635],[121.38438,18.06653],[121.38531,18.06577],[121.3866,18.0665],[121.38649,18.0651],[121.38708,18.06541],[121.38718,18.06609],[121.3886,18.06551],[121.38938,18.06638],[121.39044,18.06625],[121.39102,18.06721],[121.39227,18.06711],[121.39207,18.06855],[121.39246,18.06901],[121.39386,18.06912],[121.39347,18.06987],[121.39158,18.07075],[121.39193,18.07136],[121.39148,18.07224],[121.39142,18.07414],[121.39166,18.07449],[121.39218,18.07429]],[[121.4378,18.13545],[121.43806,18.13593],[121.43843,18.13594],[121.43859,18.13542],[121.43889,18.13576],[121.43921,18.13547],[121.43954,18.13626],[121.44153,18.13579],[121.44231,18.13645],[121.44224,18.13702],[121.44308,18.13693],[121.44294,18.13761],[121.44436,18.13796],[121.44381,18.13831],[121.44426,18.13889],[121.44462,18.13826],[121.44516,18.13817],[121.44514,18.13936],[121.4458,18.13926],[121.44571,18.13994],[121.44639,18.14037],[121.44769,18.14016],[121.44922,18.14055],[121.44971,18.14032],[121.44923,18.14005],[121.44988,18.13945],[121.45051,18.14018],[121.45208,18.14017],[121.45179,18.14138],[121.4527,18.14102],[121.45321,18.14016],[121.45395,18.14042],[121.45343,18.14119]],[[121.45963,18.10771],[121.46018,18.10822],[121.46015,18.10777],[121.46087,18.10704],[121.4604,18.1064],[121.46192,18.10546],[121.46039,18.10508],[121.46033,18.10452]],[[120.60766,16.41548],[120.60755,16.41565]],[[120.60891,16.41394],[120.60766,16.41548]],[[120.67599,16.18613],[120.67687,16.18465]],[[120.67687,16.18465],[120.67739,16.18446],[120.67807,16.1848],[120.67824,16.18438],[120.68075,16.18395],[120.68021,16.18543],[120.68039,16.1859],[120.68138,16.18547],[120.68189,16.18265],[120.68315,16.18227]],[[120.96765,18.42837],[120.96886,18.42828],[120.96906,18.42869],[120.97004,18.42894],[120.97096,18.428]],[[120.55824,17.74114],[120.55876,17.74035],[120.55978,17.74018],[120.55988,17.73953],[120.5622,17.73898],[120.56215,17.73799],[120.56353,17.73672],[120.5652,17.73672],[120.56505,17.73602],[120.56615,17.73595],[120.56641,17.73463],[120.56704,17.73427],[120.56809,17.73254],[120.56811,17.73154],[120.56974,17.72998]],[[120.67702,17.76251],[120.67643,17.76142],[120.67674,17.76012],[120.67621,17.75812],[120.67627,17.75555],[120.67465,17.75363],[120.67486,17.75319],[120.67606,17.75295],[120.67626,17.75255],[120.67484,17.75126],[120.67461,17.75027],[120.674,17.74997],[120.67413,17.7494],[120.6749,17.74904],[120.67456,17.74878],[120.67468,17.74764],[120.67357,17.7467],[120.67358,17.74606],[120.67423,17.74483],[120.67565,17.74423],[120.67578,17.74279],[120.67747,17.74152],[120.67816,17.74024],[120.68022,17.73827],[120.6828,17.73838],[120.68387,17.73745],[120.68408,17.73549],[120.68369,17.73385],[120.68134,17.73098],[120.68114,17.72864],[120.6801,17.72653],[120.6799,17.72513],[120.67629,17.7214],[120.67556,17.71839],[120.67446,17.71608],[120.67378,17.71494],[120.67147,17.71289],[120.67154,17.7123],[120.67354,17.7117],[120.67509,17.71045],[120.67504,17.7101],[120.67434,17.71],[120.67333,17.71084],[120.67283,17.7107],[120.67322,17.70977],[120.67187,17.70878],[120.67183,17.70769],[120.6723,17.7075],[120.67225,17.7071],[120.6716,17.70662],[120.6702,17.70672],[120.66887,17.7046],[120.66726,17.703],[120.6675,17.70188],[120.66711,17.70158],[120.66606,17.70185],[120.66617,17.69978],[120.665,17.70012],[120.66507,17.69863],[120.66216,17.69496],[120.66243,17.69335],[120.66158,17.69273],[120.66202,17.69118],[120.6635,17.69024],[120.66394,17.68895],[120.66377,17.68698],[120.66306,17.68693],[120.66308,17.6859],[120.66174,17.68498],[120.65996,17.68526],[120.65854,17.68658],[120.6571,17.686],[120.65517,17.68734]],[[120.59563,17.67596],[120.59769,17.67639],[120.6008,17.67652],[120.6022,17.67618],[120.60399,17.67648],[120.60596,17.67625],[120.60809,17.67514],[120.60995,17.67518],[120.61276,17.6786],[120.61361,17.68103],[120.61526,17.68099],[120.6152,17.68275],[120.61562,17.6831],[120.61606,17.68296],[120.61624,17.68153],[120.61719,17.68257],[120.6191,17.68307],[120.61909,17.68233],[120.6204,17.6825],[120.62033,17.68155],[120.6237,17.67995]],[[120.89307,17.7499],[120.89315,17.74883],[120.89365,17.74851],[120.89332,17.74644],[120.89377,17.74496],[120.89341,17.74357],[120.89474,17.74344],[120.89435,17.7428],[120.89484,17.74227],[120.89429,17.74163],[120.89443,17.73934],[120.89379,17.73811],[120.89192,17.73702],[120.89113,17.7358],[120.89115,17.73365]],[[120.88554,17.70855],[120.88599,17.71037],[120.88509,17.71213],[120.88512,17.71404],[120.88452,17.71563],[120.88482,17.71761],[120.88372,17.71795],[120.88243,17.72019],[120.88097,17.7214],[120.88111,17.72268],[120.88175,17.72359],[120.88164,17.72499],[120.8799,17.72631],[120.8789,17.72819],[120.87968,17.73196],[120.87871,17.73285],[120.87854,17.73354],[120.88005,17.73464],[120.8805,17.73613],[120.88101,17.73652],[120.88093,17.73711],[120.88205,17.73796]],[[120.83619,17.77976],[120.83588,17.77908],[120.83624,17.77765],[120.83707,17.77637],[120.8381,17.77638],[120.83908,17.77255],[120.84064,17.77149],[120.84062,17.77046],[120.84126,17.76988],[120.84236,17.76963],[120.84164,17.76767],[120.84039,17.76647]],[[120.8347,17.72749],[120.83529,17.72942],[120.83473,17.73017],[120.83636,17.73084],[120.83631,17.73127],[120.83698,17.73184],[120.8369,17.73255],[120.83799,17.7339],[120.83725,17.73457],[120.83718,17.73709],[120.83499,17.73736],[120.83498,17.73802],[120.83623,17.73808],[120.83611,17.73861],[120.83492,17.73925],[120.83584,17.74],[120.83518,17.74083],[120.83583,17.74134],[120.83593,17.74215],[120.83541,17.74233],[120.83617,17.74333],[120.83487,17.74362],[120.83493,17.74475],[120.83425,17.74555],[120.83496,17.74612],[120.83455,17.74648]],[[120.83455,17.74648],[120.8335,17.74678],[120.83364,17.74865],[120.83195,17.74926],[120.83302,17.75083],[120.83271,17.75287],[120.832,17.75351]],[[120.85938,17.93309],[120.86044,17.93287],[120.8598,17.93168],[120.86072,17.93077],[120.86053,17.92995],[120.86135,17.92952],[120.8616,17.92893],[120.86263,17.92868],[120.86292,17.92791],[120.86246,17.92705],[120.86123,17.92698],[120.86217,17.92495],[120.86304,17.92517],[120.86405,17.92439],[120.86463,17.9246],[120.86585,17.92427],[120.86722,17.92508],[120.86862,17.92406]],[[120.87218,17.93865],[120.87118,17.93822],[120.87064,17.93656],[120.87156,17.93425],[120.87255,17.93294],[120.87249,17.93226],[120.87314,17.93182],[120.87261,17.93099],[120.87215,17.93116],[120.87118,17.93057],[120.87149,17.92785],[120.87239,17.92706],[120.87178,17.92674],[120.87169,17.92579],[120.87077,17.92416],[120.86992,17.92459],[120.86862,17.92406]],[[120.91624,17.80719],[120.91544,17.80594],[120.91534,17.80496],[120.91591,17.80419],[120.91569,17.80335],[120.91433,17.80186],[120.91444,17.80129],[120.91584,17.79983],[120.9148,17.79617],[120.91514,17.7944],[120.91616,17.79234],[120.91746,17.79136]],[[120.98154,18.10857],[120.98234,18.10807],[120.98269,18.10673],[120.98366,18.1056],[120.9836,18.10458],[120.98431,18.10416],[120.9848,18.10246],[120.98542,18.1018],[120.98554,18.10025],[120.98692,18.09973],[120.98696,18.09873]],[[120.97711,18.07056],[120.97799,18.07019],[120.97826,18.07044],[120.97808,18.07164],[120.97903,18.07231],[120.98255,18.07232],[120.98298,18.07383],[120.98428,18.07471],[120.98433,18.07558],[120.98528,18.07582],[120.98486,18.07708]],[[120.9904,17.83431],[120.99065,17.83162],[120.99004,17.8299],[120.99044,17.82914],[120.98928,17.82877],[120.98908,17.82828],[120.98949,17.82508],[120.99046,17.82376],[120.99003,17.82262],[120.99118,17.82183],[120.99162,17.81977],[120.99144,17.81853],[120.99032,17.81812],[120.99057,17.81747],[120.9916,17.81705],[120.99151,17.81659],[120.99056,17.81633],[120.99098,17.81451]],[[120.53559,17.62148],[120.53779,17.62164],[120.5394,17.62317],[120.54008,17.62294],[120.54084,17.6237],[120.54134,17.62341],[120.54331,17.62395],[120.54399,17.62482],[120.54602,17.62352],[120.54731,17.62337],[120.54916,17.62416]],[[120.91932,17.64084],[120.91869,17.641],[120.91708,17.63998],[120.91528,17.63952],[120.91431,17.64093],[120.91193,17.64108],[120.91089,17.64215],[120.91014,17.6422],[120.91006,17.64158],[120.90943,17.6411],[120.90749,17.64194],[120.90628,17.64146],[120.9059,17.64221],[120.90523,17.64133],[120.90449,17.64144],[120.90384,17.64226],[120.90358,17.64428],[120.90261,17.64566],[120.90045,17.64653],[120.89971,17.64763],[120.89822,17.64818]],[[120.89822,17.64818],[120.89814,17.64735],[120.89702,17.64669],[120.89515,17.64777],[120.89469,17.64762],[120.8939,17.6464],[120.89166,17.64449],[120.89043,17.64426],[120.89093,17.6428],[120.89069,17.64184],[120.88985,17.64165],[120.88845,17.64236],[120.8881,17.64206],[120.88856,17.63929],[120.88832,17.63895],[120.88662,17.63919],[120.88622,17.63763]],[[120.97191,17.86622],[120.97247,17.86694],[120.97173,17.86916],[120.97283,17.8707],[120.97272,17.87128],[120.97079,17.87262],[120.97103,17.87396],[120.97047,17.87547],[120.97215,17.87602],[120.97214,17.87666],[120.97278,17.8771],[120.97288,17.87771],[120.97357,17.87771],[120.97307,17.87841],[120.97333,17.87887],[120.97405,17.87901],[120.9741,17.87948],[120.97513,17.87939],[120.97555,17.8798],[120.97616,17.87949],[120.97932,17.88032],[120.97993,17.88132],[120.98103,17.88209],[120.98169,17.88124],[120.98274,17.88224],[120.98373,17.88204]],[[120.98493,17.86368],[120.98576,17.86419],[120.98573,17.86571],[120.98627,17.86693],[120.98721,17.86768],[120.98701,17.86885],[120.98738,17.87001],[120.98695,17.8717],[120.98603,17.87247],[120.98616,17.87434],[120.98591,17.87514],[120.98542,17.87533],[120.98545,17.87704],[120.98485,17.87782],[120.98512,17.87824],[120.98593,17.87823],[120.98593,17.87935],[120.9854,17.8797],[120.98443,17.87956],[120.98476,17.88056],[120.98372,17.88101],[120.98373,17.88204]],[[120.97545,17.73084],[120.97643,17.7323],[120.97593,17.73621],[120.97622,17.73726],[120.97573,17.73825],[120.97636,17.73951],[120.97535,17.74063],[120.97516,17.74161],[120.97399,17.74273],[120.9743,17.74564],[120.97302,17.74709],[120.97426,17.74835],[120.97464,17.75057]],[[120.86655,17.67675],[120.86558,17.67816],[120.86414,17.6784],[120.86391,17.67909],[120.86256,17.6797],[120.86073,17.67948],[120.86025,17.67982],[120.8595,17.67916],[120.85824,17.67978],[120.85733,17.67972],[120.85549,17.68077],[120.85413,17.68088],[120.85433,17.68176],[120.85213,17.6833],[120.85124,17.68344],[120.85064,17.68543],[120.8497,17.68574],[120.84917,17.68669],[120.84833,17.68678],[120.84792,17.6886],[120.84638,17.69032],[120.84528,17.69049],[120.84507,17.69104],[120.84575,17.69166],[120.84705,17.69062],[120.84881,17.69069],[120.84902,17.69128],[120.8485,17.69202],[120.84838,17.69322],[120.84884,17.69364],[120.84992,17.69324],[120.85002,17.69429],[120.84942,17.69472],[120.84985,17.69619]],[[120.88016,17.69302],[120.87925,17.69245],[120.87805,17.69265],[120.87601,17.69159],[120.87512,17.69153],[120.87443,17.68949],[120.87283,17.6896],[120.87252,17.69068],[120.87152,17.69097],[120.86997,17.68938],[120.86913,17.6893],[120.86665,17.69027],[120.86445,17.69018],[120.86364,17.69072],[120.8622,17.69073],[120.86111,17.69161],[120.85949,17.69186],[120.85891,17.6929],[120.85613,17.69393],[120.85539,17.69604],[120.85406,17.69696],[120.85285,17.69697],[120.85191,17.69598],[120.84985,17.69619]],[[120.882,17.89579],[120.88168,17.89569],[120.88181,17.89413],[120.87926,17.89266],[120.87947,17.89227],[120.87899,17.89138],[120.87939,17.89095],[120.87834,17.88985],[120.87861,17.88915],[120.88062,17.88873],[120.88059,17.88772],[120.88114,17.88676],[120.88039,17.88584],[120.88059,17.88505]],[[120.8915,17.86961],[120.8899,17.86793],[120.88813,17.8673],[120.88766,17.86671],[120.88662,17.86667],[120.88606,17.86495],[120.88531,17.86435],[120.8855,17.86245],[120.8841,17.86112],[120.88437,17.86069],[120.88467,17.86126],[120.88508,17.86107],[120.8854,17.8592],[120.88518,17.85691]],[[120.92925,17.83613],[120.92864,17.83705],[120.92781,17.83745],[120.92816,17.83942],[120.9292,17.84034],[120.92949,17.84117],[120.92741,17.84322],[120.92726,17.84419],[120.92767,17.84477],[120.92738,17.8454],[120.9278,17.84613],[120.92732,17.84805]],[[120.76284,17.89232],[120.76259,17.88997],[120.7622,17.88939],[120.76242,17.88758],[120.76089,17.887],[120.76049,17.88604],[120.76107,17.88578],[120.76107,17.88535],[120.75993,17.88523],[120.7591,17.88446],[120.75729,17.88522],[120.75681,17.88424],[120.75515,17.88449],[120.75414,17.88279],[120.75289,17.88203]],[[120.84846,17.84987],[120.84756,17.84764],[120.84912,17.84694],[120.84946,17.84587],[120.84909,17.84272],[120.84857,17.84159]],[[120.85771,17.86587],[120.85764,17.86316],[120.85872,17.86284],[120.85873,17.86242],[120.85846,17.86178],[120.85773,17.86142],[120.85844,17.86051],[120.85773,17.85966],[120.85745,17.85733],[120.85578,17.85597],[120.85436,17.85551],[120.85453,17.85416],[120.85387,17.85362],[120.85313,17.85422],[120.85222,17.85423],[120.85189,17.85411],[120.85158,17.85281],[120.85055,17.85321],[120.84943,17.85242],[120.84872,17.85146],[120.84846,17.84987]],[[120.9555,17.14898],[120.95545,17.14882]],[[120.95545,17.14882],[120.95543,17.14845],[120.95694,17.14762],[120.95691,17.14668],[120.95778,17.14629]],[[120.95918,18.41287],[120.95996,18.41213],[120.9594,18.40984],[120.96113,18.40838],[120.96117,18.40707],[120.96287,18.40557],[120.96229,18.40385],[120.96166,18.40408],[120.96051,18.40226],[120.9604,18.40126],[120.96155,18.4008],[120.96094,18.39968],[120.96175,18.39987],[120.96255,18.39941],[120.96246,18.39741],[120.96504,18.39641],[120.96472,18.39585],[120.96502,18.39495],[120.9643,18.39506],[120.9642,18.39438],[120.96507,18.39356],[120.96487,18.39074],[120.96563,18.39002],[120.96732,18.39082],[120.96851,18.38919]],[[120.612,17.65066],[120.61118,17.65006],[120.61115,17.64722],[120.61144,17.64657],[120.615,17.64364],[120.61525,17.64244],[120.61307,17.64078],[120.61307,17.64013],[120.61509,17.63891],[120.61521,17.63704],[120.61731,17.63699],[120.61803,17.6366],[120.61847,17.63542],[120.6169,17.63169],[120.61581,17.63078],[120.6183,17.62747],[120.61855,17.62648],[120.62136,17.62383]],[[120.93715,17.72886],[120.93482,17.72917],[120.93386,17.73057],[120.93442,17.73151],[120.93503,17.73506],[120.93407,17.7367],[120.93318,17.73967],[120.93189,17.74064],[120.93115,17.74237],[120.93181,17.7453],[120.9316,17.74587],[120.93034,17.74611]],[[120.74342,17.67327],[120.74273,17.67238],[120.74178,17.67216],[120.74125,17.67105],[120.73935,17.67084],[120.73846,17.67326],[120.73711,17.67379],[120.73703,17.67427],[120.73587,17.67426],[120.73527,17.67477],[120.73373,17.674],[120.73249,17.67412],[120.73195,17.67315],[120.73109,17.67452],[120.73016,17.67536],[120.72967,17.67532]],[[120.85084,17.82482],[120.85075,17.82604],[120.85163,17.82658],[120.85405,17.82946],[120.8585,17.83042],[120.8599,17.83377]],[[120.89402,17.82447],[120.89298,17.82432],[120.88835,17.82507],[120.88426,17.82282],[120.88125,17.8228],[120.88051,17.82439],[120.87826,17.82636],[120.87631,17.82649],[120.87488,17.82727],[120.87218,17.8275],[120.87004,17.83081],[120.86966,17.83345],[120.87034,17.8343]],[[120.87034,17.8343],[120.86919,17.83543],[120.869,17.83612],[120.86856,17.83621],[120.8652,17.83545],[120.86434,17.83403],[120.86116,17.83424],[120.86021,17.83359]],[[120.98697,18.0985],[120.98698,18.09779]],[[120.98696,18.09873],[120.98697,18.0985]],[[121.31773,17.50663],[121.31668,17.50716],[121.31516,17.51014]],[[121.31184,17.50445],[121.31153,17.50575],[121.31188,17.50764],[121.31257,17.50819],[121.31295,17.50921],[121.31516,17.51014]],[[121.31516,17.51014],[121.31524,17.51118],[121.31411,17.51335]],[[120.78701,17.71555],[120.78624,17.71599],[120.78536,17.71591],[120.7827,17.71416],[120.7822,17.7115],[120.78131,17.71071],[120.77934,17.70978],[120.77571,17.70939],[120.77272,17.70774],[120.76773,17.70321],[120.76612,17.70247],[120.76521,17.70146],[120.76452,17.70157],[120.76355,17.70259],[120.76265,17.70179],[120.76149,17.70148]],[[120.94944,17.88543],[120.94944,17.8838],[120.94826,17.88206],[120.9466,17.87728],[120.94541,17.87635],[120.94393,17.87614],[120.94276,17.87549],[120.9412,17.87422],[120.93935,17.87421]],[[120.53497,17.70096],[120.5345,17.69984],[120.53488,17.69845],[120.53543,17.69797],[120.53548,17.69713],[120.53505,17.69683],[120.53528,17.6957],[120.53419,17.69562],[120.53405,17.69509],[120.53469,17.69179],[120.53427,17.68984],[120.53486,17.68958],[120.53476,17.68818],[120.53534,17.68778],[120.53524,17.68651],[120.53456,17.68517],[120.53494,17.68372],[120.53637,17.68255],[120.53566,17.68171],[120.5351,17.67902],[120.53594,17.67714],[120.53594,17.6758],[120.53778,17.67484],[120.5372,17.67415],[120.53538,17.67458],[120.5348,17.674],[120.53366,17.67194],[120.53332,17.66996],[120.53379,17.66853],[120.53315,17.66724],[120.53336,17.66693],[120.53415,17.66734],[120.5348,17.66711],[120.53645,17.66519],[120.53727,17.66511],[120.53727,17.66407],[120.53821,17.66427],[120.53782,17.66333],[120.5383,17.66063],[120.53746,17.6591]],[[120.54012,17.72698],[120.53983,17.72638],[120.53871,17.72579],[120.53961,17.72409],[120.53825,17.72075],[120.53898,17.71916],[120.5385,17.71623],[120.53899,17.71474],[120.53841,17.71444],[120.53939,17.71339]],[[120.97826,17.67952],[120.97842,17.67806],[120.9778,17.67579],[120.9756,17.67426],[120.97627,17.6724],[120.97533,17.67159],[120.97419,17.66889],[120.974,17.66558]],[[120.76867,16.69026],[120.76831,16.6898],[120.76856,16.68903],[120.7668,16.68796],[120.76699,16.68701],[120.76523,16.68623],[120.76414,16.68394],[120.76335,16.68365],[120.76291,16.68251],[120.76357,16.68171],[120.76356,16.68073],[120.76264,16.67998],[120.76253,16.67924],[120.76153,16.67895],[120.76118,16.67831]],[[120.76118,16.67831],[120.75851,16.67634]],[[120.66554,16.51333],[120.6644,16.51394],[120.66303,16.51596],[120.66066,16.51582],[120.65976,16.51626],[120.66002,16.51832],[120.65787,16.52053],[120.65735,16.52205]],[[121.34608,18.03364],[121.34679,18.03382]],[[121.34742,18.03512],[121.3467,18.03676]],[[120.77458,17.75964],[120.77009,17.75885],[120.768,17.75956],[120.76481,17.7598],[120.76456,17.76026],[120.75954,17.76162]],[[120.94089,16.65678],[120.94189,16.65733],[120.94323,16.65696],[120.94397,16.65716],[120.94516,16.6586],[120.94585,16.6587],[120.94683,16.65805],[120.94756,16.65876],[120.94972,16.65945],[120.95095,16.65941],[120.95268,16.66086],[120.95317,16.66279],[120.95447,16.66341],[120.95478,16.66656],[120.95429,16.66713],[120.95431,16.66795],[120.95467,16.66827],[120.95739,16.6682],[120.95848,16.66945],[120.95954,16.66961],[120.96163,16.67125],[120.96335,16.67122],[120.96454,16.67187],[120.96604,16.67163],[120.96871,16.67284],[120.97165,16.67254],[120.97241,16.67298],[120.9722,16.67408],[120.97256,16.67433],[120.97441,16.6742]],[[120.97441,16.6742],[120.97552,16.67344],[120.97595,16.67232],[120.97571,16.67119],[120.97612,16.67081]],[[120.92995,16.65901],[120.93044,16.65833],[120.9324,16.65786],[120.93259,16.65722],[120.93519,16.65709],[120.93695,16.65751],[120.93891,16.65885],[120.93986,16.65715],[120.94089,16.65678]],[[120.93913,16.64361],[120.9394,16.64674],[120.93853,16.6476],[120.93659,16.64828],[120.93665,16.65019],[120.93744,16.65058],[120.93645,16.65189],[120.93784,16.65343],[120.93927,16.6536],[120.94089,16.65678]],[[120.91475,16.67092],[120.91536,16.67014],[120.91655,16.67016],[120.91693,16.67019],[120.91705,16.6708],[120.91799,16.67104],[120.91879,16.66984],[120.91985,16.66984],[120.92025,16.66935],[120.92022,16.66805],[120.92081,16.6679],[120.92213,16.66601],[120.92218,16.66515],[120.92352,16.66528],[120.92392,16.66614],[120.92484,16.66619],[120.92628,16.66446],[120.92635,16.66358],[120.92706,16.66244],[120.92911,16.66047],[120.92995,16.65901]],[[120.56807,17.62182],[120.56819,17.62105],[120.5698,17.61971],[120.56902,17.61863],[120.56918,17.61806],[120.57056,17.6178],[120.57172,17.61672],[120.57334,17.61704]],[[120.57334,17.61704],[120.57511,17.61547],[120.57736,17.61474],[120.57847,17.6139],[120.579,17.61291]],[[120.579,17.61291],[120.57752,17.61003],[120.57669,17.60701]],[[120.58825,17.61705],[120.58091,17.61488],[120.579,17.61291]],[[120.57299,17.63812],[120.57277,17.63745],[120.57164,17.63718],[120.57094,17.63647],[120.57038,17.63446],[120.56936,17.63357],[120.56827,17.63155],[120.56833,17.63072],[120.56937,17.63015],[120.56949,17.62933],[120.56892,17.62838],[120.5696,17.62756],[120.56963,17.62667],[120.56887,17.62493],[120.56885,17.62261],[120.56807,17.62182]],[[120.72862,17.67838],[120.72711,17.6755],[120.7254,17.67466]],[[120.7254,17.67466],[120.7244,17.67399],[120.72394,17.67244]],[[120.72517,17.67708],[120.72493,17.67632],[120.7254,17.67466]]]}},{"type":"Feature","properties":{"kind":"river","name":"Abit River"},"geometry":{"type":"MultiLineString","coordinates":[[[120.85188,16.87726],[120.85234,16.87765],[120.85277,16.8775],[120.85345,16.87839],[120.8522,16.87925],[120.85326,16.87914],[120.85362,16.87968],[120.85227,16.87999],[120.85313,16.88016],[120.85325,16.88057],[120.85289,16.88061],[120.85254,16.8815],[120.85236,16.88325],[120.85285,16.88453],[120.85336,16.88487],[120.85288,16.88526],[120.85316,16.88685],[120.85186,16.88685],[120.85321,16.88762],[120.85355,16.88923],[120.85537,16.88942],[120.8554,16.88981],[120.85437,16.89036],[120.8542,16.89098],[120.85485,16.89137],[120.85604,16.89439],[120.85659,16.89469],[120.85774,16.89426],[120.8584,16.89475],[120.85917,16.89417],[120.85942,16.89513],[120.86017,16.89575],[120.86023,16.89796],[120.85957,16.89879],[120.8601,16.90253],[120.85921,16.90407],[120.85913,16.90498],[120.85988,16.90606],[120.85923,16.90959],[120.85804,16.91067],[120.85826,16.91208],[120.85579,16.91377],[120.85532,16.91714],[120.85428,16.91892],[120.85467,16.92003],[120.85428,16.92237],[120.85489,16.92296],[120.85453,16.92374],[120.85293,16.9248],[120.8528,16.92609],[120.85362,16.92705],[120.85287,16.92758],[120.85235,16.92883],[120.85243,16.93068],[120.85144,16.93205],[120.85143,16.93367],[120.85098,16.93398],[120.84993,16.93375],[120.84906,16.93445],[120.84898,16.93566],[120.84806,16.93705],[120.84575,16.93909],[120.84511,16.94074],[120.84517,16.94298],[120.84428,16.94394],[120.84404,16.94606],[120.84326,16.94742],[120.84196,16.94813],[120.84223,16.95002],[120.84266,16.95044],[120.84241,16.95133],[120.8379,16.95425],[120.83529,16.95526],[120.83248,16.95491],[120.83161,16.95535],[120.82949,16.95549],[120.8276,16.95511],[120.82665,16.95599],[120.82518,16.95587],[120.82306,16.95771],[120.82305,16.95838],[120.82184,16.95893],[120.82067,16.95803],[120.8185,16.95885],[120.81703,16.95879],[120.81627,16.95852],[120.81509,16.9573],[120.81139,16.9578],[120.80761,16.95717],[120.80563,16.95771],[120.80116,16.95574],[120.80023,16.95659],[120.79968,16.95802],[120.79892,16.9581],[120.79803,16.95757],[120.79561,16.95912],[120.7943,16.95884],[120.79337,16.9578],[120.79211,16.95815],[120.79177,16.95975],[120.78905,16.95844],[120.7885,16.95891],[120.7868,16.9588],[120.78598,16.95927],[120.78462,16.96143],[120.78326,16.96161],[120.77965,16.96418]],[[120.77965,16.96418],[120.77944,16.96433]]]}},{"type":"Feature","properties":{"kind":"river","name":"Abitong River"},"geometry":{"type":"LineString","coordinates":[[120.70914,16.56558],[120.7071,16.56636],[120.70589,16.56859],[120.70499,16.56843],[120.70247,16.57004],[120.70252,16.57054],[120.69951,16.57071],[120.69831,16.57397],[120.69933,16.57574],[120.69927,16.57633],[120.69809,16.57797],[120.69596,16.57835],[120.69546,16.57878],[120.69564,16.58059],[120.69512,16.58243],[120.6962,16.5839],[120.69579,16.58654],[120.69664,16.58838],[120.69632,16.58999],[120.69657,16.5936],[120.69602,16.59609],[120.69659,16.59719]]}},{"type":"Feature","properties":{"kind":"river","name":"Abra River"},"geometry":{"type":"MultiLineString","coordinates":[[[120.71556,17.62265],[120.71276,17.62192],[120.70993,17.62172],[120.70475,17.62276],[120.70346,17.62367],[120.70003,17.628],[120.69468,17.63194],[120.69093,17.63282],[120.68839,17.63284],[120.6808,17.63097],[120.67832,17.62887],[120.6771,17.62855],[120.67525,17.62401],[120.67423,17.62274],[120.66847,17.62023],[120.66726,17.62009],[120.66553,17.62118],[120.65843,17.627],[120.65448,17.62564],[120.65105,17.62354],[120.64702,17.62033],[120.64579,17.61846],[120.64473,17.61771],[120.64232,17.61743],[120.63869,17.61742],[120.63153,17.61972],[120.62901,17.62018],[120.62696,17.61985],[120.62597,17.61918],[120.62451,17.6207],[120.62064,17.62228],[120.61731,17.6213],[120.61091,17.62174],[120.60836,17.62083],[120.60214,17.62017],[120.59611,17.61988],[120.59198,17.62061],[120.59069,17.62038],[120.58922,17.61902],[120.58825,17.61705],[120.58827,17.61437],[120.58766,17.61223],[120.58488,17.6088],[120.58251,17.60763],[120.57884,17.60751],[120.57791,17.60787],[120.57669,17.60701],[120.57639,17.60617],[120.57752,17.60261]],[[120.68475,17.18066],[120.688,17.18077],[120.68868,17.1823],[120.68849,17.18397],[120.68702,17.18487],[120.68086,17.18674],[120.68031,17.18741],[120.68053,17.18912],[120.6802,17.19082],[120.67978,17.19126],[120.67487,17.19233],[120.67226,17.19216],[120.67165,17.19251],[120.67245,17.19477],[120.6745,17.19735],[120.67731,17.19803],[120.67936,17.1973],[120.68094,17.19838],[120.68079,17.20046],[120.68027,17.20181],[120.6776,17.20529],[120.67602,17.20806],[120.67509,17.21118],[120.67739,17.21339],[120.68135,17.2159],[120.68311,17.22304],[120.68418,17.22455],[120.68552,17.22527],[120.68613,17.22609],[120.68593,17.22747],[120.68514,17.22742],[120.68249,17.22851],[120.6819,17.22968],[120.68151,17.23243],[120.6806,17.23376],[120.67974,17.23385],[120.67906,17.23481],[120.67896,17.23576],[120.67936,17.23664],[120.68024,17.2375],[120.68269,17.24185],[120.68287,17.24342],[120.68229,17.24401],[120.68161,17.24406],[120.67985,17.24273],[120.67622,17.24289],[120.67367,17.24204],[120.67099,17.24241],[120.66933,17.24345],[120.66925,17.24428],[120.67009,17.24687],[120.67352,17.24647],[120.67627,17.24733],[120.67721,17.24842],[120.67708,17.25091],[120.67829,17.25742],[120.67769,17.25885],[120.67661,17.25966],[120.67062,17.26139],[120.66895,17.26229],[120.66718,17.26253],[120.66678,17.26462],[120.66714,17.26528],[120.66841,17.26572],[120.6746,17.26508],[120.68264,17.26526],[120.68349,17.26558],[120.68388,17.26602],[120.68378,17.26748],[120.68433,17.26861],[120.68625,17.27012],[120.68738,17.27439],[120.68672,17.27626],[120.68412,17.2785],[120.68333,17.28028],[120.68332,17.28222],[120.68397,17.28443],[120.68682,17.28444],[120.68845,17.28342],[120.69072,17.28112],[120.69327,17.28056],[120.69471,17.281],[120.69582,17.28191],[120.69709,17.28389],[120.69786,17.28586],[120.69739,17.29082],[120.69563,17.29675],[120.69248,17.30123],[120.69234,17.30307],[120.69415,17.30783],[120.69539,17.30899],[120.69628,17.31106],[120.69754,17.31634],[120.69906,17.3205],[120.70049,17.32309],[120.70499,17.3288],[120.70496,17.32989],[120.70357,17.33228],[120.69973,17.33577],[120.69877,17.33811],[120.69893,17.34075],[120.6999,17.34254],[120.70108,17.34368],[120.70353,17.3438],[120.70631,17.34253],[120.70795,17.34214],[120.70854,17.34238],[120.70893,17.34625],[120.71112,17.34901],[120.70924,17.35279],[120.70768,17.35796],[120.70535,17.36169],[120.70497,17.36318],[120.70534,17.36405],[120.70903,17.36785],[120.71091,17.37175],[120.71091,17.37247],[120.70973,17.3742],[120.70768,17.37576],[120.70458,17.37696],[120.69918,17.37729],[120.69719,17.37924],[120.69654,17.38077],[120.69577,17.38543],[120.69447,17.38845],[120.69323,17.39069],[120.69097,17.39217],[120.68778,17.39785],[120.68761,17.40156],[120.68641,17.40499],[120.68673,17.40755],[120.68906,17.41559],[120.68879,17.41667],[120.68722,17.41835],[120.68715,17.42255],[120.68843,17.42527],[120.68927,17.42957],[120.69124,17.43132],[120.69333,17.43443],[120.6959,17.43647],[120.69595,17.43748],[120.69729,17.4402],[120.69814,17.44117],[120.70014,17.44237],[120.70195,17.4455],[120.70189,17.44776],[120.70102,17.45175],[120.69875,17.45614],[120.69825,17.45834],[120.6983,17.46106],[120.69928,17.46363]],[[120.73929,16.83762],[120.73944,16.83889],[120.73914,16.83941],[120.73805,16.83984],[120.73609,16.84274],[120.73503,16.84227],[120.73371,16.84236],[120.73205,16.84447],[120.72975,16.84449],[120.72902,16.84479],[120.72886,16.84537],[120.72963,16.84665],[120.73073,16.84745],[120.73256,16.84794],[120.73206,16.84874],[120.72989,16.84904],[120.73,16.85133],[120.72818,16.85231],[120.72897,16.85717],[120.72988,16.85832],[120.73317,16.85874],[120.73388,16.85964],[120.73323,16.86064],[120.73324,16.8613],[120.7352,16.86138],[120.735,16.86204],[120.73561,16.86447],[120.73486,16.86555],[120.73499,16.86651],[120.73624,16.86727],[120.7362,16.86834],[120.73798,16.87173],[120.73737,16.87483],[120.73663,16.87475],[120.7362,16.87302],[120.73573,16.87273],[120.73412,16.87418],[120.73244,16.87852],[120.73275,16.87901],[120.73437,16.8792],[120.73487,16.87989],[120.73492,16.88076],[120.73392,16.88134],[120.73237,16.88151],[120.73193,16.88349],[120.73412,16.88445],[120.7343,16.88697],[120.73316,16.88713],[120.72956,16.8859],[120.72907,16.88621],[120.72988,16.88722],[120.73023,16.88875],[120.73026,16.88979],[120.72976,16.89046],[120.73017,16.8925],[120.72983,16.89344],[120.73108,16.89395],[120.73335,16.89401],[120.73299,16.895],[120.73174,16.89536],[120.73218,16.89608],[120.73195,16.89686],[120.73236,16.89831],[120.73479,16.89834],[120.73564,16.89788],[120.73832,16.89985],[120.73822,16.90229],[120.73788,16.9026],[120.73692,16.9022],[120.73541,16.90245],[120.73399,16.90209],[120.7322,16.90327],[120.72953,16.90351],[120.72888,16.90468],[120.72978,16.90517],[120.73195,16.9054],[120.73053,16.90731],[120.73082,16.90809],[120.73146,16.90799],[120.73181,16.90842],[120.73171,16.90978],[120.73274,16.9122],[120.73605,16.91213],[120.73587,16.91286],[120.73376,16.91364],[120.73379,16.91432],[120.73602,16.91702],[120.73699,16.9176],[120.73772,16.91696],[120.73804,16.91597],[120.73847,16.91598],[120.74155,16.91874],[120.74261,16.92079],[120.74406,16.92243],[120.74615,16.9231],[120.7471,16.9241],[120.7475,16.92727],[120.74716,16.92852]],[[120.70059,17.48496],[120.7018,17.48721],[120.70287,17.48828],[120.71192,17.49528],[120.71458,17.49954],[120.71549,17.50246],[120.71504,17.5087],[120.71524,17.51121],[120.71743,17.51511],[120.71957,17.51747],[120.71955,17.52315],[120.72013,17.52576],[120.72093,17.52771],[120.72178,17.52864],[120.72468,17.52982],[120.73077,17.53742],[120.73187,17.53961],[120.7327,17.54252],[120.73218,17.54867],[120.7327,17.55307],[120.73468,17.55528],[120.7351,17.55779]],[[120.7351,17.55779],[120.73489,17.55856],[120.73085,17.56249],[120.72782,17.56857],[120.72566,17.57092],[120.72323,17.57447],[120.72156,17.5759],[120.71844,17.57768],[120.71682,17.57952],[120.71671,17.58141],[120.71739,17.58571],[120.71518,17.58868],[120.71478,17.59372],[120.71724,17.59715],[120.71947,17.60382]],[[120.71947,17.60382],[120.72129,17.60777],[120.72246,17.60941],[120.7238,17.61059],[120.72596,17.61105]],[[120.69928,17.46363],[120.69928,17.46472],[120.70034,17.46749],[120.7006,17.4702],[120.70054,17.47261],[120.69989,17.47409],[120.69928,17.47737],[120.69922,17.48018],[120.70059,17.48496]],[[120.7351,17.55779],[120.7357,17.56275],[120.73697,17.56437],[120.73752,17.56724],[120.73678,17.56763],[120.73115,17.57499],[120.72757,17.57742],[120.72509,17.58028],[120.72127,17.58751],[120.7189,17.58969],[120.71859,17.591],[120.71945,17.59245],[120.71886,17.59466],[120.71953,17.59628],[120.71996,17.60158],[120.71947,17.60382]],[[120.78151,16.76602],[120.77949,16.76921],[120.78053,16.77024],[120.78131,16.77177],[120.78073,16.77236],[120.77956,16.77264],[120.78002,16.77341],[120.77958,16.77413],[120.77993,16.77614],[120.77955,16.77667],[120.77786,16.77741],[120.77689,16.77905],[120.77716,16.77958],[120.77685,16.78009],[120.77799,16.78117],[120.77822,16.78333],[120.77758,16.78328],[120.77691,16.78489],[120.77809,16.78867],[120.77761,16.78925],[120.77753,16.79065],[120.77657,16.79189],[120.77668,16.79281],[120.7757,16.79412],[120.77674,16.79511],[120.77626,16.7973],[120.77475,16.79836],[120.77328,16.80072],[120.77162,16.79952],[120.76996,16.80015],[120.76951,16.80089],[120.76838,16.80064],[120.76762,16.80089],[120.76776,16.80233],[120.76868,16.80319],[120.76827,16.80554],[120.76715,16.80752],[120.7673,16.81096],[120.7664,16.8114],[120.76597,16.81317],[120.76471,16.81377],[120.76435,16.81493],[120.76237,16.81617],[120.76127,16.81587],[120.76057,16.81676],[120.75789,16.81533],[120.7576,16.81551],[120.75761,16.81748],[120.75709,16.81756],[120.75489,16.81629],[120.75318,16.81879],[120.75205,16.81825],[120.75096,16.81882],[120.74986,16.81857],[120.74946,16.81938],[120.74732,16.82038],[120.74728,16.82139],[120.74642,16.82319],[120.74666,16.82436],[120.74571,16.82602],[120.74705,16.82767],[120.74626,16.82789],[120.74594,16.82904],[120.7476,16.8299],[120.74652,16.83043],[120.74635,16.83095],[120.74543,16.83071],[120.74515,16.82962],[120.74377,16.8294],[120.74284,16.82772],[120.74132,16.82868],[120.74055,16.82748],[120.73986,16.82734],[120.73771,16.83073],[120.73677,16.8309],[120.7365,16.83175],[120.73724,16.83432],[120.73914,16.83611],[120.73868,16.837],[120.73929,16.83762]],[[120.57752,17.60261],[120.58176,17.59655],[120.59062,17.58979]],[[120.59354,17.57037],[120.58718,17.57406],[120.58108,17.57823],[120.57787,17.57861],[120.57508,17.57814],[120.57049,17.5754],[120.56814,17.57322],[120.56684,17.57086],[120.5661,17.56838],[120.56449,17.56737],[120.56223,17.56672],[120.56099,17.5669],[120.5581,17.56976],[120.5548,17.57688],[120.55331,17.57853],[120.5475,17.58041],[120.54546,17.57995],[120.53888,17.57443],[120.53787,17.56997],[120.53779,17.56698],[120.53878,17.55158],[120.54015,17.54875],[120.54039,17.54367],[120.53975,17.54047],[120.53779,17.53765],[120.53566,17.5371],[120.53487,17.53715],[120.53252,17.53877],[120.52685,17.54361],[120.52151,17.5448],[120.51773,17.54491],[120.50913,17.54262],[120.50658,17.54285],[120.50578,17.54338],[120.50541,17.54672],[120.50166,17.54972],[120.49993,17.55031],[120.49827,17.55031],[120.49545,17.54664],[120.49326,17.54517],[120.4848,17.54645],[120.48339,17.54739]],[[120.72596,17.61105],[120.72893,17.61701],[120.72881,17.61976],[120.72657,17.62206],[120.72553,17.62383],[120.72155,17.62494],[120.71966,17.62487],[120.71556,17.62265]],[[120.59062,17.58979],[120.59335,17.58638],[120.5956,17.58269],[120.59643,17.5805]],[[120.59643,17.5805],[120.5965,17.5742],[120.59614,17.57285],[120.59493,17.57092],[120.59354,17.57037]]]}},{"type":"Feature","properties":{"kind":"river","name":"Abulug River"},"geometry":{"type":"MultiLineString","coordinates":[[[121.38672,18.20607],[121.3881,18.20772],[121.39308,18.21016],[121.3944,18.21176],[121.39655,18.21569],[121.40017,18.21947],[121.40322,18.22167]],[[121.38672,18.20607],[121.39107,18.20519],[121.39311,18.20589],[121.39636,18.20847],[121.39877,18.21161],[121.40233,18.21475],[121.40321,18.21595],[121.40389,18.21938]],[[121.40389,18.21938],[121.40322,18.22167]],[[121.40322,18.22167],[121.40419,18.22395],[121.40659,18.22627],[121.40922,18.22746],[121.41033,18.22862],[121.4106,18.22967],[121.41035,18.23136],[121.40916,18.23281],[121.40721,18.23348],[121.40399,18.2335],[121.40261,18.23399],[121.40191,18.23569],[121.40184,18.23731],[121.40297,18.24021],[121.40571,18.24309],[121.40738,18.24641],[121.40695,18.25132],[121.40951,18.26042]],[[121.40951,18.26042],[121.40875,18.2644],[121.4096,18.26637],[121.41235,18.26805],[121.41336,18.26805],[121.41488,18.26739],[121.4174,18.26755],[121.41869,18.26827],[121.41946,18.26964],[121.41925,18.27218],[121.41875,18.27286],[121.41415,18.27332],[121.41178,18.2754]],[[121.40698,18.29024],[121.40713,18.29178],[121.40823,18.29455],[121.40806,18.29604],[121.40727,18.29755],[121.40521,18.2987],[121.40301,18.3024],[121.4013,18.30301],[121.39819,18.30299],[121.39596,18.30185],[121.39332,18.29977],[121.39037,18.29914],[121.38975,18.29918],[121.38895,18.30002],[121.38849,18.30209],[121.38918,18.30401],[121.3909,18.30638],[121.39091,18.30902],[121.3918,18.31173],[121.39372,18.31401],[121.39624,18.31534],[121.39904,18.31596],[121.40281,18.31535],[121.40441,18.3155],[121.40522,18.315],[121.40649,18.31273],[121.40858,18.31082],[121.41035,18.31047],[121.41129,18.31136],[121.41215,18.31144]],[[121.40699,18.28261],[121.40914,18.28476],[121.41067,18.28824],[121.41261,18.29002],[121.41375,18.29423]],[[121.34359,18.10345],[121.34623,18.10312],[121.3473,18.10377],[121.3485,18.10508],[121.34901,18.10672],[121.35231,18.11082],[121.35282,18.11778]],[[121.36475,18.17463],[121.36397,18.17485],[121.3635,18.17568],[121.36283,18.18097],[121.36078,18.18771],[121.36023,18.1919],[121.36217,18.19475],[121.36413,18.19681],[121.36572,18.19761],[121.36708,18.19934]],[[121.36708,18.19934],[121.37219,18.20284],[121.37785,18.20457]],[[121.37785,18.20457],[121.38507,18.20611],[121.38672,18.20607]],[[121.36475,18.17463],[121.36674,18.17671],[121.37039,18.18498],[121.36933,18.18634],[121.368,18.1868],[121.3682,18.19132],[121.37067,18.19486],[121.37372,18.19618],[121.37623,18.20119],[121.37771,18.20262],[121.37785,18.20457]],[[121.41924,18.32298],[121.41872,18.32504]],[[121.41456,18.33042],[121.41448,18.33054]],[[121.41178,18.2754],[121.40905,18.27905],[121.40699,18.28261]],[[121.40699,18.28261],[121.4052,18.28621],[121.40551,18.28787],[121.40698,18.29024]],[[121.40698,18.29024],[121.40912,18.2923],[121.41375,18.29423]],[[121.41375,18.29423],[121.41813,18.29696],[121.41897,18.29791],[121.41917,18.29884],[121.41836,18.30033],[121.4147,18.30427],[121.41215,18.31144]],[[121.41215,18.31144],[121.41326,18.31383],[121.41848,18.31965],[121.41901,18.32078],[121.41924,18.32298]],[[121.40389,18.21938],[121.40544,18.21997],[121.40775,18.21931],[121.41166,18.21958],[121.41461,18.22192],[121.41649,18.22578],[121.41659,18.22973],[121.41525,18.23432],[121.41487,18.2373],[121.41645,18.24591],[121.41534,18.24746],[121.41047,18.251],[121.41026,18.25257],[121.41158,18.25397]],[[121.36364,18.13691],[121.3621,18.13771],[121.36096,18.1378],[121.35429,18.13595],[121.34847,18.13601],[121.3457,18.13746],[121.34441,18.14005],[121.34451,18.1414],[121.3454,18.14304],[121.34761,18.14562],[121.35156,18.14782],[121.35702,18.14951],[121.35779,18.15033],[121.35816,18.15198],[121.35368,18.15703],[121.35326,18.15841],[121.3534,18.15965],[121.35494,18.16158],[121.35631,18.16233],[121.35971,18.16324],[121.36147,18.16441],[121.3644,18.17001],[121.36475,18.17463]],[[121.41158,18.25397],[121.41146,18.25508],[121.41013,18.25714],[121.40951,18.26042]]]}},{"type":"Feature","properties":{"kind":"river","name":"Agagrao River"},"geometry":{"type":"MultiLineString","coordinates":[[[120.55007,17.37391],[120.55064,17.3785],[120.54886,17.38474]],[[120.56815,17.36369],[120.56535,17.36664],[120.56439,17.36628],[120.56319,17.36671],[120.56268,17.36788],[120.56282,17.37139],[120.56237,17.37224],[120.55866,17.37406],[120.5565,17.37379],[120.55436,17.37239],[120.55206,17.37204],[120.55007,17.37391]]]}},{"type":"Feature","properties":{"kind":"river","name":"Agawa River"},"geometry":{"type":"LineString","coordinates":[[120.86458,17.13323],[120.86468,17.13273],[120.86317,17.13063],[120.86317,17.12873],[120.86417,17.12674],[120.8639,17.12504],[120.8645,17.12424],[120.86345,17.11626],[120.86293,17.11582],[120.86264,17.11467],[120.86158,17.11442],[120.86105,17.1137],[120.86044,17.11137],[120.85964,17.11163],[120.85697,17.11089],[120.85632,17.11203],[120.85574,17.11225],[120.85242,17.11116],[120.85107,17.11019],[120.85074,17.10885],[120.85008,17.10805],[120.84974,17.10557],[120.84871,17.10376],[120.8468,17.10346],[120.84535,17.10214],[120.84396,17.1023],[120.84254,17.10123],[120.83971,17.10154],[120.83845,17.10291],[120.83725,17.10225],[120.83608,17.10074],[120.83316,17.10082],[120.83168,17.10169],[120.83075,17.10122],[120.8291,17.10178],[120.82823,17.10278],[120.8254,17.1001],[120.82464,17.09993]]}},{"type":"Feature","properties":{"kind":"river","name":"Agno River"},"geometry":{"type":"MultiLineString","coordinates":[[[120.72601,16.38434],[120.72564,16.3831],[120.72664,16.3812],[120.72568,16.37953],[120.72524,16.377],[120.72677,16.37656],[120.7292,16.37703],[120.73014,16.37765],[120.73117,16.37984],[120.73269,16.3814],[120.7325,16.38062],[120.73354,16.37911],[120.73357,16.37824],[120.73206,16.37598],[120.73087,16.37527],[120.73085,16.3744],[120.73257,16.37278],[120.7327,16.37056],[120.73338,16.36948],[120.73456,16.36996],[120.73556,16.3698],[120.73676,16.36842],[120.73872,16.3676],[120.73977,16.36629],[120.7374,16.3647],[120.7336,16.36126],[120.73271,16.36096],[120.73062,16.36155],[120.7292,16.36297],[120.72536,16.36433],[120.72432,16.36442],[120.72275,16.36391],[120.72227,16.36753],[120.72153,16.36861],[120.72064,16.36816],[120.71999,16.36702],[120.71941,16.36381],[120.72066,16.35852],[120.7195,16.35308],[120.71996,16.35032],[120.72049,16.34942],[120.72203,16.34865],[120.72286,16.34973],[120.72407,16.35013],[120.72483,16.34896],[120.72591,16.34488],[120.72685,16.34395],[120.728,16.34351],[120.72886,16.34204]],[[120.82203,16.70469],[120.82036,16.70267],[120.82037,16.70214],[120.8215,16.70126],[120.82167,16.70062],[120.82119,16.69954],[120.82178,16.69699],[120.82168,16.69641],[120.8206,16.69617],[120.82057,16.69566],[120.82201,16.6947],[120.82359,16.69255],[120.82464,16.6901],[120.82433,16.68971],[120.82289,16.68951],[120.82253,16.68888],[120.82298,16.68718],[120.82283,16.68617],[120.82112,16.68406],[120.82172,16.68277],[120.82264,16.68213],[120.82158,16.67995],[120.82168,16.6794],[120.82245,16.67909],[120.82341,16.67779],[120.82348,16.67594],[120.82244,16.67239],[120.82257,16.67152],[120.82339,16.66984],[120.82495,16.67022],[120.8253,16.66945],[120.82259,16.66475],[120.82019,16.66224],[120.81656,16.66084],[120.81512,16.65805],[120.81523,16.65737],[120.81809,16.65409],[120.82099,16.65304],[120.8239,16.65123],[120.82437,16.65047],[120.82166,16.64754],[120.82227,16.64597],[120.82521,16.64557],[120.82541,16.64277],[120.82508,16.64197],[120.82263,16.63955],[120.82231,16.63607],[120.82289,16.63407],[120.82189,16.6319],[120.82257,16.63096],[120.82366,16.6305],[120.82584,16.63061],[120.82628,16.63021],[120.8266,16.62951],[120.82646,16.62839],[120.82467,16.6266],[120.82443,16.6256],[120.82755,16.62568],[120.82823,16.62501],[120.82804,16.62342],[120.83094,16.62286],[120.83147,16.62237],[120.83147,16.62075],[120.83048,16.61871],[120.83315,16.61706],[120.83262,16.61331],[120.83471,16.60886],[120.8349,16.60772],[120.83393,16.60235],[120.83435,16.59906],[120.83377,16.59775],[120.83167,16.59596],[120.8314,16.59514],[120.83178,16.59341],[120.83073,16.59233],[120.83247,16.58952],[120.83455,16.58959],[120.83493,16.58918],[120.83431,16.58681],[120.83448,16.58593],[120.83202,16.5836],[120.83104,16.58152],[120.8291,16.58069],[120.82811,16.57755],[120.82744,16.57671],[120.82561,16.57616],[120.82496,16.57649],[120.82406,16.57829],[120.82349,16.57833],[120.82139,16.57565],[120.82107,16.57413],[120.82024,16.57382],[120.81942,16.57436],[120.81764,16.5746],[120.81649,16.57351],[120.8164,16.57108],[120.81502,16.57028],[120.81176,16.56966],[120.81117,16.56897],[120.81092,16.56684],[120.81048,16.56622],[120.80919,16.56623],[120.80586,16.56821],[120.80291,16.5711],[120.80252,16.57064],[120.80213,16.56781],[120.80087,16.56692],[120.80194,16.56557],[120.80215,16.56456],[120.80159,16.56372],[120.79934,16.56378],[120.799,16.56309],[120.80011,16.56224],[120.80193,16.55988],[120.80162,16.55398],[120.80115,16.55295],[120.79894,16.5531],[120.79787,16.55258]],[[120.86923,16.8173],[120.8671,16.82102],[120.86521,16.8218],[120.86415,16.82124],[120.86296,16.82129],[120.86102,16.82252],[120.8603,16.82239],[120.85836,16.82302],[120.857,16.82211],[120.85455,16.82152],[120.85391,16.82073],[120.85287,16.82061],[120.85288,16.82011],[120.85145,16.81905],[120.84997,16.81908],[120.84919,16.81844],[120.84774,16.81845],[120.84733,16.81735],[120.84578,16.81742],[120.84308,16.8137],[120.84252,16.81256],[120.84271,16.81148],[120.84164,16.81033],[120.8402,16.81012],[120.83856,16.8088],[120.83918,16.80794],[120.83803,16.80688],[120.83749,16.80354],[120.83829,16.80143],[120.83749,16.80088],[120.83532,16.80084],[120.83297,16.80005],[120.83274,16.7995],[120.83318,16.79787],[120.83277,16.79704],[120.82977,16.79564],[120.82987,16.79406],[120.82821,16.79134],[120.82985,16.79121],[120.83043,16.79077],[120.83088,16.78868],[120.83025,16.78759],[120.83229,16.78722],[120.83286,16.78649],[120.83293,16.78513],[120.83217,16.78245],[120.83233,16.77963],[120.83325,16.77874],[120.83346,16.77784],[120.83281,16.77733],[120.83009,16.77712],[120.82853,16.77647],[120.83029,16.77458],[120.8302,16.77305],[120.83067,16.772],[120.82929,16.76914],[120.82913,16.76798],[120.83299,16.76551],[120.833,16.76505],[120.83191,16.76495],[120.83162,16.76453],[120.83325,16.76295],[120.83267,16.76015],[120.83218,16.75997],[120.83146,16.7606],[120.83089,16.76054],[120.83022,16.75862],[120.8291,16.75754],[120.82907,16.75704],[120.83013,16.75646],[120.82992,16.75592],[120.82805,16.75584],[120.82779,16.75243],[120.82743,16.7521],[120.82635,16.75216],[120.82612,16.7518],[120.82668,16.75043]],[[120.88971,16.82381],[120.89195,16.82241],[120.89295,16.82099],[120.8925,16.82032],[120.89279,16.81981],[120.8924,16.81865],[120.89178,16.81841],[120.89196,16.81685],[120.89138,16.81683],[120.89108,16.81627],[120.89201,16.81506],[120.89002,16.81436],[120.89058,16.81358],[120.88989,16.81215],[120.89066,16.81196],[120.89085,16.81084],[120.89234,16.81071],[120.89264,16.8102],[120.89202,16.80961]],[[120.79787,16.55258],[120.7965,16.5503],[120.79489,16.55062],[120.79342,16.54974],[120.7934,16.54898],[120.79456,16.54689],[120.79166,16.54518],[120.79159,16.5441],[120.79226,16.54198],[120.7915,16.54086],[120.79075,16.54045],[120.79036,16.54075],[120.78958,16.54318],[120.78828,16.54429],[120.78722,16.54429],[120.78684,16.54393],[120.7864,16.54093],[120.78682,16.5362],[120.78622,16.53548],[120.7849,16.53489],[120.78403,16.53319],[120.78517,16.53082],[120.78501,16.52852],[120.78328,16.52677],[120.78243,16.52355],[120.78136,16.52271],[120.78101,16.52067],[120.7801,16.51966],[120.7801,16.519],[120.77916,16.51837],[120.7778,16.51503],[120.77719,16.51472],[120.77737,16.51343],[120.77848,16.51199],[120.7798,16.50903],[120.77961,16.50746],[120.7781,16.50553],[120.77748,16.50303],[120.77505,16.50205],[120.77361,16.50071],[120.77345,16.49985],[120.77207,16.4984],[120.77235,16.49721],[120.77143,16.49567],[120.77352,16.49352],[120.77325,16.49137],[120.77173,16.48986],[120.76926,16.48852],[120.76709,16.48604],[120.76544,16.48487],[120.76403,16.48277],[120.76315,16.48054]],[[120.74481,16.4582],[120.74504,16.45646],[120.74681,16.45304],[120.746,16.45212],[120.7442,16.45186],[120.74322,16.44951],[120.74175,16.44843]],[[120.73218,16.428],[120.73045,16.42511],[120.73212,16.42282],[120.73359,16.41957],[120.73528,16.41758],[120.73496,16.41569],[120.73422,16.41464],[120.7312,16.41377],[120.72959,16.41445],[120.72836,16.4157],[120.7276,16.41741],[120.72625,16.41795],[120.72498,16.41613],[120.72503,16.41442],[120.72577,16.41331],[120.72845,16.41185],[120.72914,16.41099],[120.72817,16.40955],[120.72605,16.40849],[120.72312,16.40779],[120.7226,16.40707],[120.72248,16.40387],[120.72293,16.40259],[120.7236,16.402],[120.7267,16.40132],[120.72733,16.39976],[120.7268,16.39753],[120.72697,16.3959],[120.72953,16.39524]],[[120.74175,16.44843],[120.74046,16.45057],[120.73744,16.45143],[120.73792,16.45403],[120.73659,16.45446],[120.73338,16.45409],[120.7307,16.45076],[120.73191,16.44744],[120.73604,16.44318],[120.73628,16.44183],[120.73476,16.4396],[120.73684,16.43908],[120.73969,16.44081],[120.74058,16.43995],[120.74096,16.43888],[120.74027,16.43772],[120.73628,16.4361],[120.73519,16.43495],[120.73504,16.43321],[120.73615,16.42994],[120.7362,16.42857],[120.73307,16.42843],[120.73218,16.428]],[[120.70522,16.24079],[120.70007,16.23491],[120.6976,16.23339],[120.69749,16.23169],[120.69882,16.22926],[120.69885,16.22838],[120.69489,16.22383],[120.69495,16.2231],[120.69557,16.22258],[120.699,16.22311],[120.70053,16.22254],[120.70176,16.22142],[120.70198,16.21994],[120.69824,16.21809],[120.69698,16.21585],[120.69424,16.21475],[120.69318,16.21314],[120.69433,16.21127],[120.69365,16.20869],[120.69392,16.20703],[120.69462,16.20655],[120.69774,16.20707],[120.69889,16.20624],[120.69856,16.20522],[120.69407,16.2024],[120.69375,16.20099],[120.69806,16.1944],[120.6978,16.19029],[120.70174,16.18938]],[[120.72886,16.34204],[120.73064,16.33751],[120.73221,16.33695],[120.73423,16.33723],[120.73452,16.33618],[120.73195,16.33445],[120.72968,16.33074],[120.72887,16.33007],[120.72791,16.32987],[120.72569,16.33039],[120.72265,16.32866],[120.72168,16.3265],[120.72132,16.32447],[120.72241,16.32201],[120.72535,16.31899],[120.72609,16.31871],[120.72838,16.31924],[120.73031,16.31799],[120.72972,16.31649],[120.72838,16.31491],[120.72888,16.30995],[120.72669,16.30688],[120.72785,16.30516],[120.72967,16.30387],[120.73127,16.30352],[120.73356,16.30372],[120.73524,16.30303],[120.73785,16.29762],[120.74041,16.29568],[120.74173,16.29328],[120.74318,16.29215],[120.74329,16.29119],[120.74172,16.28978],[120.74052,16.2872],[120.74182,16.28531],[120.74487,16.28237],[120.74495,16.27971],[120.74441,16.27887],[120.74311,16.27828],[120.74058,16.27401],[120.74114,16.2709],[120.73923,16.26977],[120.73848,16.26882],[120.73923,16.26621],[120.73813,16.2659],[120.73582,16.26648],[120.73506,16.26632],[120.73268,16.26413],[120.73199,16.2623],[120.73325,16.26067],[120.73351,16.25972],[120.73065,16.25736],[120.73141,16.25658],[120.73113,16.25431],[120.72943,16.25278],[120.72756,16.25007],[120.72536,16.2483],[120.7214,16.24916],[120.72047,16.24828],[120.71484,16.25023],[120.71382,16.25023],[120.70903,16.24648],[120.70522,16.24079]],[[120.73151,16.39416],[120.73234,16.39308],[120.73396,16.39272],[120.73337,16.38907]],[[120.72953,16.39524],[120.73151,16.39416]],[[120.73337,16.38907],[120.73212,16.38776],[120.73006,16.38814],[120.72922,16.38538],[120.72941,16.38438],[120.7285,16.38401],[120.72661,16.38486],[120.72601,16.38434]],[[120.7459,16.45918],[120.74481,16.4582]],[[120.76315,16.48054],[120.75415,16.4812],[120.75145,16.48063]],[[120.74607,16.47215],[120.74569,16.47082]],[[120.74532,16.46449],[120.74614,16.45987],[120.7459,16.45918]],[[120.89202,16.80961],[120.89148,16.80743],[120.89191,16.8064],[120.89138,16.80565],[120.89313,16.80511],[120.89322,16.8044],[120.89429,16.80437],[120.89383,16.80255],[120.89432,16.80214],[120.89293,16.80032],[120.89384,16.79828],[120.89136,16.79399],[120.88972,16.79254],[120.88985,16.792],[120.89079,16.79156],[120.89097,16.79086],[120.88956,16.7895],[120.88983,16.78882],[120.88865,16.78923],[120.88806,16.78886],[120.88868,16.78761],[120.88965,16.78718],[120.88932,16.78576],[120.89006,16.78522],[120.88988,16.78364],[120.8884,16.78219],[120.88714,16.78217],[120.88671,16.78059],[120.88677,16.77969],[120.88825,16.77786],[120.8877,16.77651],[120.88818,16.77579],[120.88759,16.77453],[120.88819,16.77349],[120.88744,16.77306],[120.88631,16.77314],[120.88552,16.77072],[120.88419,16.77117],[120.88239,16.77022],[120.88314,16.768],[120.88458,16.76751],[120.88596,16.76642],[120.8867,16.76516],[120.88471,16.76188],[120.88568,16.76049],[120.88502,16.75974],[120.88496,16.75787],[120.88375,16.75804],[120.88245,16.75624],[120.87911,16.75343],[120.87831,16.75357],[120.87698,16.75466],[120.8756,16.75389],[120.87339,16.75452],[120.8727,16.75522],[120.87121,16.75502],[120.86938,16.75607],[120.8687,16.75575],[120.86898,16.755],[120.86849,16.75315],[120.86804,16.75275],[120.86701,16.75308],[120.86594,16.7543],[120.86505,16.7544],[120.86064,16.75288],[120.86023,16.7535],[120.8594,16.75356],[120.85902,16.75209],[120.85841,16.75176],[120.85577,16.75222],[120.8536,16.75164],[120.85309,16.75088],[120.85218,16.75046],[120.851,16.75067],[120.85072,16.75233],[120.84945,16.75303],[120.84868,16.75283],[120.84778,16.7515],[120.84647,16.75161],[120.84444,16.75097],[120.84229,16.752],[120.8413,16.7534],[120.84053,16.75353],[120.83902,16.75152],[120.83813,16.7513],[120.83761,16.74933],[120.83639,16.74862],[120.83552,16.7474],[120.83192,16.74822],[120.82851,16.74468],[120.8271,16.74468],[120.82519,16.74385],[120.82507,16.74206],[120.82394,16.74133],[120.82362,16.74035],[120.82376,16.73931],[120.82564,16.73802],[120.82429,16.73611],[120.82337,16.73228],[120.82146,16.73134],[120.82074,16.73067],[120.82065,16.72994],[120.82255,16.72828],[120.82116,16.72464],[120.82378,16.72048],[120.82405,16.71843],[120.82359,16.71651],[120.82374,16.71554],[120.82448,16.71275],[120.82576,16.71095],[120.82563,16.7106],[120.82496,16.71081],[120.82417,16.71047],[120.82294,16.70785],[120.82315,16.70475],[120.82273,16.7045],[120.82203,16.70469]]]}},{"type":"Feature","properties":{"kind":"river","name":"Agumanay River"},"geometry":{"type":"MultiLineString","coordinates":[[[120.62935,17.3046],[120.63147,17.30433],[120.63241,17.30251],[120.63436,17.30345],[120.63516,17.30151],[120.63704,17.30115],[120.63771,17.30001],[120.63906,17.30003],[120.63907,17.29867],[120.63994,17.29847],[120.63962,17.29645],[120.64043,17.29574],[120.64369,17.29518],[120.64507,17.29442],[120.64682,17.29467],[120.64877,17.29569],[120.64929,17.29447]],[[120.64929,17.29447],[120.65014,17.29433],[120.65118,17.29488],[120.65178,17.29378],[120.65316,17.29393],[120.65409,17.29343],[120.65489,17.29497],[120.65598,17.29483],[120.65641,17.29522],[120.65745,17.29333],[120.65995,17.29379],[120.66017,17.29268],[120.66302,17.29193],[120.66384,17.29049],[120.66771,17.2882],[120.66941,17.28892],[120.66893,17.29102],[120.66956,17.2922],[120.67029,17.29238],[120.67169,17.29182],[120.67271,17.29228],[120.67374,17.29185],[120.67524,17.29194],[120.67556,17.29015],[120.67611,17.28936],[120.67777,17.28841],[120.67895,17.28916],[120.67984,17.2886]],[[120.62949,17.30517],[120.62909,17.30478],[120.62935,17.3046]]]}},{"type":"Feature","properties":{"kind":"river","name":"Alimit River"},"geometry":{"type":"MultiLineString","coordinates":[[[121.26141,16.80886],[121.26233,16.80886],[121.26482,16.80995],[121.26692,16.80944],[121.26818,16.80785],[121.26823,16.80672],[121.26762,16.8056],[121.26909,16.80235],[121.26896,16.80182],[121.26777,16.80083],[121.26659,16.80101],[121.26569,16.80064],[121.26595,16.79937],[121.26769,16.7984],[121.26878,16.79612],[121.26879,16.7949],[121.26815,16.79398],[121.26757,16.79351],[121.26621,16.7938],[121.26501,16.79537],[121.26387,16.79814],[121.26467,16.79971],[121.26328,16.80107],[121.25867,16.80078],[121.25497,16.80191],[121.25408,16.80135],[121.25541,16.79682],[121.25674,16.79493],[121.25978,16.79244],[121.2628,16.7907],[121.26546,16.79065],[121.26525,16.78912],[121.26371,16.78804],[121.26355,16.78739],[121.2637,16.78661],[121.26518,16.78511],[121.26546,16.78377],[121.26362,16.78039],[121.2638,16.77741],[121.26654,16.77523],[121.26731,16.77392],[121.26792,16.77378],[121.27035,16.77504],[121.27148,16.77501],[121.27208,16.77371],[121.27306,16.77279],[121.27666,16.77084],[121.27864,16.77144],[121.28128,16.77369],[121.28259,16.77534],[121.28302,16.77685],[121.28374,16.77692],[121.28575,16.77565],[121.28917,16.77727],[121.29063,16.77662],[121.29116,16.77533],[121.29054,16.77269],[121.29145,16.77099],[121.29277,16.77021],[121.29391,16.7707],[121.29516,16.77367],[121.29798,16.77596],[121.30082,16.77684],[121.30197,16.77667],[121.30211,16.77556],[121.30016,16.77297],[121.30055,16.77178],[121.3019,16.77024],[121.30214,16.76921],[121.30129,16.76769],[121.2998,16.76776],[121.29911,16.76709],[121.29925,16.76557],[121.30004,16.76369],[121.30171,16.76239],[121.3036,16.76166],[121.30396,16.76058],[121.30323,16.75815],[121.30134,16.75576],[121.30099,16.75274],[121.302,16.7511],[121.30323,16.75018],[121.30726,16.74994],[121.30753,16.74904],[121.30712,16.74617],[121.30773,16.74499],[121.30923,16.74459],[121.31256,16.74466],[121.31679,16.74161],[121.32385,16.73845],[121.32478,16.7351],[121.32593,16.73333]],[[121.25347,16.85217],[121.25291,16.85103],[121.25304,16.8501],[121.25454,16.8498],[121.25582,16.84841],[121.25775,16.84478],[121.25762,16.84406],[121.25635,16.84307],[121.25574,16.84185],[121.25606,16.83747],[121.25494,16.83466],[121.25305,16.8318],[121.25269,16.83039],[121.25497,16.82771],[121.25577,16.82748],[121.25746,16.82845],[121.2582,16.82934],[121.25994,16.83268],[121.26134,16.83095],[121.26702,16.83008],[121.26807,16.82945],[121.26916,16.82696],[121.26896,16.82549],[121.26736,16.82424],[121.26654,16.82396],[121.26225,16.82493],[121.26197,16.82445],[121.261,16.81933],[121.26233,16.81877],[121.26422,16.81872],[121.26638,16.82064],[121.2676,16.82084],[121.2695,16.81962],[121.26963,16.81817],[121.26905,16.81643],[121.26776,16.8152],[121.26508,16.81447],[121.2636,16.81527],[121.26191,16.81434],[121.26099,16.81298],[121.26073,16.81116],[121.26076,16.80895],[121.26141,16.80886]],[[121.26901,16.90986],[121.27282,16.91089],[121.2753,16.9142],[121.27664,16.91393],[121.27854,16.91156],[121.27895,16.91073],[121.27869,16.91027],[121.27536,16.90865],[121.27629,16.90602],[121.27536,16.89988],[121.27449,16.89877],[121.27191,16.89826],[121.2715,16.89772],[121.2715,16.89605],[121.27368,16.89353],[121.27437,16.89337],[121.27808,16.89679],[121.27962,16.89774],[121.2806,16.89647],[121.28142,16.89408],[121.28217,16.89379],[121.2842,16.89486],[121.2856,16.89441],[121.28639,16.89192],[121.28826,16.88877],[121.28809,16.88778],[121.28745,16.887],[121.28438,16.88678],[121.28356,16.88525],[121.28361,16.88377],[121.28487,16.88282],[121.29018,16.88251],[121.29046,16.8812],[121.28949,16.87921],[121.2882,16.87882],[121.28726,16.8791],[121.28556,16.88054],[121.28436,16.88025],[121.28352,16.87933],[121.28219,16.87873],[121.28037,16.87945],[121.27953,16.87929],[121.27858,16.87834],[121.27891,16.87654],[121.28054,16.8728],[121.28074,16.87095],[121.28227,16.87014],[121.28413,16.87004],[121.28488,16.86917],[121.28427,16.86796],[121.28314,16.86762],[121.27935,16.86841],[121.27714,16.8674],[121.275,16.86746],[121.27333,16.86521],[121.27027,16.86386],[121.2694,16.86294],[121.26996,16.86163],[121.27243,16.86197],[121.273,16.86132],[121.27246,16.8583],[121.27316,16.85437],[121.27189,16.8525],[121.26909,16.85153],[121.2636,16.85161],[121.26281,16.85125],[121.2614,16.84945],[121.26004,16.84865],[121.25945,16.84873],[121.25789,16.85032],[121.25686,16.85216],[121.25532,16.8526],[121.25347,16.85217]],[[121.19964,16.88819],[121.20113,16.88727],[121.20065,16.88586],[121.20099,16.88487],[121.20123,16.88454],[121.2021,16.88466],[121.20309,16.88664],[121.20231,16.88884],[121.20333,16.88886],[121.20632,16.88778],[121.2069,16.88791],[121.20725,16.88872],[121.20639,16.88936],[121.20636,16.89026],[121.20688,16.89052],[121.20935,16.89012],[121.20963,16.89113],[121.20828,16.89325],[121.20921,16.89392],[121.21138,16.89289],[121.21208,16.89207],[121.21164,16.89023],[121.21264,16.88934],[121.21276,16.88798],[121.21309,16.88775],[121.214,16.88825],[121.21411,16.88885],[121.21409,16.89017],[121.21325,16.89229],[121.21519,16.89385],[121.21834,16.89361],[121.21902,16.89169],[121.22086,16.88939],[121.2219,16.88937],[121.2216,16.89075],[121.22187,16.89406],[121.22226,16.89477],[121.22438,16.8938],[121.22671,16.8946],[121.22809,16.89585],[121.22958,16.89527],[121.23017,16.89644],[121.23017,16.89834],[121.23089,16.89877],[121.23322,16.89693],[121.23539,16.89721],[121.23598,16.89755],[121.23694,16.90035],[121.23751,16.90054],[121.23819,16.90008],[121.23893,16.89732],[121.23941,16.89709],[121.24119,16.89696],[121.24399,16.89742],[121.24504,16.89782],[121.24563,16.8992],[121.24701,16.89933],[121.24884,16.89912],[121.25035,16.89685],[121.25149,16.89671],[121.25276,16.89808],[121.2521,16.89926],[121.25194,16.90098],[121.25313,16.90104],[121.25443,16.90026],[121.25511,16.90029],[121.25819,16.90206],[121.25973,16.90384],[121.25848,16.90524],[121.25806,16.90871],[121.2585,16.90982],[121.25988,16.91018],[121.26066,16.9096],[121.26124,16.90789],[121.26064,16.90412],[121.26102,16.90362],[121.26215,16.90346],[121.26316,16.90374],[121.26427,16.90498],[121.26321,16.90846],[121.26357,16.90937],[121.26465,16.90954],[121.26693,16.90842],[121.26901,16.90986]]]}},{"type":"Feature","properties":{"kind":"river","name":"Aliog Creek"},"geometry":{"type":"LineString","coordinates":[[121.51127,17.38577],[121.51138,17.38819],[121.5118,17.38858],[121.51112,17.38887],[121.51154,17.39005],[121.51028,17.39105],[121.51029,17.39199],[121.51082,17.39339],[121.51188,17.39351],[121.51207,17.39405],[121.51028,17.39386],[121.50944,17.3942],[121.50905,17.39507],[121.50966,17.39558],[121.50857,17.39573],[121.5079,17.39652],[121.50657,17.39606],[121.50782,17.39753],[121.50776,17.39805],[121.50687,17.39843],[121.5071,17.39936],[121.50678,17.40012],[121.50595,17.39992],[121.50613,17.39889],[121.50579,17.39837],[121.50475,17.39836],[121.50451,17.3988],[121.5055,17.39976],[121.50611,17.40197],[121.5058,17.40348],[121.50769,17.4028],[121.50995,17.40397],[121.51151,17.40537],[121.51135,17.40667],[121.51215,17.4086],[121.5115,17.40976],[121.50948,17.40978],[121.50903,17.41243],[121.50802,17.41447],[121.50673,17.41574],[121.50688,17.41681],[121.50779,17.41798],[121.50724,17.4195],[121.50872,17.42053],[121.50776,17.42182],[121.50856,17.42261],[121.50833,17.42408],[121.51011,17.42417],[121.51049,17.42469],[121.51016,17.42727],[121.508,17.42871],[121.50817,17.43116],[121.50684,17.43227],[121.50751,17.43421],[121.50635,17.43612],[121.50631,17.43695],[121.50867,17.44015],[121.50823,17.44066],[121.50607,17.44036],[121.50565,17.44076],[121.50792,17.44287],[121.50646,17.44565],[121.50681,17.44716],[121.50574,17.44767],[121.50562,17.44808],[121.50773,17.44871],[121.50851,17.451],[121.50839,17.4518],[121.50943,17.45322],[121.51192,17.45421],[121.51281,17.45543],[121.51449,17.45517],[121.51422,17.45678],[121.51469,17.45717],[121.51623,17.45701],[121.51907,17.4594],[121.51894,17.46046],[121.51781,17.46097],[121.51779,17.46132],[121.51892,17.46193],[121.51972,17.46416],[121.5204,17.46379],[121.52138,17.46391],[121.5218,17.46559],[121.5233,17.46769],[121.52242,17.46912],[121.52225,17.47056],[121.52302,17.47237],[121.52172,17.47554],[121.5222,17.47893],[121.52133,17.47948],[121.52032,17.47898],[121.51907,17.47986],[121.51916,17.48033],[121.521,17.48145],[121.52087,17.48233],[121.51858,17.48297],[121.51624,17.48599],[121.51511,17.48612],[121.51373,17.48525],[121.51357,17.48678],[121.51209,17.48934],[121.51235,17.49047],[121.51329,17.49091],[121.51393,17.49069],[121.51474,17.4895],[121.51596,17.48892],[121.51727,17.48932],[121.51736,17.49046],[121.51416,17.49412],[121.51385,17.49508],[121.51183,17.49555],[121.51121,17.49775],[121.51032,17.49804],[121.51019,17.49748],[121.50889,17.49748],[121.50798,17.49899],[121.50853,17.5009],[121.50637,17.50226],[121.50667,17.50389],[121.50624,17.50468],[121.50155,17.50806],[121.50116,17.50919],[121.50124,17.51067],[121.49885,17.51646],[121.49727,17.51824],[121.49704,17.5198],[121.49483,17.52129],[121.4952,17.52317],[121.49211,17.5266],[121.49038,17.5318],[121.48908,17.53289],[121.48711,17.53783],[121.48584,17.54342],[121.48475,17.54518],[121.48449,17.54706],[121.48327,17.54876],[121.48141,17.54893],[121.48117,17.54963],[121.48172,17.55078],[121.48369,17.55155],[121.48368,17.55211],[121.48291,17.55239],[121.48131,17.55237],[121.48095,17.55318],[121.48116,17.55421],[121.48218,17.55539],[121.48011,17.55661],[121.47958,17.55858],[121.4786,17.55899],[121.47678,17.55693],[121.47297,17.55538],[121.47105,17.55501],[121.46911,17.55541],[121.46773,17.55709]]}},{"type":"Feature","properties":{"kind":"river","name":"Allig Creek"},"geometry":{"type":"MultiLineString","coordinates":[[[121.39218,18.07429],[121.39335,18.07418],[121.39388,18.07507],[121.39432,18.07515],[121.39571,18.0742],[121.39655,18.07491],[121.39635,18.07611],[121.39672,18.07837],[121.39493,18.07918],[121.39577,18.08014],[121.39728,18.08054],[121.39642,18.08116],[121.39654,18.0817],[121.39755,18.08177],[121.39888,18.08298],[121.40023,18.08292],[121.40097,18.084],[121.40164,18.08427],[121.4017,18.08479],[121.40103,18.08568],[121.40225,18.08633],[121.40319,18.08864],[121.40503,18.08834],[121.4045,18.08696],[121.40548,18.08477],[121.40755,18.08396],[121.41119,18.08116],[121.41245,18.08137],[121.4127,18.08193],[121.41214,18.08235],[121.41213,18.08412],[121.41299,18.08526],[121.41402,18.08549],[121.41362,18.08691],[121.41251,18.08752],[121.41275,18.08806],[121.41353,18.08807],[121.41391,18.08848],[121.41433,18.09019],[121.415,18.09072],[121.41705,18.0895],[121.41755,18.09137],[121.41963,18.09031],[121.42016,18.09186],[121.42182,18.09286],[121.42146,18.09328],[121.41995,18.09332],[121.42004,18.09468],[121.41964,18.09551],[121.42252,18.09616],[121.42416,18.09741],[121.42451,18.09839],[121.42397,18.09895],[121.42061,18.10008],[121.42049,18.10051],[121.42154,18.10184],[121.4208,18.10286],[121.42211,18.10486],[121.42436,18.10509],[121.42232,18.10663],[121.42073,18.10588],[121.42022,18.10614],[121.41904,18.10772],[121.4201,18.10936],[121.41964,18.11098],[121.4192,18.11152],[121.41685,18.11254],[121.41709,18.11356],[121.41925,18.11443],[121.42078,18.11406],[121.4223,18.11259],[121.42589,18.11334],[121.42636,18.1142],[121.42562,18.11528],[121.42537,18.11807],[121.42584,18.11879],[121.42685,18.1181],[121.42792,18.1165],[121.42858,18.11617],[121.42941,18.11637],[121.4302,18.11588],[121.43303,18.11642],[121.43487,18.11784],[121.43625,18.11695],[121.43677,18.11714],[121.43701,18.1176],[121.43674,18.11807],[121.4375,18.11981],[121.43669,18.1215],[121.43565,18.12157],[121.43565,18.12253],[121.43743,18.12416],[121.4402,18.12423],[121.44016,18.12505],[121.4416,18.12478],[121.44146,18.12567],[121.44206,18.12646],[121.44546,18.12642],[121.44538,18.12755],[121.44387,18.12777],[121.44276,18.12878],[121.44358,18.12971],[121.44335,18.13192],[121.44458,18.13234],[121.44435,18.13367],[121.44606,18.13446],[121.44684,18.1355],[121.44781,18.13552],[121.44745,18.1346],[121.44771,18.13424],[121.44827,18.13465],[121.45016,18.13445],[121.45308,18.13636],[121.45403,18.13855],[121.4535,18.13964],[121.45463,18.14026],[121.45421,18.14114],[121.4537,18.14086],[121.45343,18.14119]],[[121.48372,18.16363],[121.48361,18.16559],[121.48253,18.16834],[121.48477,18.16879],[121.48332,18.16944],[121.48353,18.17006],[121.48529,18.16918],[121.48532,18.17007],[121.48592,18.17055]],[[121.48311,18.15523],[121.48398,18.15553],[121.48393,18.15609],[121.48448,18.15623],[121.48452,18.15723],[121.48514,18.15778],[121.4841,18.16072],[121.48471,18.1614],[121.48413,18.16173],[121.48447,18.16267],[121.48511,18.16295],[121.48479,18.1635],[121.48372,18.16363]],[[121.41757,18.05494],[121.41812,18.05569],[121.41754,18.05624],[121.41776,18.05654],[121.41585,18.05785],[121.41481,18.0573],[121.41387,18.05735],[121.414,18.05785],[121.41367,18.0579],[121.41308,18.05613],[121.41077,18.05609],[121.40915,18.05689],[121.40858,18.0577],[121.40638,18.0573],[121.40606,18.05786],[121.40525,18.0578],[121.40467,18.05917],[121.40501,18.05985],[121.40576,18.0592],[121.40617,18.05928],[121.40579,18.06027],[121.40467,18.0603],[121.40345,18.0623],[121.40262,18.06172],[121.40231,18.06189],[121.40182,18.06318],[121.39996,18.06282],[121.39971,18.06459],[121.4006,18.0657],[121.3991,18.06624],[121.39828,18.06715],[121.39763,18.06705],[121.39751,18.06948],[121.39696,18.06959],[121.39569,18.0686],[121.39498,18.06877],[121.39459,18.07123],[121.39546,18.07294],[121.39418,18.07289],[121.39365,18.07162],[121.39174,18.07405],[121.39218,18.07429]],[[121.45343,18.14119],[121.45353,18.14264],[121.45509,18.14398],[121.45433,18.14426],[121.45525,18.14583],[121.4567,18.14665],[121.45947,18.14687],[121.45899,18.14798],[121.46034,18.14812],[121.46037,18.14874],[121.4616,18.1504],[121.46215,18.14975],[121.46296,18.14993],[121.46382,18.15181],[121.46592,18.15167],[121.46711,18.15095],[121.46758,18.15146],[121.46692,18.15203],[121.46722,18.15227],[121.46857,18.15061],[121.46895,18.15163],[121.47098,18.15169],[121.47147,18.15128],[121.47179,18.1524],[121.4754,18.15262],[121.47633,18.15295],[121.47676,18.15371],[121.47855,18.15344],[121.47779,18.15469],[121.47831,18.15509],[121.47975,18.15489],[121.48138,18.15365],[121.48178,18.15479],[121.48061,18.15472],[121.48028,18.15524],[121.48139,18.15596],[121.48311,18.15523]]]}},{"type":"Feature","properties":{"kind":"river","name":"Ambalanga River"},"geometry":{"type":"MultiLineString","coordinates":[[[120.67247,16.36332],[120.67298,16.36304]],[[120.67298,16.36304],[120.67426,16.36289],[120.67448,16.36255],[120.67344,16.36065],[120.67354,16.36018],[120.67539,16.35857],[120.67846,16.35834],[120.67957,16.35879],[120.68322,16.36499],[120.68581,16.36718],[120.68535,16.36794],[120.6853,16.36933],[120.68639,16.37066],[120.68689,16.37319],[120.68916,16.37529],[120.68795,16.37665],[120.68788,16.37758],[120.68881,16.37915],[120.68872,16.381],[120.68929,16.38087],[120.68998,16.38147],[120.69072,16.38104],[120.69114,16.38141],[120.69102,16.38328],[120.69142,16.38478],[120.69259,16.38491],[120.69379,16.38443],[120.69534,16.38213],[120.69742,16.38052],[120.69901,16.38134],[120.69981,16.38065],[120.70306,16.37972],[120.70463,16.37992],[120.70498,16.37914],[120.70486,16.37809],[120.70539,16.3778],[120.70608,16.37787],[120.7068,16.37866],[120.70896,16.37844],[120.70931,16.38025],[120.71067,16.37994],[120.71185,16.37644],[120.71304,16.37797],[120.71435,16.37775],[120.71584,16.37827],[120.7137,16.37954],[120.71394,16.38015],[120.71689,16.38207],[120.71864,16.38273],[120.72097,16.38202],[120.72126,16.38283],[120.72228,16.38366],[120.72276,16.38531],[120.72351,16.38532],[120.72438,16.38435],[120.72552,16.38441],[120.72566,16.38381]],[[120.6728,16.36304],[120.67298,16.36304]]]}},{"type":"Feature","properties":{"kind":"river","name":"Ambayaoan River"},"geometry":{"type":"LineString","coordinates":[[120.78199,16.23561],[120.78046,16.23513],[120.7804,16.23372],[120.78106,16.23241]]}},{"type":"Feature","properties":{"kind":"river","name":"Amburayan River"},"geometry":{"type":"MultiLineString","coordinates":[[[120.56449,16.6704],[120.56392,16.67141]],[[120.64583,16.60465],[120.64533,16.60663],[120.64342,16.60765],[120.64315,16.60925],[120.641,16.60936],[120.63962,16.6089],[120.63906,16.60829],[120.63857,16.60844],[120.63837,16.61077],[120.63622,16.61101],[120.63517,16.61191],[120.63323,16.61257],[120.63077,16.61205],[120.62898,16.61245],[120.62848,16.61304],[120.62756,16.61619],[120.62417,16.61606],[120.62347,16.61664],[120.62193,16.61987],[120.6217,16.62217],[120.62221,16.62463],[120.6194,16.62693],[120.6181,16.6321],[120.61734,16.63271],[120.61533,16.63273],[120.61237,16.63359],[120.61059,16.63755],[120.60549,16.64317],[120.60517,16.64582],[120.60256,16.64812],[120.59631,16.64891],[120.59379,16.6498]],[[120.69659,16.59719],[120.69543,16.59851],[120.69267,16.60009],[120.68841,16.60058],[120.68476,16.60023],[120.68201,16.60164],[120.68099,16.60154],[120.67663,16.6025],[120.67468,16.60132],[120.67236,16.60278],[120.67356,16.60514],[120.67206,16.60627],[120.67022,16.60483],[120.66982,16.60332],[120.66895,16.60235],[120.66491,16.60374],[120.66414,16.60443],[120.66298,16.60378],[120.66259,16.60224],[120.66162,16.60212],[120.66065,16.60322],[120.659,16.60394],[120.6584,16.60462],[120.65742,16.60604],[120.65714,16.60734],[120.6559,16.60712],[120.65361,16.60749],[120.65231,16.60862],[120.65176,16.60639],[120.64922,16.60579],[120.6496,16.60469],[120.64901,16.60388],[120.64806,16.60393],[120.64776,16.60463],[120.64583,16.60465]],[[120.59379,16.6498],[120.58985,16.65068],[120.58891,16.65201]],[[120.58891,16.65201],[120.58828,16.65365],[120.58643,16.6552],[120.58548,16.65893],[120.57992,16.66329],[120.57798,16.66533],[120.57612,16.66749],[120.57453,16.67129],[120.57258,16.67257],[120.57056,16.67223],[120.56631,16.67008],[120.5652,16.66996],[120.56449,16.6704]]]}},{"type":"Feature","properties":{"kind":"river","name":"Amulsong River"},"geometry":{"type":"LineString","coordinates":[[120.90999,17.16468],[120.91194,17.16416],[120.91165,17.1629],[120.91257,17.16088],[120.91283,17.15825],[120.91169,17.15752],[120.91181,17.15578],[120.91089,17.15481],[120.91087,17.15404],[120.91008,17.15371],[120.91013,17.15316],[120.90907,17.15242],[120.90945,17.15176],[120.90825,17.15],[120.90862,17.14809],[120.90674,17.14516],[120.90559,17.14401],[120.9037,17.14477],[120.90291,17.14456],[120.90156,17.14212],[120.90074,17.14157],[120.90079,17.14016],[120.89935,17.13897],[120.89938,17.13672],[120.89883,17.13562],[120.89905,17.13446],[120.90146,17.13168],[120.90155,17.13084],[120.9011,17.13028],[120.9014,17.12985],[120.90304,17.12903],[120.90304,17.12634],[120.90406,17.12562],[120.90442,17.12451],[120.90512,17.12442],[120.90732,17.12199],[120.90786,17.12054],[120.90914,17.12018],[120.91053,17.11748],[120.91066,17.11537],[120.91295,17.11352],[120.91516,17.11263],[120.91559,17.11156],[120.91671,17.11055],[120.91689,17.10954],[120.91881,17.10942],[120.91954,17.10832],[120.92079,17.10778],[120.92155,17.10634],[120.92254,17.10565],[120.9229,17.10112],[120.92376,17.10023],[120.92424,17.09881],[120.92457,17.09844],[120.92658,17.09854],[120.92754,17.09795],[120.93023,17.09742],[120.93192,17.09585],[120.93393,17.09604],[120.9361,17.09304],[120.93677,17.09281],[120.93819,17.09319],[120.9388,17.094],[120.94069,17.09229],[120.94201,17.09356],[120.94435,17.08892],[120.94323,17.08486],[120.94334,17.08441],[120.94455,17.08385],[120.94494,17.0832],[120.94469,17.08096],[120.94511,17.08053],[120.94754,17.08013]]}},{"type":"Feature","properties":{"kind":"river","name":"Anayan River"},"geometry":{"type":"MultiLineString","coordinates":[[[120.94855,17.88462],[120.946,17.88045],[120.94382,17.87876],[120.93978,17.87436],[120.93801,17.87446],[120.9364,17.87596],[120.93562,17.876],[120.9341,17.87464],[120.93348,17.87467],[120.93357,17.87585],[120.93203,17.87671],[120.93068,17.87552],[120.92827,17.87463],[120.92759,17.87321],[120.92518,17.87095],[120.924,17.87137],[120.92218,17.87125],[120.92145,17.87074],[120.92148,17.8701],[120.92209,17.86937],[120.92019,17.86574],[120.9195,17.86523],[120.91764,17.86536],[120.91663,17.86457],[120.91656,17.86369],[120.91567,17.86339],[120.9115,17.86378],[120.91095,17.8632],[120.91106,17.86106],[120.91077,17.86054],[120.9095,17.86047],[120.90681,17.85947],[120.90548,17.85962],[120.90419,17.86054],[120.90355,17.85848],[120.90221,17.85945]],[[120.88518,17.85691],[120.88294,17.85588],[120.88233,17.85488],[120.88031,17.85321],[120.88003,17.84947],[120.87915,17.84897],[120.87665,17.84876],[120.87645,17.84672],[120.87564,17.84596],[120.87331,17.84538],[120.86842,17.84175],[120.86653,17.84137],[120.86386,17.84158],[120.86292,17.84273],[120.86202,17.843],[120.86138,17.84413],[120.86053,17.84446],[120.85949,17.84306],[120.85645,17.84242],[120.85559,17.83885]],[[120.90221,17.85945],[120.9016,17.86097],[120.90053,17.86043],[120.90002,17.85947],[120.89813,17.86051],[120.89727,17.85946],[120.89687,17.85946],[120.89404,17.86105],[120.89352,17.86088],[120.89258,17.85954],[120.89146,17.86011],[120.88963,17.85974],[120.88864,17.85828],[120.88618,17.85772],[120.88518,17.85691]]]}},{"type":"Feature","properties":{"kind":"river","name":"Angaaoeng River"},"geometry":{"type":"LineString","coordinates":[[120.61761,16.76003],[120.61692,16.76102],[120.61541,16.76193],[120.61095,16.76382],[120.60924,16.7655],[120.60806,16.76765],[120.60764,16.76943],[120.60785,16.76998],[120.60735,16.77099],[120.60118,16.77236],[120.59946,16.77398],[120.59882,16.77571],[120.59714,16.77707],[120.59565,16.77741],[120.59466,16.77843],[120.59441,16.77975],[120.59347,16.78054],[120.59228,16.7794],[120.59172,16.77763],[120.58956,16.77594],[120.58899,16.775],[120.58966,16.7737],[120.58956,16.7731],[120.58678,16.77195],[120.58635,16.77101],[120.58433,16.77141]]}},{"type":"Feature","properties":{"kind":"river","name":"Apayao River"},"geometry":{"type":"MultiLineString","coordinates":[[[121.09534,18.1373],[121.09953,18.13439],[121.09985,18.1337],[121.09969,18.13269],[121.09923,18.13233],[121.0981,18.13201],[121.09693,18.13224],[121.09625,18.13186],[121.09601,18.13103],[121.09675,18.12966],[121.09983,18.12621],[121.09981,18.12487],[121.0976,18.1228],[121.09699,18.12065],[121.09718,18.11899],[121.09869,18.11613],[121.09931,18.11583],[121.10401,18.11583],[121.10506,18.11719],[121.10556,18.11885],[121.10726,18.11969],[121.11025,18.11969],[121.11215,18.11864],[121.11261,18.11771],[121.11222,18.11626],[121.11261,18.11385],[121.11149,18.11208],[121.11028,18.11183],[121.10974,18.11118],[121.10968,18.10925],[121.11245,18.10609],[121.11328,18.10567],[121.11594,18.10551],[121.11703,18.1047],[121.11858,18.1001],[121.12,18.09889],[121.12188,18.09621],[121.12161,18.09504],[121.11988,18.0941],[121.11831,18.09227],[121.11548,18.09174],[121.11407,18.09047],[121.11211,18.09205],[121.1104,18.09211],[121.10835,18.09135],[121.10549,18.09252],[121.10331,18.09396],[121.10137,18.09353],[121.10099,18.09202],[121.10198,18.09023],[121.10187,18.0859],[121.10049,18.08345],[121.09863,18.08336],[121.09811,18.08289],[121.09782,18.0813],[121.09808,18.07885],[121.09906,18.07758],[121.10044,18.07738],[121.10117,18.07591],[121.10302,18.07511],[121.10443,18.07506],[121.10496,18.07545],[121.10496,18.07641],[121.10322,18.07782],[121.10152,18.07858],[121.1021,18.08208],[121.10352,18.0822],[121.10456,18.0813],[121.10625,18.08135],[121.10822,18.0828],[121.10896,18.08468],[121.11173,18.08306],[121.11391,18.08498],[121.1162,18.08575],[121.11692,18.08549],[121.1172,18.08496],[121.11676,18.0829],[121.11705,18.0824],[121.1199,18.07953],[121.12446,18.07667],[121.12433,18.07507],[121.12236,18.07409],[121.12156,18.07239],[121.12416,18.06698],[121.12461,18.06669],[121.12589,18.06691],[121.12624,18.06619],[121.12625,18.06434],[121.12674,18.0639],[121.1275,18.06386],[121.12955,18.06486],[121.13104,18.06389],[121.13056,18.06275],[121.12664,18.06227],[121.12511,18.06134],[121.12387,18.0604],[121.12259,18.05825],[121.12329,18.05681],[121.12462,18.05615],[121.1285,18.05728],[121.13018,18.05672],[121.1323,18.05289],[121.13225,18.05138],[121.12919,18.05004],[121.12692,18.04974],[121.12447,18.05003],[121.11953,18.04849],[121.11824,18.0462],[121.11418,18.04449],[121.11371,18.04449],[121.11268,18.04546],[121.11108,18.04581],[121.10963,18.04372],[121.10971,18.04235],[121.11053,18.04073],[121.11232,18.03947],[121.11401,18.03928],[121.11548,18.03972],[121.11701,18.04149],[121.11857,18.04244],[121.12074,18.04028],[121.12191,18.0383],[121.12492,18.03901],[121.12588,18.0382],[121.12599,18.03671],[121.1254,18.03579],[121.12233,18.03466],[121.12107,18.03349],[121.12032,18.03143],[121.12056,18.0289],[121.11685,18.02719],[121.1162,18.02652],[121.11635,18.02492],[121.11829,18.02172],[121.12304,18.02193],[121.12442,18.02285],[121.12566,18.0243],[121.12554,18.02749],[121.12595,18.03057],[121.12999,18.03167],[121.13114,18.03337],[121.13252,18.03436],[121.13345,18.03443],[121.13392,18.03342],[121.13582,18.03417],[121.13615,18.03523],[121.13467,18.03703],[121.1347,18.03756],[121.13525,18.03831],[121.13748,18.03928],[121.13884,18.03869],[121.13858,18.03608],[121.13911,18.03532],[121.1421,18.03284],[121.14434,18.03159],[121.1458,18.02995],[121.1473,18.02663],[121.14904,18.02397],[121.15053,18.02017],[121.1533,18.019],[121.15715,18.01874],[121.16133,18.02396],[121.16313,18.02526],[121.16433,18.027],[121.16494,18.02728],[121.16622,18.02653],[121.16831,18.02415],[121.17019,18.01889],[121.17518,18.01742],[121.17821,18.01803],[121.1818,18.02363],[121.18117,18.03172],[121.18397,18.03167],[121.18525,18.03271],[121.18915,18.03426],[121.19009,18.03658],[121.19062,18.03694],[121.19669,18.03694],[121.19911,18.03919],[121.20006,18.03958],[121.20127,18.03906],[121.20201,18.03771],[121.20196,18.03596],[121.20107,18.03279],[121.19619,18.02859],[121.19593,18.02797],[121.19858,18.0245],[121.20066,18.02437],[121.20139,18.02482],[121.20295,18.02765],[121.20345,18.02994],[121.2032,18.03202],[121.20362,18.03257],[121.20654,18.03333],[121.2103,18.03307],[121.21294,18.03589],[121.2168,18.03849],[121.2197,18.03952],[121.22131,18.04083],[121.22228,18.04243],[121.22226,18.04381],[121.22055,18.04566],[121.21954,18.04885],[121.22075,18.04976],[121.22665,18.05085],[121.22931,18.05213],[121.22991,18.0528],[121.23101,18.05641],[121.23074,18.05891],[121.22938,18.06279],[121.22945,18.06611],[121.2318,18.06771],[121.23496,18.06751],[121.23708,18.06834],[121.23766,18.07062],[121.23938,18.07377],[121.23996,18.07743],[121.24448,18.07833],[121.24949,18.08012],[121.25126,18.08156],[121.25585,18.08252],[121.25875,18.08396],[121.26087,18.08432],[121.26839,18.08394],[121.27329,18.08299],[121.27836,18.08467],[121.27973,18.0839],[121.28035,18.08199],[121.28131,18.08123],[121.28445,18.08145],[121.28876,18.07998],[121.29307,18.08107]],[[120.98596,18.4468],[120.98424,18.44632],[120.983,18.44687],[120.98179,18.44553],[120.98033,18.44617],[120.9787,18.44561],[120.97705,18.44574],[120.97638,18.44469],[120.97646,18.44194],[120.97601,18.44116],[120.97278,18.44017],[120.97154,18.43891],[120.96924,18.43783],[120.96745,18.43624],[120.96908,18.43398],[120.96905,18.43243],[120.97086,18.43207],[120.97043,18.4306],[120.97093,18.42991],[120.97115,18.42843],[120.96911,18.42564],[120.9674,18.42416],[120.9674,18.42259],[120.96834,18.4211],[120.9695,18.42069],[120.96992,18.4199],[120.96931,18.41927],[120.96933,18.41865],[120.97022,18.41741],[120.97117,18.41485],[120.97069,18.414],[120.97,18.41379],[120.97009,18.41282],[120.97074,18.41252],[120.97166,18.41273],[120.9721,18.4122],[120.97112,18.41083],[120.96959,18.4106],[120.96881,18.40988],[120.97138,18.40551],[120.97051,18.40402],[120.97057,18.40115],[120.96949,18.39957],[120.97005,18.39915],[120.97038,18.39661],[120.9699,18.39586],[120.96822,18.39632],[120.96755,18.39597],[120.96766,18.39499],[120.96874,18.39347],[120.96882,18.39273],[120.9681,18.39136],[120.96908,18.38958],[120.96826,18.389],[120.96752,18.38707],[120.9658,18.38623],[120.96474,18.38471],[120.96549,18.37944],[120.96869,18.37493]],[[120.96869,18.37493],[120.96912,18.37338],[120.96893,18.37109],[120.96673,18.3672],[120.96683,18.36667],[120.97212,18.36249],[120.97468,18.36294],[120.97623,18.36069],[120.97601,18.35729],[120.97661,18.3568],[120.98061,18.35802],[120.98223,18.35786],[120.98245,18.35635],[120.98376,18.35502],[120.98365,18.3542],[120.98675,18.35065],[120.98613,18.34827],[120.99097,18.3378],[120.99155,18.33411],[120.99347,18.33091],[120.99343,18.32979],[120.99177,18.33032],[120.98956,18.32884],[120.98933,18.32842],[120.98979,18.32586],[120.98922,18.32485],[120.98838,18.3246],[120.9871,18.32505],[120.98502,18.32652],[120.98432,18.3262],[120.98415,18.32497],[120.98244,18.32218],[120.98293,18.31817],[120.98312,18.31735],[120.98443,18.3158],[120.98981,18.31144],[120.99011,18.31077],[120.98976,18.31006],[120.98991,18.30912],[120.99082,18.30564],[120.99045,18.30425],[120.99058,18.30235],[120.99143,18.30189],[120.99298,18.2993],[120.99574,18.29869],[120.9963,18.29754],[120.99518,18.29704],[120.99495,18.29637],[120.99524,18.2951],[120.99945,18.29149],[120.99919,18.29063],[120.99662,18.28769],[120.99746,18.28608],[120.99974,18.28417],[121.00036,18.28306],[121.00079,18.28075],[121.00015,18.27895],[121.00027,18.27812],[121.00199,18.2746],[121.00302,18.27349],[121.00553,18.27342],[121.00637,18.27281],[121.00681,18.27074],[121.00628,18.26839],[121.0067,18.26643],[121.00548,18.26393],[121.00432,18.25749]],[[121.0478,18.25614],[121.04796,18.25427],[121.04931,18.25241],[121.05026,18.24949],[121.05157,18.24718],[121.05538,18.24628],[121.05475,18.24483],[121.05361,18.2441],[121.05353,18.24325],[121.05441,18.24153],[121.05723,18.24105],[121.06067,18.23873],[121.0605,18.23739],[121.05944,18.23685],[121.05808,18.23694],[121.05705,18.23786],[121.05534,18.2381],[121.05388,18.23698],[121.05351,18.23586],[121.05391,18.23536],[121.05547,18.23561],[121.0559,18.23348],[121.05662,18.23236],[121.05924,18.23301],[121.06042,18.23187],[121.06026,18.23015],[121.05898,18.22716],[121.05935,18.22632],[121.06068,18.22615],[121.0634,18.22755],[121.06465,18.22657],[121.06502,18.22549],[121.06479,18.22467],[121.06179,18.22141],[121.06241,18.21922],[121.06336,18.21813],[121.06284,18.21662],[121.06311,18.21583],[121.06517,18.21409],[121.07009,18.21305],[121.07143,18.21208],[121.07156,18.20882],[121.07086,18.20729],[121.06835,18.2045],[121.07049,18.20201],[121.07116,18.20167],[121.07271,18.20206],[121.07318,18.20168],[121.07313,18.20115],[121.07174,18.19936],[121.06714,18.19724],[121.06639,18.19634],[121.0661,18.19502],[121.06653,18.19427],[121.06761,18.19386],[121.07078,18.19507],[121.07222,18.19492],[121.07393,18.19262],[121.07565,18.19177],[121.07708,18.19024],[121.07642,18.18976],[121.07346,18.18949],[121.07188,18.18754],[121.06996,18.18641],[121.06921,18.18542],[121.06876,18.1824],[121.07048,18.18135],[121.0714,18.17886],[121.0714,18.17754]],[[121.00432,18.25749],[121.00479,18.25612],[121.0057,18.25529],[121.00864,18.25524]],[[121.04517,18.25811],[121.04605,18.25863]],[[121.29307,18.08107],[121.29706,18.0806],[121.29859,18.08108],[121.29912,18.08184],[121.29917,18.08286],[121.29827,18.0839],[121.29675,18.08784],[121.29735,18.08851],[121.2982,18.08828],[121.29901,18.08887],[121.30165,18.08945],[121.30274,18.09069],[121.30269,18.09324],[121.30152,18.09512],[121.30114,18.098],[121.30178,18.10163],[121.30235,18.10244],[121.3034,18.10249],[121.30646,18.10151],[121.31129,18.10277],[121.31319,18.10161],[121.31369,18.10156],[121.31477,18.10232],[121.31596,18.10223],[121.32074,18.10128],[121.32409,18.09983],[121.3269,18.10025],[121.33789,18.10028],[121.34039,18.101],[121.34238,18.10221],[121.34428,18.10459],[121.34566,18.10883],[121.34893,18.11096],[121.35041,18.11274],[121.3541,18.11987],[121.35717,18.12113],[121.36129,18.12509],[121.36242,18.12809],[121.36271,18.13225],[121.36364,18.13691]],[[121.0714,18.17754],[121.0722,18.17458],[121.07075,18.17275],[121.06972,18.16952],[121.06965,18.1683],[121.07038,18.16719],[121.07033,18.16637],[121.06857,18.16395],[121.06603,18.1621],[121.0657,18.16122],[121.06677,18.15835],[121.06975,18.15596],[121.07074,18.15269],[121.0704,18.15175],[121.06774,18.14957],[121.06706,18.14819],[121.06725,18.14301],[121.0688,18.13996],[121.06819,18.13781],[121.06647,18.1366],[121.06596,18.13526],[121.06728,18.13445],[121.06836,18.13427],[121.06975,18.1349],[121.07063,18.13598],[121.07414,18.13763],[121.07572,18.13699],[121.07756,18.13538],[121.07934,18.13462],[121.0802,18.13466],[121.08197,18.13578],[121.08535,18.13928],[121.08704,18.14008],[121.09076,18.1398],[121.09208,18.13822],[121.09534,18.1373]],[[121.00432,18.25749],[121.00602,18.2561],[121.00864,18.25524]],[[121.00864,18.25524],[121.01252,18.25533],[121.01446,18.25452],[121.01571,18.2535],[121.01569,18.25226],[121.01403,18.25011],[121.01376,18.24882],[121.0141,18.24744],[121.0151,18.24724],[121.02038,18.24877],[121.02336,18.24831],[121.02929,18.24923],[121.03107,18.2491],[121.03287,18.2497],[121.03384,18.25144],[121.03265,18.25688],[121.03278,18.25916],[121.03675,18.25848],[121.03998,18.25629],[121.04254,18.25793],[121.04517,18.25811]],[[121.04517,18.25811],[121.04622,18.25776],[121.0478,18.25614]],[[121.04605,18.25863],[121.04735,18.25816],[121.04788,18.25696],[121.0478,18.25614]]]}},{"type":"Feature","properties":{"kind":"river","name":"Aringay River"},"geometry":{"type":"MultiLineString","coordinates":[[[120.51758,16.4239],[120.51587,16.4237],[120.51513,16.42589],[120.51362,16.42751],[120.51205,16.42783],[120.50965,16.4296],[120.50743,16.42952],[120.50661,16.42999],[120.50643,16.43051],[120.50791,16.43229],[120.50797,16.43305],[120.50602,16.43378],[120.50622,16.43561],[120.50558,16.43637],[120.50161,16.43593],[120.5003,16.4365],[120.49994,16.4374],[120.50071,16.43908]],[[120.47909,16.4348],[120.47808,16.43522],[120.47548,16.43746],[120.47404,16.43758],[120.47314,16.43719],[120.47058,16.4341],[120.4702,16.43274],[120.46965,16.42883],[120.46983,16.42396],[120.46666,16.42341],[120.46664,16.42243],[120.46795,16.41939],[120.46784,16.41855],[120.46616,16.41716],[120.46052,16.41725],[120.45882,16.41679],[120.45592,16.41272],[120.45418,16.40803],[120.45287,16.40729],[120.45072,16.40855],[120.44988,16.408],[120.44979,16.40673],[120.45028,16.4061],[120.45507,16.40526],[120.45567,16.40461],[120.45383,16.40091],[120.45353,16.39622],[120.45116,16.39358],[120.44777,16.39205],[120.44779,16.39113],[120.44923,16.3893],[120.44892,16.38795],[120.44427,16.38752],[120.44429,16.38666],[120.44489,16.38581],[120.44362,16.38439]],[[120.49824,16.44112],[120.49496,16.44134],[120.49401,16.44223],[120.49341,16.4442],[120.49151,16.4451],[120.49084,16.44464],[120.49065,16.44395],[120.49115,16.44189],[120.49105,16.44051],[120.48979,16.44066],[120.48783,16.44004]],[[120.50071,16.43908],[120.50008,16.44048],[120.49824,16.44112]],[[120.48783,16.44004],[120.48511,16.43997],[120.48386,16.43927],[120.4833,16.43835],[120.48428,16.43534],[120.48419,16.4346],[120.48339,16.43448],[120.48143,16.43515],[120.48001,16.4348],[120.47909,16.4348]],[[120.53411,16.43235],[120.53138,16.43307],[120.53116,16.4327],[120.53014,16.43273],[120.52926,16.43209],[120.52798,16.43197],[120.52488,16.42928],[120.52137,16.4289],[120.51932,16.4248],[120.51758,16.4239]]]}},{"type":"Feature","properties":{"kind":"river","name":"Baay River"},"geometry":{"type":"MultiLineString","coordinates":[[[120.92178,17.51482],[120.91927,17.51529],[120.91697,17.51832],[120.91751,17.51926],[120.91742,17.52058],[120.91687,17.52169],[120.91544,17.52306],[120.91584,17.52374],[120.91561,17.52503],[120.91619,17.52614],[120.91476,17.52656],[120.91372,17.52908],[120.90986,17.53142],[120.9095,17.53206],[120.90797,17.53198],[120.90766,17.53433],[120.90617,17.53569],[120.9055,17.53714],[120.90379,17.53723],[120.90223,17.54006],[120.90074,17.54074],[120.89904,17.54082],[120.89774,17.54223],[120.89639,17.54257],[120.89572,17.54385],[120.8932,17.5441],[120.89217,17.54461],[120.89078,17.54598],[120.8906,17.54683],[120.88652,17.55016],[120.8858,17.55016],[120.87828,17.54578],[120.87479,17.54547],[120.87158,17.54679],[120.8677,17.54682],[120.86295,17.54455],[120.8608,17.54428],[120.85959,17.54475],[120.85856,17.54462],[120.8574,17.54338],[120.85458,17.54329],[120.85381,17.5435],[120.85215,17.54507],[120.84982,17.54597],[120.84802,17.54596],[120.84605,17.54681],[120.84348,17.54591],[120.84213,17.54479],[120.84016,17.54547],[120.83792,17.54521],[120.83693,17.54555],[120.83594,17.54632],[120.8363,17.54734],[120.83602,17.54939],[120.83646,17.55252],[120.83592,17.55294],[120.83449,17.55268],[120.8331,17.55358],[120.83109,17.55314],[120.83011,17.55143],[120.82724,17.55147],[120.82558,17.55031],[120.82271,17.54996],[120.8216,17.5485],[120.82132,17.54752],[120.82155,17.54547],[120.82079,17.54452],[120.81931,17.54456],[120.81729,17.54558],[120.81613,17.54567],[120.81559,17.54541],[120.81542,17.54391],[120.81416,17.54331],[120.81178,17.54369],[120.81057,17.5445],[120.80962,17.54626],[120.80859,17.54724],[120.80881,17.54767],[120.80993,17.54775],[120.81065,17.54844],[120.81073,17.54977],[120.8101,17.55083],[120.81082,17.55297],[120.81036,17.55412],[120.80642,17.5536],[120.80539,17.55308],[120.80373,17.55351],[120.80207,17.55312],[120.80046,17.55367],[120.79754,17.55558],[120.79507,17.55498],[120.79395,17.55575],[120.79305,17.55762],[120.79202,17.55766],[120.78902,17.55663],[120.78565,17.5573],[120.78498,17.55803],[120.78515,17.5591],[120.78363,17.56027],[120.78161,17.56076],[120.78106,17.56208],[120.78124,17.56362],[120.78199,17.56408],[120.78263,17.56397],[120.78566,17.56921],[120.78518,17.57299],[120.78404,17.57405],[120.78098,17.57499],[120.77853,17.57923],[120.77462,17.58088],[120.77154,17.58125]],[[120.77154,17.58125],[120.76954,17.57578],[120.76381,17.57388],[120.76228,17.57448],[120.76093,17.57447],[120.7579,17.57335],[120.75656,17.57382],[120.75668,17.5763],[120.75614,17.57707],[120.75327,17.57801],[120.75067,17.57832],[120.75003,17.57804],[120.74881,17.57927],[120.74675,17.58012],[120.74589,17.58127],[120.74214,17.58184],[120.73962,17.58346],[120.73671,17.58328],[120.73628,17.58375],[120.73617,17.58816],[120.73661,17.59079],[120.73359,17.5944],[120.73094,17.59683],[120.72882,17.59994],[120.72626,17.60156],[120.72463,17.60519],[120.72426,17.60822],[120.72596,17.61105]]]}},{"type":"Feature","properties":{"kind":"river","name":"Babaca River"},"geometry":{"type":"MultiLineString","coordinates":[[[121.13122,17.6497],[121.13172,17.64838],[121.13133,17.64695],[121.13163,17.64622],[121.13137,17.64369],[121.13188,17.64255],[121.13277,17.64233],[121.13509,17.64268],[121.13605,17.64318],[121.13713,17.64281],[121.13877,17.64111],[121.1398,17.63865],[121.13953,17.63771],[121.14028,17.63688],[121.14178,17.63737],[121.14261,17.6368],[121.14506,17.63711],[121.14591,17.6366],[121.14657,17.63464],[121.14816,17.63415],[121.15261,17.62973],[121.15242,17.62792],[121.15311,17.62677],[121.15379,17.62674],[121.15456,17.62734],[121.1553,17.62715],[121.15611,17.62606],[121.16006,17.62344],[121.16184,17.62391],[121.16199,17.62527],[121.1626,17.62574],[121.16383,17.62576],[121.16444,17.62675],[121.1659,17.62701],[121.16728,17.62644],[121.16864,17.62475],[121.17585,17.62131],[121.17757,17.62164],[121.18049,17.62148],[121.18289,17.61935],[121.18426,17.61673],[121.18667,17.61428],[121.1877,17.61199],[121.18796,17.6094],[121.18922,17.60795],[121.19075,17.60727],[121.19159,17.60517],[121.19846,17.59843],[121.20234,17.59762],[121.20648,17.59555],[121.20706,17.59371],[121.20982,17.59341],[121.21083,17.59431],[121.21187,17.59435],[121.21396,17.59317],[121.21435,17.59161],[121.2164,17.59108],[121.21728,17.59008],[121.21777,17.58773],[121.21945,17.58732],[121.21967,17.5853],[121.22078,17.58435],[121.22422,17.58365],[121.22481,17.58222],[121.22457,17.58053],[121.22906,17.57686],[121.23105,17.57452],[121.23296,17.57365],[121.23587,17.57339],[121.23942,17.57442],[121.24252,17.5741],[121.24518,17.57326],[121.24609,17.5737],[121.24645,17.57592],[121.24702,17.57663],[121.25134,17.57719],[121.25327,17.57901],[121.25542,17.57917],[121.25753,17.57786],[121.25837,17.57797],[121.2622,17.58188],[121.26473,17.58315],[121.2662,17.58479],[121.2674,17.58527],[121.27061,17.58875],[121.27287,17.59261],[121.27556,17.59454],[121.27591,17.59658],[121.27467,17.59841],[121.27669,17.59951],[121.27708,17.59994],[121.27696,17.60102],[121.27819,17.60194],[121.27932,17.60194],[121.28344,17.60069],[121.28609,17.60148],[121.28693,17.60157],[121.28815,17.601],[121.29062,17.60157],[121.29225,17.60118],[121.29454,17.59994],[121.2961,17.5997],[121.30511,17.60839],[121.30676,17.60893],[121.30687,17.60769],[121.30727,17.6072],[121.31227,17.60579],[121.31502,17.60355],[121.31559,17.6025],[121.31572,17.60063],[121.31374,17.59774],[121.3135,17.5965],[121.31468,17.59668],[121.31923,17.59539]],[[121.31923,17.59539],[121.32063,17.59492],[121.32116,17.59428],[121.32218,17.59116],[121.32443,17.58849],[121.32708,17.5869],[121.32863,17.58663],[121.33037,17.58725],[121.33301,17.59261],[121.33334,17.59718],[121.3342,17.5985],[121.33839,17.60017],[121.3425,17.60365],[121.34704,17.60645],[121.34935,17.60708],[121.3518,17.60719],[121.35529,17.60899],[121.35926,17.60968],[121.36127,17.61045],[121.36181,17.61124],[121.36146,17.61286],[121.36171,17.61518],[121.36304,17.61626],[121.36393,17.61851],[121.3676,17.62251],[121.36908,17.62156],[121.37185,17.61662],[121.3772,17.61278],[121.37917,17.61296]]]}},{"type":"Feature","properties":{"kind":"river","name":"Bago River"},"geometry":{"type":"LineString","coordinates":[[120.65891,16.88141],[120.65812,16.88118],[120.6581,16.88005],[120.65745,16.87956],[120.65576,16.87604],[120.6532,16.87543],[120.65161,16.87432],[120.65066,16.87448],[120.64984,16.87514],[120.64811,16.87539],[120.6457,16.87469],[120.64506,16.87493],[120.64422,16.87403],[120.64336,16.87416],[120.6428,16.87365],[120.64252,16.87032],[120.64192,16.86835],[120.63908,16.86658],[120.6384,16.86492],[120.63738,16.86461],[120.63684,16.86325],[120.63553,16.86287],[120.63503,16.86169],[120.6353,16.86057],[120.63045,16.85963],[120.62898,16.86027],[120.62681,16.86015],[120.62551,16.85982],[120.62464,16.8587],[120.62306,16.85882],[120.62016,16.86263],[120.61511,16.86485]]}},{"type":"Feature","properties":{"kind":"river","name":"Baguyos River"},"geometry":{"type":"LineString","coordinates":[[120.7645,16.90164],[120.76357,16.90398],[120.76359,16.90475],[120.7642,16.90562],[120.76357,16.90639],[120.76352,16.90737],[120.76173,16.9084],[120.76202,16.91041],[120.76162,16.91183],[120.76212,16.91454],[120.76106,16.91547],[120.7604,16.91725],[120.7605,16.92053]]}},{"type":"Feature","properties":{"kind":"river","name":"Bakun River"},"geometry":{"type":"LineString","coordinates":[[120.64545,16.77211],[120.64779,16.77204],[120.64885,16.77311],[120.64978,16.77333],[120.65131,16.77331],[120.65243,16.77227],[120.65384,16.77219],[120.65361,16.77349],[120.65538,16.77748],[120.65455,16.77976],[120.65478,16.78052],[120.65436,16.78176],[120.65697,16.7869],[120.65769,16.79019],[120.65745,16.79111],[120.65571,16.79234],[120.65489,16.79373],[120.65454,16.79458],[120.65491,16.79536],[120.65375,16.79993],[120.65198,16.80125],[120.65169,16.8043],[120.65076,16.80606],[120.64997,16.80679],[120.6485,16.8071],[120.64785,16.80868],[120.64513,16.81043],[120.64236,16.81108],[120.64107,16.8106],[120.64076,16.8118],[120.63716,16.81226],[120.63635,16.81354],[120.63408,16.81447],[120.63335,16.81622],[120.6301,16.81881],[120.62914,16.81836],[120.62878,16.81919],[120.62767,16.81931],[120.62672,16.81878],[120.62438,16.81846],[120.62365,16.82042],[120.62302,16.82411],[120.62296,16.82524],[120.624,16.8267],[120.62333,16.83215],[120.62273,16.83287],[120.62122,16.83313],[120.61882,16.83869],[120.6181,16.8392],[120.61621,16.839],[120.61272,16.8371],[120.61072,16.84004],[120.60834,16.84085],[120.60762,16.84168]]}},{"type":"Feature","properties":{"kind":"river","name":"Balili River"},"geometry":{"type":"MultiLineString","coordinates":[[[120.59805,16.43179],[120.59588,16.43604],[120.5952,16.43858],[120.59522,16.44197],[120.59237,16.44373],[120.59247,16.44495],[120.59335,16.44685],[120.59225,16.44729],[120.5922,16.45372],[120.59159,16.45595],[120.59053,16.45727],[120.59128,16.45841],[120.59086,16.45981],[120.59156,16.46038],[120.59025,16.46221],[120.58831,16.46334],[120.58686,16.46528],[120.58473,16.46589],[120.58399,16.46657],[120.58165,16.46938],[120.58183,16.47068],[120.58064,16.4707],[120.58088,16.47222],[120.57864,16.47495],[120.57855,16.47649],[120.57766,16.47853],[120.57759,16.48028],[120.5788,16.48251],[120.57893,16.48373],[120.57958,16.48404],[120.58025,16.48585],[120.58,16.48754],[120.57959,16.48814],[120.57787,16.48843],[120.57814,16.49014],[120.57735,16.49115],[120.57715,16.4921],[120.57653,16.49202],[120.5758,16.49328],[120.57566,16.49533],[120.57465,16.49697],[120.57321,16.49791],[120.57342,16.50083],[120.57177,16.50214],[120.57202,16.50666],[120.57055,16.50688],[120.56962,16.50814]],[[120.59361,16.42462],[120.59348,16.42521],[120.5954,16.42626],[120.59548,16.4276],[120.5975,16.42834],[120.59675,16.43026],[120.59805,16.43179]]]}},{"type":"Feature","properties":{"kind":"river","name":"Balitian Creek"},"geometry":{"type":"LineString","coordinates":[[120.94131,17.17803],[120.94207,17.17734],[120.94168,17.17648],[120.94132,17.17593],[120.93993,17.17596],[120.93953,17.17447],[120.94058,17.1725],[120.94052,17.17041],[120.94232,17.17032],[120.94271,17.16998],[120.94147,17.1682],[120.94006,17.16407],[120.93941,17.16365],[120.93972,17.16282],[120.94103,17.16212],[120.94106,17.1609],[120.94183,17.15936],[120.94172,17.15809],[120.94297,17.15477],[120.94283,17.15337],[120.94342,17.15223],[120.94303,17.15085],[120.94323,17.1496],[120.94279,17.14746],[120.94159,17.14634],[120.94414,17.14418],[120.9441,17.1428],[120.94302,17.14099],[120.94338,17.14019],[120.94458,17.13923],[120.94417,17.13558],[120.94335,17.1325],[120.94371,17.1303],[120.94217,17.12811],[120.94226,17.12542],[120.94282,17.12514],[120.94328,17.12376],[120.94519,17.12275],[120.946,17.12275],[120.94736,17.12175],[120.94779,17.12089],[120.94769,17.11834],[120.94882,17.11828],[120.9493,17.11741],[120.9504,17.11671],[120.94902,17.11605],[120.94842,17.11494],[120.94959,17.11424],[120.95126,17.1118],[120.95247,17.11244],[120.95318,17.11218],[120.95436,17.1103],[120.9535,17.1097],[120.95262,17.10965],[120.95277,17.10907],[120.95172,17.10717],[120.95138,17.10463],[120.95189,17.10321],[120.95336,17.10278],[120.95456,17.10149],[120.95481,17.09747],[120.95649,17.09727],[120.95555,17.09542],[120.9556,17.09486],[120.9567,17.09468],[120.95699,17.09371],[120.95642,17.09227],[120.95714,17.09096],[120.95737,17.08906],[120.95699,17.08728],[120.95719,17.08533]]}},{"type":"Feature","properties":{"kind":"river","name":"Baliwanan River"},"geometry":{"type":"LineString","coordinates":[[121.1514,18.17605],[121.15094,18.17396],[121.14995,18.17286],[121.14892,18.17286],[121.14863,18.1719],[121.14877,18.16894],[121.14945,18.16831],[121.14391,18.16635],[121.14347,18.16523],[121.14125,18.16353],[121.14098,18.16295],[121.14133,18.16226],[121.1402,18.16184],[121.13913,18.16029],[121.13735,18.16034],[121.13731,18.1594],[121.13691,18.15921],[121.13584,18.15989],[121.13468,18.15981],[121.13603,18.15829],[121.13614,18.15763],[121.13345,18.15697],[121.13336,18.15648],[121.13412,18.15533],[121.13575,18.15485],[121.13576,18.1538],[121.13485,18.15252],[121.1348,18.1518],[121.13607,18.1495],[121.13529,18.14793],[121.13416,18.14735],[121.13551,18.14629],[121.13566,18.14568],[121.13467,18.14509],[121.13517,18.14419],[121.13334,18.14435],[121.13294,18.14402],[121.13311,18.14351],[121.13432,18.14295],[121.13385,18.14192],[121.13506,18.14191],[121.13419,18.14006],[121.13445,18.1397],[121.13491,18.13949],[121.13621,18.13988],[121.13644,18.13814],[121.13524,18.13773],[121.13524,18.1373],[121.13625,18.13735],[121.13643,18.13579],[121.13724,18.13605],[121.13821,18.13499],[121.13834,18.13394],[121.13775,18.13306],[121.13832,18.13225],[121.13951,18.13173],[121.13906,18.13078],[121.13916,18.12985],[121.14084,18.12865],[121.14058,18.12799],[121.14088,18.12647],[121.14163,18.12488],[121.14335,18.12486],[121.14253,18.12252],[121.14416,18.12019],[121.14303,18.1199],[121.1432,18.11852],[121.14199,18.11771],[121.14283,18.11679],[121.14245,18.1154],[121.14184,18.11451],[121.13985,18.11504],[121.13901,18.11365],[121.13761,18.11321],[121.13748,18.11284],[121.13827,18.11241],[121.13756,18.11168],[121.1352,18.11094],[121.13331,18.11099],[121.13193,18.11006],[121.13015,18.10987],[121.12824,18.10891],[121.12653,18.10887],[121.12546,18.10824],[121.12465,18.1083],[121.1235,18.1095],[121.12244,18.10978],[121.11888,18.10984],[121.11772,18.10838],[121.11774,18.10731],[121.11648,18.10514]]}},{"type":"Feature","properties":{"kind":"river","name":"Bananid River"},"geometry":{"type":"LineString","coordinates":[[121.32955,17.44215],[121.32998,17.44471],[121.3312,17.44495],[121.33206,17.44445],[121.33239,17.44502],[121.33325,17.44526],[121.33427,17.44443],[121.33578,17.44563],[121.3356,17.44779],[121.33702,17.44872],[121.33857,17.4484],[121.33858,17.44785],[121.33912,17.44775],[121.34036,17.4438],[121.34266,17.44535],[121.34367,17.44674],[121.3454,17.44646],[121.34547,17.44815],[121.34764,17.4507],[121.34824,17.45048],[121.34857,17.44779],[121.34969,17.44722],[121.35098,17.44863],[121.35129,17.4508],[121.35065,17.45154],[121.34936,17.45171],[121.34939,17.45219],[121.35087,17.45297],[121.35174,17.45222],[121.35198,17.45143],[121.35276,17.45142],[121.35349,17.45328],[121.35244,17.45527],[121.35378,17.45585],[121.35436,17.45588],[121.35457,17.45472],[121.35568,17.45449],[121.35603,17.45389],[121.35517,17.45234],[121.35571,17.45138],[121.35687,17.45176],[121.35821,17.45137],[121.35914,17.4519],[121.35923,17.45119],[121.35973,17.45088],[121.36067,17.45119],[121.36128,17.45191],[121.36294,17.45069],[121.36446,17.4508],[121.36502,17.44984],[121.3666,17.45042],[121.36894,17.44705],[121.37061,17.44664],[121.37178,17.44671],[121.37176,17.44756],[121.37229,17.44818],[121.37439,17.44964],[121.37414,17.45006],[121.37253,17.44996],[121.3721,17.4532],[121.3734,17.45307],[121.37394,17.45218],[121.37513,17.45166],[121.37567,17.45206],[121.37592,17.45324],[121.37719,17.45403],[121.37553,17.45547],[121.37461,17.45732],[121.37466,17.45884],[121.37499,17.45911],[121.37592,17.45884],[121.37596,17.45944],[121.37284,17.46076],[121.37262,17.46213],[121.37192,17.46277],[121.37148,17.46398],[121.36943,17.46608],[121.36938,17.46684],[121.37038,17.4686],[121.36964,17.47088],[121.37026,17.47098],[121.37064,17.47053],[121.37118,17.47115],[121.37314,17.4718],[121.37149,17.47333],[121.37172,17.47372],[121.373,17.47348],[121.37364,17.47382],[121.37385,17.47623],[121.37316,17.47576],[121.37216,17.47601],[121.37317,17.47712],[121.37291,17.47866],[121.37351,17.47889],[121.37444,17.47783],[121.37614,17.47913],[121.37576,17.48185],[121.37364,17.48255],[121.3724,17.48357],[121.37232,17.48462],[121.37365,17.48449],[121.37403,17.48485],[121.37243,17.48647],[121.37228,17.48713],[121.37284,17.48798],[121.37463,17.48893],[121.37601,17.48904],[121.3769,17.49069],[121.37595,17.49607],[121.3748,17.49806],[121.3775,17.50211],[121.37905,17.50728],[121.37993,17.5085],[121.38092,17.50888],[121.37888,17.51093],[121.37758,17.51017],[121.37665,17.51074],[121.37652,17.51344],[121.37939,17.51466],[121.38196,17.51402],[121.38338,17.51574],[121.3832,17.51614],[121.38172,17.51619],[121.38009,17.51795],[121.37811,17.51805],[121.37728,17.51855],[121.37669,17.5199],[121.3783,17.52043],[121.37953,17.52188],[121.37822,17.522],[121.37673,17.52154],[121.37668,17.52279],[121.37602,17.52346],[121.3753,17.52324],[121.37388,17.52402],[121.37302,17.52258],[121.3732,17.52135],[121.37232,17.52092],[121.37039,17.52117],[121.36925,17.52062],[121.36816,17.52085],[121.36821,17.52347],[121.37085,17.52663],[121.37007,17.52747],[121.3701,17.52846],[121.37178,17.53002],[121.37208,17.53106],[121.3713,17.53207],[121.3698,17.53252],[121.36887,17.53199],[121.3675,17.53277],[121.36744,17.53341],[121.36797,17.5338],[121.36885,17.53306],[121.36948,17.53375],[121.37088,17.53754],[121.37033,17.53856],[121.36939,17.53918],[121.3699,17.54031],[121.3698,17.54107],[121.3692,17.54166],[121.36778,17.54101],[121.36724,17.54115],[121.36705,17.54279],[121.36798,17.54485],[121.36984,17.54372],[121.37142,17.54416],[121.37119,17.54539],[121.37202,17.54579],[121.37407,17.54446],[121.37489,17.54456],[121.37513,17.54549],[121.37487,17.54617],[121.37289,17.54709],[121.37294,17.5477],[121.37433,17.54895],[121.37486,17.54899],[121.37516,17.54827],[121.37589,17.548],[121.37691,17.5482],[121.37827,17.54952],[121.3806,17.54857],[121.38504,17.54855],[121.38819,17.55032],[121.38961,17.55011],[121.39047,17.55083],[121.39192,17.55059],[121.39324,17.55165],[121.39443,17.55366],[121.39647,17.55311],[121.39891,17.55536],[121.40122,17.55612],[121.40282,17.55892],[121.40231,17.55929],[121.40105,17.559],[121.40051,17.55961],[121.40125,17.56069],[121.40261,17.56118],[121.40367,17.56366],[121.40358,17.56557],[121.40409,17.56698],[121.40456,17.5679],[121.40585,17.56885],[121.40603,17.56932],[121.40537,17.57192],[121.40612,17.57323],[121.40786,17.57386],[121.40831,17.57444],[121.40723,17.5762],[121.40772,17.57725],[121.40865,17.57775],[121.40978,17.57757],[121.41045,17.57844],[121.41033,17.57993],[121.40823,17.58183],[121.40811,17.58233],[121.41025,17.58478],[121.41064,17.58839],[121.41218,17.59044],[121.41078,17.59321],[121.41043,17.59647],[121.41192,17.59793],[121.41345,17.5977],[121.41446,17.59686],[121.41519,17.59826],[121.41655,17.59923],[121.41772,17.60192],[121.41824,17.60428],[121.41932,17.60426],[121.42019,17.60346],[121.42051,17.60387],[121.42095,17.60914],[121.41991,17.60981],[121.41914,17.61096],[121.41858,17.61303],[121.41913,17.61421],[121.42012,17.61512],[121.42004,17.61557],[121.41831,17.61704],[121.41808,17.61827]]}},{"type":"Feature","properties":{"kind":"river","name":"Bancay River"},"geometry":{"type":"LineString","coordinates":[[120.58531,17.56137],[120.58556,17.56227],[120.58453,17.56305],[120.58427,17.56404],[120.58241,17.56305],[120.58054,17.56495],[120.57937,17.56531],[120.57708,17.56412],[120.57683,17.56346],[120.57564,17.56348],[120.57537,17.5628],[120.57449,17.56307],[120.57326,17.5627],[120.57195,17.56338],[120.5708,17.56302],[120.57043,17.56429],[120.56943,17.56545],[120.56768,17.56603],[120.56667,17.56563],[120.56599,17.56414],[120.56485,17.5639],[120.56452,17.56487],[120.56609,17.56653],[120.5661,17.56838]]}},{"type":"Feature","properties":{"kind":"river","name":"Bangan River"},"geometry":{"type":"MultiLineString","coordinates":[[[121.16559,18.51631],[121.16525,18.51655],[121.16546,18.51798],[121.16846,18.51815],[121.16915,18.51954],[121.16977,18.51867],[121.16995,18.51986],[121.17068,18.52021],[121.17171,18.51995],[121.17282,18.51869],[121.17378,18.51872],[121.1741,18.51971],[121.17588,18.51893]],[[121.17588,18.51893],[121.1767,18.51952],[121.17818,18.51958],[121.17856,18.51919],[121.1785,18.51856],[121.1797,18.51749],[121.18059,18.51823],[121.1827,18.51827]]]}},{"type":"Feature","properties":{"kind":"river","name":"Baren River"},"geometry":{"type":"MultiLineString","coordinates":[[[121.26468,17.83012],[121.26614,17.82944],[121.26689,17.82827],[121.26751,17.82574],[121.2676,17.82176],[121.26899,17.81596],[121.27094,17.81313],[121.27201,17.81279],[121.27397,17.81341],[121.27534,17.81312],[121.27964,17.81134],[121.28166,17.81007],[121.2851,17.80958],[121.28654,17.80846],[121.2871,17.80735],[121.28861,17.80599],[121.28954,17.8041],[121.29029,17.80354],[121.29179,17.80371],[121.29323,17.80467],[121.29623,17.80827],[121.2982,17.8096],[121.29907,17.81104],[121.30284,17.81215],[121.30652,17.81401]],[[121.31,17.81329],[121.30652,17.81401]]]}},{"type":"Feature","properties":{"kind":"river","name":"Baringatan Creek"},"geometry":{"type":"MultiLineString","coordinates":[[[121.48353,17.45392],[121.48436,17.45423],[121.48412,17.45659],[121.48477,17.45719],[121.48383,17.45815],[121.48379,17.45864],[121.48428,17.45893],[121.48377,17.45954],[121.48401,17.46044],[121.48447,17.46037],[121.48472,17.46166],[121.48426,17.46192],[121.48415,17.4628],[121.48344,17.46318],[121.48279,17.46496],[121.48334,17.46671],[121.48445,17.46679],[121.48419,17.46762],[121.48473,17.46812],[121.48293,17.46861],[121.48291,17.46967],[121.48315,17.47054],[121.48374,17.4705],[121.48391,17.47112],[121.48343,17.47127],[121.48388,17.47222],[121.48486,17.47245],[121.48537,17.47196],[121.48534,17.47364],[121.48591,17.47543],[121.48706,17.4762],[121.48662,17.47705],[121.48543,17.47743],[121.48529,17.47898],[121.48612,17.48017],[121.48572,17.48165],[121.48503,17.48233],[121.48509,17.48344],[121.48416,17.48431],[121.48493,17.48534],[121.48465,17.48628],[121.48401,17.48661],[121.48407,17.48794],[121.48234,17.48936],[121.48271,17.49245],[121.48166,17.49451],[121.47938,17.49652],[121.48034,17.49706],[121.47911,17.49878],[121.47875,17.50326],[121.4781,17.50458],[121.47568,17.5063],[121.47871,17.5097],[121.4791,17.5116],[121.47845,17.51197],[121.47784,17.51165],[121.47708,17.51216],[121.47541,17.5119],[121.4736,17.51289],[121.47343,17.51391],[121.47434,17.51766],[121.47436,17.52113],[121.47318,17.52274],[121.47389,17.52467],[121.4735,17.52474],[121.47312,17.52619],[121.47326,17.52736],[121.4742,17.5278],[121.47444,17.52905],[121.47359,17.53049],[121.47224,17.53066],[121.46943,17.53012],[121.4684,17.53072],[121.46752,17.53217],[121.46752,17.533],[121.46846,17.53404],[121.46849,17.5364],[121.46793,17.53854],[121.47124,17.54133],[121.47059,17.54281],[121.46923,17.54273],[121.46798,17.54432],[121.46621,17.54826],[121.46759,17.54935],[121.46863,17.5513],[121.46828,17.55333],[121.46718,17.55369],[121.46699,17.55428],[121.46708,17.55587],[121.46773,17.55709]],[[121.47559,17.44235],[121.47631,17.44306],[121.47601,17.44374],[121.47647,17.44667],[121.47817,17.4482]],[[121.47817,17.4482],[121.47823,17.44829]],[[121.47823,17.44829],[121.47827,17.44885],[121.47891,17.44864],[121.47974,17.44936],[121.47958,17.44973],[121.4802,17.45033],[121.48083,17.45291],[121.48162,17.4531],[121.48184,17.45254],[121.48221,17.45265],[121.48335,17.45334],[121.48344,17.45385]],[[121.48344,17.45385],[121.48353,17.45392]]]}},{"type":"Feature","properties":{"kind":"river","name":"Batala River"},"geometry":{"type":"LineString","coordinates":[[121.3255,17.02097],[121.3264,17.02079],[121.32723,17.02117],[121.32831,17.02264],[121.32978,17.02253],[121.33008,17.02281],[121.33004,17.02421],[121.33139,17.02449],[121.33246,17.02603],[121.33325,17.02571],[121.33464,17.02663],[121.33548,17.02629],[121.33621,17.02647],[121.33769,17.02564],[121.33836,17.026],[121.34005,17.02574],[121.34068,17.02678],[121.34165,17.02739],[121.34214,17.02842],[121.34572,17.02933],[121.34672,17.02836],[121.34815,17.02803],[121.35097,17.02896],[121.35409,17.03115],[121.35563,17.03091],[121.35724,17.03269],[121.35958,17.03341],[121.36373,17.03106],[121.36422,17.03238],[121.36501,17.03279],[121.36708,17.03103],[121.36812,17.0307],[121.3704,17.02853],[121.37256,17.02868],[121.37388,17.03028],[121.37543,17.02967],[121.37569,17.03053],[121.37504,17.03117],[121.37642,17.03349],[121.37636,17.03537],[121.37671,17.03612],[121.37908,17.03467],[121.38165,17.03506],[121.38081,17.03735],[121.38021,17.03774],[121.37842,17.03745],[121.37772,17.0377],[121.37849,17.03906],[121.37982,17.03902],[121.38224,17.04066],[121.38223,17.04125],[121.38055,17.042],[121.38068,17.04301],[121.3815,17.04354],[121.38304,17.04319],[121.38604,17.04669],[121.38707,17.04631],[121.38912,17.04697],[121.38917,17.04785],[121.38828,17.04862],[121.38308,17.0506],[121.38189,17.05144],[121.38226,17.05318],[121.38391,17.05487],[121.38279,17.05594],[121.38294,17.05712],[121.38389,17.05819],[121.38369,17.05901],[121.38118,17.05922],[121.37998,17.06016],[121.37734,17.06064],[121.3765,17.06255],[121.37654,17.06358],[121.37823,17.06493],[121.37869,17.06602],[121.37726,17.06624],[121.37684,17.06717],[121.3753,17.06806],[121.37528,17.07182],[121.37372,17.07428],[121.37331,17.07609],[121.37456,17.07706],[121.37486,17.07834],[121.37314,17.07898],[121.37112,17.07844],[121.3709,17.07917],[121.37164,17.07946],[121.37181,17.07999],[121.36889,17.08241],[121.36879,17.08504],[121.36701,17.08706],[121.36645,17.09071]]}},{"type":"Feature","properties":{"kind":"river","name":"Benneng River"},"geometry":{"type":"LineString","coordinates":[[120.8659,16.40843],[120.86619,16.40753],[120.86544,16.40654],[120.86608,16.4052],[120.86565,16.4042],[120.86623,16.40365],[120.86604,16.40223],[120.86661,16.40196],[120.86637,16.40118],[120.86469,16.40025],[120.86393,16.39881],[120.86311,16.39854],[120.86343,16.39732],[120.8626,16.39615],[120.86209,16.39649],[120.86135,16.39579],[120.86057,16.39604],[120.86004,16.39535],[120.8601,16.39465],[120.85957,16.395],[120.85892,16.39465],[120.85834,16.39334],[120.85847,16.39187],[120.85661,16.39083],[120.85491,16.39043],[120.85412,16.38917],[120.85223,16.38794],[120.85183,16.3866],[120.85031,16.38664],[120.84914,16.38575],[120.84783,16.38644],[120.84716,16.38583],[120.84588,16.38608],[120.84484,16.38502],[120.84485,16.38418],[120.84316,16.38308],[120.84092,16.38264],[120.84011,16.38306],[120.83815,16.382],[120.83719,16.38226],[120.83673,16.38343],[120.83587,16.38375],[120.8355,16.3834],[120.83606,16.38253],[120.83532,16.38203],[120.83442,16.38223],[120.83372,16.38398],[120.8332,16.3843],[120.83319,16.38308],[120.83042,16.38288],[120.82935,16.38231],[120.82954,16.38134],[120.82926,16.38094],[120.82728,16.38154],[120.82664,16.3813],[120.82621,16.38057],[120.82513,16.38043],[120.82382,16.37955],[120.82142,16.3794],[120.81848,16.37816],[120.81719,16.37659],[120.81451,16.37548],[120.81425,16.37447],[120.81276,16.37393],[120.80945,16.37168],[120.80858,16.37188],[120.80807,16.37129]]}},{"type":"Feature","properties":{"kind":"river","name":"Binongan River"},"geometry":{"type":"MultiLineString","coordinates":[[[120.974,17.66558],[120.97262,17.6656],[120.97057,17.66442],[120.96909,17.66418],[120.96857,17.6661],[120.96768,17.66659],[120.96326,17.66327],[120.95888,17.66396],[120.95829,17.66343],[120.95838,17.66275]],[[120.95838,17.66275],[120.95888,17.66206],[120.95865,17.66099],[120.95795,17.66021],[120.95702,17.66007],[120.95647,17.6604],[120.95619,17.661],[120.9565,17.66211]],[[120.95838,17.66275],[120.9578,17.6618],[120.9565,17.66211]],[[120.9565,17.66211],[120.95641,17.66418],[120.95522,17.6647],[120.95394,17.66464],[120.95198,17.66327],[120.9493,17.66438],[120.94758,17.66586],[120.94215,17.6659],[120.9376,17.67172],[120.93686,17.67215],[120.93337,17.6712],[120.93216,17.67146],[120.9301,17.6737],[120.92835,17.67427],[120.92387,17.67716],[120.92256,17.68234],[120.91839,17.68039],[120.91568,17.6801],[120.91388,17.68079],[120.91372,17.68155],[120.91418,17.68283],[120.9128,17.68575],[120.91128,17.69303],[120.90994,17.69472],[120.90857,17.69572],[120.90871,17.6967],[120.90986,17.69874],[120.90955,17.70057],[120.90832,17.70268],[120.9082,17.70547],[120.9069,17.71131],[120.90731,17.714],[120.90568,17.71869],[120.90545,17.72376],[120.90197,17.72642],[120.89779,17.7272],[120.89743,17.72799],[120.89868,17.73092],[120.89674,17.73379],[120.89314,17.73423],[120.88981,17.73339],[120.88905,17.73456],[120.8873,17.73519],[120.88292,17.73576],[120.8821,17.73788],[120.88033,17.74036],[120.8782,17.74052],[120.87538,17.74003],[120.87422,17.74181],[120.87447,17.74286],[120.87598,17.74499],[120.8752,17.74879],[120.87383,17.75044],[120.87187,17.75104],[120.87286,17.75264],[120.87302,17.75469],[120.87057,17.75933],[120.8682,17.76045],[120.86538,17.76081],[120.86072,17.76004],[120.85975,17.76025],[120.8559,17.76342],[120.85357,17.76446],[120.84863,17.76513],[120.84652,17.76631],[120.84435,17.76642],[120.84302,17.76601],[120.83912,17.7665],[120.83817,17.76541],[120.83817,17.76453],[120.83413,17.76408],[120.83313,17.76304],[120.83499,17.75948],[120.83437,17.75921],[120.83367,17.75607],[120.83253,17.755],[120.83186,17.753],[120.83115,17.75274],[120.82965,17.7542],[120.82769,17.75449],[120.82548,17.75443],[120.82295,17.75368],[120.822,17.75435],[120.82205,17.75567],[120.82033,17.75681],[120.81989,17.75795],[120.82144,17.76038],[120.8228,17.76051],[120.823,17.76156],[120.82264,17.76298],[120.82107,17.76481],[120.81793,17.76448],[120.81647,17.76497],[120.81596,17.7677],[120.81919,17.76799],[120.8193,17.7686],[120.81822,17.76905],[120.81767,17.77027],[120.81643,17.77142],[120.8151,17.77175],[120.81384,17.77144],[120.81254,17.77],[120.81134,17.77021],[120.80928,17.77198],[120.80744,17.77452],[120.80443,17.77652],[120.8024,17.77448],[120.80053,17.77482],[120.79796,17.77607],[120.79755,17.77894],[120.7982,17.78061],[120.79673,17.78379],[120.79399,17.78336],[120.79174,17.78185],[120.79064,17.78184],[120.78851,17.78329],[120.7882,17.78447],[120.78863,17.78587],[120.78846,17.78744],[120.78783,17.78864],[120.78671,17.78888],[120.78531,17.78855]]]}},{"type":"Feature","properties":{"kind":"river","name":"Boliwong River"},"geometry":{"type":"LineString","coordinates":[[121.13421,16.81466],[121.13563,16.80971],[121.13292,16.80957],[121.1322,16.80814],[121.13097,16.80697],[121.13226,16.80595],[121.13232,16.80389],[121.13098,16.80314],[121.13025,16.80189],[121.12958,16.80178],[121.12856,16.79997],[121.12833,16.79615],[121.12747,16.79489],[121.12714,16.79203],[121.1265,16.79014],[121.12555,16.78984],[121.12319,16.79059],[121.12058,16.79291],[121.1199,16.79296],[121.11907,16.79222],[121.11897,16.79108],[121.11942,16.79048],[121.12178,16.78934],[121.12278,16.78746],[121.12084,16.78481]]}},{"type":"Feature","properties":{"kind":"river","name":"Bolo Creek"},"geometry":{"type":"MultiLineString","coordinates":[[[120.57752,16.45578],[120.58289,16.45869],[120.58495,16.45941]],[[120.58924,16.46238],[120.58918,16.46281]],[[120.58796,16.4611],[120.58875,16.46138]],[[120.58495,16.45941],[120.58796,16.4611]],[[120.58875,16.46138],[120.58924,16.46238]]]}},{"type":"Feature","properties":{"kind":"river","name":"Bucloc River"},"geometry":{"type":"LineString","coordinates":[[120.97417,17.46691],[120.97449,17.46761],[120.97364,17.46833],[120.97348,17.4701],[120.97259,17.47069],[120.97239,17.47182],[120.97173,17.47152],[120.9702,17.4696],[120.96897,17.4693],[120.96359,17.47049],[120.96153,17.47239],[120.95624,17.47327],[120.95544,17.47238],[120.95354,17.47248],[120.95367,17.47032],[120.95038,17.4701],[120.9442,17.47071],[120.94228,17.46942],[120.942,17.46747],[120.94116,17.46711],[120.93818,17.46776],[120.93548,17.46395],[120.93269,17.46423],[120.93114,17.46238],[120.92987,17.46169],[120.92641,17.46104],[120.92513,17.45976],[120.92326,17.4599],[120.9233,17.45808],[120.92285,17.45712],[120.92119,17.45697],[120.91821,17.45534],[120.91706,17.45358],[120.91568,17.45344],[120.91363,17.4522],[120.91188,17.45016],[120.90968,17.44895],[120.90728,17.44911],[120.90556,17.44985],[120.89991,17.4485],[120.89809,17.44982],[120.89046,17.44633],[120.88874,17.44682],[120.88737,17.446],[120.88548,17.44584],[120.88376,17.44453],[120.88168,17.44382],[120.87928,17.4442],[120.87646,17.44173],[120.87426,17.44191],[120.87324,17.4424],[120.87072,17.44043],[120.869,17.44027],[120.86457,17.44274],[120.86362,17.44269],[120.86006,17.4404],[120.85824,17.43978],[120.84977,17.44022],[120.84651,17.44093],[120.8436,17.44207],[120.84106,17.44361],[120.83779,17.44467],[120.83629,17.44441],[120.83421,17.44293],[120.83104,17.44344],[120.82819,17.44338],[120.82437,17.44225],[120.81913,17.44295],[120.81796,17.44085],[120.81602,17.43933],[120.81476,17.4393],[120.81104,17.44024],[120.80906,17.4398],[120.80233,17.43643],[120.80122,17.43652],[120.79789,17.43808],[120.79356,17.4389],[120.79323,17.44107],[120.7904,17.44553],[120.78879,17.44524],[120.78725,17.44406],[120.7851,17.44606],[120.78384,17.44643],[120.78328,17.44377],[120.78075,17.44291],[120.77761,17.44281],[120.77905,17.44045],[120.77905,17.43912],[120.77712,17.44011],[120.77487,17.44064],[120.77327,17.43941],[120.76922,17.439],[120.76873,17.43794],[120.76864,17.43581],[120.76809,17.43521],[120.76496,17.43583],[120.76322,17.43462],[120.76223,17.43466],[120.76103,17.43716],[120.75824,17.44019],[120.75723,17.4408],[120.75307,17.4404],[120.75128,17.44065]]}},{"type":"Feature","properties":{"kind":"river","name":"Bued River"},"geometry":{"type":"MultiLineString","coordinates":[[[120.59916,16.29615],[120.59819,16.29611],[120.5967,16.29405],[120.59475,16.29437],[120.59421,16.29319],[120.59134,16.29117],[120.59062,16.2912],[120.58958,16.29234],[120.58916,16.29223],[120.58829,16.29048],[120.58715,16.28936],[120.58325,16.28701],[120.58218,16.28585],[120.57992,16.28585],[120.57837,16.28374],[120.57642,16.28303],[120.57569,16.28233],[120.57362,16.28185],[120.57209,16.27981],[120.57179,16.27853],[120.56968,16.27752],[120.56653,16.27685],[120.56541,16.27538],[120.56644,16.27269],[120.56493,16.27047],[120.56432,16.26708],[120.5617,16.26403],[120.55992,16.26108],[120.55896,16.26042],[120.55564,16.25988],[120.55138,16.25826],[120.55066,16.25717],[120.55087,16.25516],[120.54995,16.25393],[120.55019,16.25307],[120.54956,16.25192],[120.54834,16.25167],[120.54681,16.25044],[120.54186,16.24809],[120.54153,16.24752],[120.54233,16.2462],[120.54204,16.24526],[120.53963,16.24443],[120.53499,16.24366],[120.53244,16.2412],[120.52707,16.23999],[120.52334,16.24024],[120.52004,16.23773],[120.517,16.23736],[120.51601,16.23619],[120.51372,16.23471],[120.51363,16.23366],[120.51165,16.23021]],[[120.60712,16.38002],[120.6065,16.37889],[120.60703,16.37803],[120.60587,16.3766],[120.60517,16.3746],[120.60531,16.37334],[120.60491,16.37235],[120.60594,16.37184],[120.60601,16.37008],[120.60493,16.3679],[120.60522,16.3669],[120.60491,16.36657]],[[120.60491,16.36657],[120.60482,16.36644]],[[120.60482,16.36644],[120.60404,16.36497],[120.60426,16.36414],[120.60393,16.36349]],[[120.58987,16.37531],[120.59145,16.37437],[120.59324,16.37393],[120.59396,16.37292],[120.5953,16.37299],[120.597,16.37383],[120.59879,16.37345],[120.59915,16.37217],[120.59805,16.37115],[120.59768,16.36795],[120.59844,16.36585],[120.59934,16.36516],[120.5991,16.36465]],[[120.61613,16.34606],[120.61709,16.34466]],[[120.60393,16.36349],[120.60372,16.36306]],[[120.60372,16.36306],[120.60304,16.36205],[120.60468,16.36107],[120.60328,16.35999]],[[120.60328,16.35999],[120.60337,16.35842],[120.60459,16.35742],[120.60563,16.35775],[120.60638,16.3589],[120.60713,16.35913]],[[120.57968,16.3452],[120.58303,16.3467],[120.58528,16.34717],[120.58601,16.34884],[120.58775,16.34882],[120.5893,16.34939],[120.59159,16.35107],[120.59215,16.35195],[120.59356,16.35173],[120.5924,16.35427],[120.59337,16.35577],[120.59399,16.35542],[120.59524,16.35593],[120.59481,16.35861],[120.59624,16.35848],[120.59601,16.35744],[120.59668,16.35728],[120.59689,16.35657],[120.59766,16.3562],[120.59903,16.35648],[120.59901,16.35692],[120.59816,16.35751],[120.5991,16.35849]],[[120.5996,16.3595],[120.60116,16.36083],[120.60256,16.36054]],[[120.60256,16.36054],[120.60312,16.36015]],[[120.59871,16.36376],[120.59889,16.36327],[120.59989,16.36302],[120.60283,16.3638],[120.60393,16.36349]],[[120.60384,16.38397],[120.60571,16.38131],[120.60731,16.38144],[120.60748,16.38065],[120.60712,16.38002]],[[120.59897,16.36436],[120.59871,16.36376]],[[120.5991,16.35849],[120.5996,16.3595]],[[120.5991,16.36465],[120.59897,16.36436]],[[120.60312,16.36015],[120.60328,16.35999]],[[120.59964,16.29589],[120.59916,16.29615]],[[120.60713,16.35913],[120.60844,16.35876],[120.60754,16.35744],[120.608,16.35571],[120.60921,16.35437],[120.60941,16.35244],[120.61338,16.35003],[120.61548,16.34982],[120.61562,16.34852],[120.61637,16.34734],[120.61613,16.34606]],[[120.61613,16.34606],[120.6158,16.34506],[120.61709,16.34466]],[[120.61709,16.34466],[120.61856,16.34398],[120.61973,16.34245],[120.6187,16.34122],[120.61757,16.34093],[120.61733,16.34002],[120.61843,16.33982],[120.62042,16.33815],[120.61919,16.33639],[120.61765,16.33551],[120.61698,16.33459],[120.61661,16.33125],[120.61747,16.32985],[120.6146,16.3287],[120.61318,16.32663],[120.61486,16.32527],[120.61511,16.32333],[120.61587,16.32247],[120.61456,16.31968],[120.61445,16.31861],[120.61767,16.31676],[120.61638,16.31485],[120.61701,16.31342],[120.61558,16.31147],[120.61339,16.3096],[120.6133,16.30882],[120.61205,16.30822],[120.61238,16.30672],[120.60993,16.30384],[120.60875,16.30085],[120.60598,16.29981],[120.60363,16.29975],[120.60323,16.29849],[120.60174,16.29637],[120.59991,16.29571],[120.59964,16.29589]],[[120.60491,16.36657],[120.60492,16.36648],[120.60482,16.36644]]]}},{"type":"Feature","properties":{"kind":"river","name":"Caba River"},"geometry":{"type":"MultiLineString","coordinates":[[[120.65633,17.34022],[120.6558,17.34095],[120.65593,17.34156],[120.65524,17.34119],[120.6547,17.34158],[120.65439,17.34101],[120.655,17.34],[120.65367,17.33931],[120.65238,17.33964],[120.65225,17.33902],[120.65131,17.33824],[120.65112,17.33582],[120.65028,17.33547],[120.6501,17.33422],[120.64803,17.33442],[120.64727,17.33389],[120.64748,17.33324],[120.64866,17.33321],[120.64967,17.33243],[120.64907,17.33166],[120.64957,17.33099],[120.6492,17.33083],[120.64939,17.32904],[120.64969,17.32856],[120.65117,17.32831],[120.65183,17.32708],[120.6516,17.32595],[120.6533,17.32439]],[[120.6533,17.32439],[120.65469,17.32227],[120.65368,17.32128],[120.65382,17.3204],[120.65575,17.32059],[120.65789,17.31986],[120.65793,17.31867],[120.65746,17.31766],[120.65664,17.31768],[120.65593,17.31719],[120.65678,17.31516],[120.65816,17.31481],[120.65803,17.31299],[120.65854,17.31263],[120.65909,17.31278],[120.66092,17.31403],[120.66109,17.31329],[120.65991,17.31183],[120.65997,17.31091],[120.66169,17.30878],[120.66367,17.30818],[120.66469,17.30575],[120.66581,17.30546],[120.66761,17.30616],[120.66954,17.30572],[120.66933,17.30645],[120.67064,17.30701],[120.67189,17.30614],[120.67262,17.30505],[120.67328,17.30616],[120.67435,17.30659],[120.67531,17.30552],[120.67472,17.30385],[120.67612,17.30053],[120.67591,17.29879],[120.67679,17.299],[120.67841,17.29852],[120.67957,17.29887],[120.68001,17.29756],[120.68051,17.29748],[120.68142,17.29804],[120.68246,17.29727],[120.68401,17.2981],[120.6843,17.29789],[120.68438,17.29542],[120.68317,17.29556],[120.68282,17.29499],[120.68441,17.29309],[120.68458,17.29234],[120.68272,17.29139],[120.68185,17.28995],[120.68046,17.28981],[120.67984,17.2886]]]}},{"type":"Feature","properties":{"kind":"river","name":"Cababuyan River"},"geometry":{"type":"LineString","coordinates":[[121.07476,16.8835],[121.07553,16.8831],[121.07523,16.88231],[121.07573,16.88164],[121.07686,16.88103],[121.07665,16.88078],[121.07718,16.8794],[121.07665,16.87912],[121.07667,16.87871],[121.0774,16.87833],[121.0776,16.87766],[121.07874,16.87742]]}},{"type":"Feature","properties":{"kind":"river","name":"Calasugan River"},"geometry":{"type":"MultiLineString","coordinates":[[[120.61265,17.70557],[120.61209,17.70472],[120.61315,17.70421],[120.61344,17.70306],[120.61401,17.70269],[120.61535,17.70299],[120.61643,17.70236],[120.61708,17.70247],[120.61746,17.70216],[120.61726,17.70047],[120.62115,17.69903],[120.62147,17.69874],[120.62113,17.69799],[120.62191,17.69739],[120.6225,17.6983],[120.62197,17.7009],[120.62254,17.70125],[120.62318,17.70079],[120.62375,17.69916],[120.6248,17.69865],[120.62455,17.69797],[120.62483,17.69761],[120.62663,17.69732],[120.62735,17.69607],[120.62842,17.69543],[120.63106,17.69685],[120.63457,17.69677],[120.6352,17.69729],[120.63539,17.69808],[120.63644,17.69836],[120.63686,17.69783],[120.63715,17.69593],[120.63888,17.69403],[120.64028,17.69334],[120.64235,17.69369]],[[120.59955,17.71107],[120.60062,17.71301],[120.60137,17.71338],[120.60449,17.71262],[120.60451,17.71198],[120.60382,17.71122],[120.60432,17.71007],[120.60727,17.70883],[120.60892,17.70899],[120.61051,17.70811],[120.61136,17.7067],[120.61265,17.70557]]]}},{"type":"Feature","properties":{"kind":"river","name":"Chico River"},"geometry":{"type":"MultiLineString","coordinates":[[[120.94397,17.07172],[120.94536,17.07398],[120.9455,17.07679],[120.94594,17.07682],[120.94721,17.07533],[120.94839,17.07487],[120.94912,17.07497],[120.94985,17.07573],[120.94982,17.07708],[120.94776,17.07959],[120.94758,17.08036],[120.94893,17.08107],[120.9507,17.08048],[120.95216,17.0808],[120.95198,17.08249],[120.95104,17.08338],[120.95104,17.08822],[120.95169,17.089],[120.95289,17.08861]],[[120.9674,17.07785],[120.96847,17.0784],[120.96981,17.08144],[120.9707,17.08197],[120.97544,17.08075],[120.9779,17.08126],[120.97858,17.0824],[120.97869,17.08429]],[[120.95289,17.08861],[120.95374,17.08687],[120.957,17.08547],[120.95825,17.08385],[120.96092,17.08233],[120.96214,17.08234],[120.96648,17.0836],[120.96726,17.08339],[120.96754,17.08077],[120.96682,17.07856],[120.9674,17.07785]],[[120.92382,16.99907],[120.92516,17.00268],[120.92532,17.00639],[120.92588,17.0076],[120.92659,17.00814],[120.92846,17.00769],[120.92952,17.0082],[120.93126,17.0146],[120.93243,17.01491],[120.93378,17.01403],[120.93514,17.01468],[120.93499,17.01621],[120.93383,17.01892],[120.93413,17.01963],[120.93586,17.0203],[120.93698,17.02207],[120.94254,17.02549],[120.94334,17.02644],[120.94226,17.02761],[120.93921,17.02963],[120.93817,17.0309],[120.93882,17.03337],[120.93852,17.03885],[120.93591,17.03843],[120.93543,17.03941],[120.93714,17.04111],[120.93705,17.04171],[120.936,17.04274],[120.93594,17.04475],[120.93801,17.04602],[120.93706,17.04757],[120.93717,17.04912],[120.93672,17.05042],[120.93807,17.05413],[120.93793,17.05731],[120.93841,17.05798],[120.93957,17.05799],[120.94038,17.05861],[120.94072,17.06028],[120.9403,17.06179],[120.94054,17.06344],[120.94263,17.06547],[120.94319,17.06751],[120.94339,17.07075],[120.94397,17.07172]],[[121.06065,17.14686],[121.05946,17.14756],[121.05693,17.14571],[121.05502,17.14618],[121.05363,17.14598],[121.05234,17.14643],[121.04723,17.15001],[121.04726,17.15082],[121.04927,17.15215],[121.04997,17.15335],[121.04749,17.15729],[121.04807,17.15772],[121.04994,17.15801],[121.05101,17.15977],[121.04816,17.16271],[121.04649,17.16657],[121.04786,17.16769],[121.0515,17.16677],[121.05253,17.16718],[121.05344,17.16847],[121.05353,17.16933],[121.05139,17.17064],[121.05263,17.17245],[121.05322,17.17234],[121.05392,17.17136],[121.05621,17.1704],[121.05882,17.16991],[121.06004,17.17023],[121.06023,17.17228],[121.05871,17.17528],[121.06177,17.17705],[121.06137,17.17981],[121.06159,17.18132],[121.06239,17.18264],[121.06481,17.1834],[121.06903,17.18861],[121.06973,17.19016],[121.06989,17.19299],[121.06797,17.19493],[121.06806,17.20035],[121.06993,17.20094],[121.07245,17.19936],[121.07433,17.1988],[121.07659,17.20013],[121.07748,17.19953],[121.07815,17.19826],[121.07982,17.19774],[121.08179,17.19846],[121.08358,17.20094],[121.08459,17.20175],[121.08534,17.20181],[121.08621,17.20071],[121.08407,17.19758],[121.08366,17.19582],[121.08499,17.19478],[121.08672,17.19501],[121.08814,17.19671],[121.09013,17.20061],[121.09174,17.20188],[121.09305,17.20361],[121.09477,17.20411],[121.09867,17.20409],[121.10115,17.2058],[121.10213,17.20716],[121.10305,17.21081],[121.10436,17.2137],[121.10623,17.21428],[121.10743,17.21389],[121.10909,17.2147],[121.11018,17.2188],[121.1102,17.2219],[121.1124,17.22435],[121.11459,17.22527],[121.11522,17.22598],[121.1151,17.22658],[121.11305,17.2289],[121.11333,17.23003],[121.11998,17.23219],[121.12249,17.23448],[121.12418,17.23719],[121.12822,17.24163],[121.12943,17.24247]],[[121.26114,17.40767],[121.2669,17.40674],[121.26891,17.40362],[121.26991,17.4031]],[[121.26991,17.4031],[121.27716,17.40596],[121.28096,17.40592],[121.28178,17.40559],[121.2815,17.40293],[121.28323,17.40125],[121.28457,17.40115],[121.28837,17.40228],[121.29345,17.40115],[121.29404,17.40157],[121.29601,17.40523],[121.29907,17.40593],[121.29975,17.40561],[121.2997,17.40285],[121.3031,17.39962],[121.30553,17.39863],[121.31199,17.39831],[121.31442,17.39736],[121.31643,17.39597],[121.31771,17.39571],[121.32284,17.39655],[121.32926,17.39907],[121.33281,17.39917],[121.33648,17.40156],[121.33869,17.40411],[121.34306,17.40374],[121.35142,17.39882],[121.35796,17.39756],[121.36053,17.39655],[121.36472,17.39744],[121.36656,17.39704],[121.37458,17.39766],[121.37923,17.39958],[121.38209,17.40326],[121.38504,17.40363],[121.38847,17.40279],[121.38987,17.40181],[121.39463,17.39975],[121.4001,17.39244],[121.4012,17.39189],[121.40679,17.39246],[121.40829,17.39307],[121.41038,17.39497],[121.41168,17.3971],[121.41704,17.39916],[121.41822,17.40209]],[[121.43029,17.622],[121.42708,17.62179],[121.42455,17.6211],[121.42365,17.62026],[121.42256,17.61829],[121.42035,17.61745],[121.41927,17.61757],[121.41808,17.61827],[121.41607,17.62039],[121.41543,17.62177],[121.41519,17.62532],[121.41325,17.62807],[121.4122,17.63081],[121.41136,17.64124],[121.40995,17.64589],[121.40978,17.64849],[121.41016,17.65201],[121.41099,17.65346],[121.41202,17.65391],[121.41417,17.65234],[121.41607,17.65153],[121.42283,17.65023],[121.42505,17.6506],[121.42954,17.65412],[121.43039,17.65514],[121.43081,17.65687],[121.43011,17.6609],[121.42588,17.66554],[121.42566,17.66703],[121.42923,17.67173],[121.43232,17.6743],[121.43267,17.67801],[121.43399,17.68323],[121.43449,17.68392],[121.4369,17.68531],[121.44072,17.68579]],[[121.42401,17.41191],[121.42494,17.41265],[121.42761,17.41694]],[[121.44711,17.56173],[121.44218,17.56565],[121.44094,17.56773],[121.44061,17.57007],[121.44099,17.57152],[121.4403,17.57272],[121.44254,17.57589],[121.44235,17.58095],[121.44069,17.58457]],[[121.4552,17.58245],[121.45469,17.58397],[121.45218,17.58697],[121.44806,17.58944],[121.44657,17.58966],[121.44596,17.58867]],[[121.45011,17.49943],[121.45032,17.50092],[121.44961,17.50294],[121.44989,17.50739]],[[121.45011,17.49943],[121.44876,17.50588],[121.44774,17.50863],[121.44873,17.50987],[121.4497,17.5124],[121.45099,17.51336],[121.45204,17.51616],[121.45298,17.52355]],[[121.44709,17.56085],[121.44921,17.56146],[121.45031,17.56253],[121.4506,17.56684],[121.45217,17.57021],[121.45249,17.57403],[121.45379,17.57555],[121.45403,17.57698],[121.45491,17.57827],[121.45593,17.58149]],[[121.44597,17.48222],[121.44646,17.48388],[121.44695,17.48944],[121.44841,17.49429],[121.45006,17.49616],[121.45011,17.49943]],[[121.44751,17.57854],[121.44662,17.57996],[121.44676,17.58424],[121.44626,17.58818]],[[121.44989,17.50739],[121.451,17.5128],[121.45226,17.51526],[121.45317,17.5243],[121.45428,17.5279],[121.45438,17.53189],[121.45157,17.53748],[121.45174,17.54256],[121.45227,17.54454],[121.45202,17.5479],[121.44814,17.55304]],[[120.90947,16.89054],[120.91116,16.89172],[120.91379,16.89115],[120.9146,16.89302],[120.91473,16.89533],[120.91567,16.89593],[120.91602,16.89669],[120.91582,16.89815],[120.91661,16.89885],[120.91442,16.90167],[120.91267,16.90231],[120.91096,16.90357],[120.91054,16.90501],[120.90752,16.90556],[120.90587,16.90635],[120.90565,16.91052],[120.90632,16.91327],[120.90738,16.91417],[120.90798,16.91639],[120.90829,16.91795],[120.90786,16.92025],[120.90951,16.9221],[120.91245,16.9231],[120.91539,16.9239],[120.91614,16.92324],[120.91694,16.92331],[120.91729,16.92479],[120.9171,16.92606],[120.91601,16.92674],[120.91601,16.92726],[120.91876,16.92679],[120.91963,16.92875],[120.92076,16.92861],[120.92187,16.92952],[120.92158,16.9302],[120.92016,16.93064],[120.91927,16.9319],[120.91829,16.93198],[120.91815,16.93312],[120.91986,16.93458],[120.92067,16.93607],[120.92246,16.93607],[120.92292,16.93847],[120.92224,16.93985],[120.92424,16.94093],[120.92581,16.94127],[120.92685,16.94342],[120.92677,16.9442],[120.92565,16.94604],[120.92382,16.94789],[120.92406,16.95118],[120.92185,16.95245],[120.92258,16.9547],[120.92187,16.95537],[120.92174,16.95678],[120.92077,16.95826],[120.92092,16.96003],[120.92178,16.96257],[120.92159,16.96409],[120.92228,16.96745],[120.92433,16.97133],[120.92193,16.97325],[120.92033,16.97728],[120.92033,16.97873],[120.9216,16.98064],[120.92241,16.98447],[120.92174,16.98541],[120.91999,16.98617],[120.91963,16.98726],[120.92189,16.98717],[120.92347,16.98836],[120.92305,16.99175],[120.92196,16.99335],[120.92252,16.99484],[120.92404,16.99623],[120.9236,16.99685],[120.92382,16.99907]],[[120.97975,17.08954],[120.98194,17.09134],[120.98404,17.09449]],[[120.8916,16.85379],[120.89131,16.85455],[120.89071,16.85444],[120.89024,16.85498],[120.89121,16.85625],[120.89125,16.85737],[120.8918,16.85819],[120.89196,16.85927],[120.89158,16.8602],[120.89269,16.86139],[120.89296,16.86314],[120.89439,16.86452]],[[120.89465,16.85093],[120.89468,16.851]],[[120.89468,16.851],[120.89452,16.85191]],[[120.89452,16.85191],[120.89438,16.85245],[120.89244,16.85292],[120.8916,16.85379]],[[120.89468,16.851],[120.89438,16.85168],[120.89452,16.85191]],[[120.89439,16.86452],[120.89454,16.86528],[120.89596,16.86603],[120.89572,16.86927],[120.89646,16.87125],[120.89762,16.87225],[120.89666,16.87343],[120.89631,16.87458],[120.89723,16.87675],[120.89681,16.87887],[120.89574,16.87966],[120.89602,16.88124],[120.89486,16.88292],[120.89491,16.88455],[120.89518,16.88511],[120.89646,16.8856],[120.89633,16.88667],[120.89689,16.88713],[120.89731,16.88898],[120.89833,16.88939],[120.89847,16.89056],[120.89941,16.89111],[120.90063,16.89013],[120.90249,16.89073],[120.90459,16.89039],[120.9061,16.89231],[120.90819,16.89192],[120.90947,16.89054]],[[120.89437,16.84989],[120.89465,16.85093]],[[120.97869,17.08429],[120.97975,17.08954]],[[120.97975,17.08954],[120.98079,17.09345],[120.98156,17.09465],[120.98268,17.09512],[120.98404,17.09449]],[[120.98404,17.09449],[120.98493,17.09489],[120.99069,17.09497],[120.99166,17.09533],[120.99209,17.09608],[120.99205,17.09847],[120.99542,17.10034],[120.99551,17.10267]],[[121.26114,17.40767],[121.26248,17.40565],[121.26401,17.40491],[121.26578,17.40241],[121.26859,17.40231],[121.26991,17.4031]],[[121.44069,17.58457],[121.43924,17.58652],[121.43436,17.58844],[121.43245,17.58993],[121.43303,17.59448],[121.43393,17.59745]],[[121.44626,17.58818],[121.44575,17.5886]],[[121.44575,17.5886],[121.44167,17.58893],[121.43794,17.59045],[121.4355,17.5938],[121.43393,17.59745]],[[121.43393,17.59745],[121.43413,17.60014],[121.43647,17.60734],[121.43629,17.61253],[121.43573,17.61519],[121.43029,17.622]],[[121.44814,17.55304],[121.44759,17.555],[121.44709,17.56085]],[[121.44709,17.56085],[121.44711,17.56173]],[[121.44711,17.56173],[121.4479,17.56599]],[[120.99551,17.10267],[120.99574,17.10322],[120.9967,17.10362],[120.99983,17.10383],[121.00252,17.10537],[121.00511,17.10619],[121.00816,17.10977],[121.01369,17.11011],[121.0151,17.11341],[121.01567,17.11616],[121.02164,17.11595],[121.02213,17.11539],[121.02555,17.11408]],[[121.02555,17.11408],[121.02639,17.11421],[121.02699,17.11496],[121.02716,17.1178],[121.02588,17.12038],[121.02473,17.12106],[121.02447,17.12183],[121.02637,17.12383],[121.0284,17.12396],[121.02958,17.12318],[121.03389,17.12528],[121.03588,17.12483],[121.03648,17.12443],[121.03777,17.12096],[121.03861,17.1198],[121.0393,17.12027],[121.03942,17.12115],[121.03867,17.12258],[121.03857,17.12431],[121.03925,17.12486],[121.0412,17.12528],[121.04141,17.12449],[121.04017,17.12297],[121.04029,17.12192],[121.04239,17.1224],[121.04468,17.12115],[121.04614,17.11977],[121.04719,17.12004],[121.04729,17.12159],[121.04545,17.12383],[121.04594,17.12503],[121.04785,17.12414],[121.05141,17.12419],[121.05175,17.12482],[121.05101,17.12661],[121.05178,17.12902],[121.05298,17.12967],[121.05664,17.1303],[121.05698,17.13083],[121.0569,17.1327],[121.06054,17.1339],[121.06062,17.13455],[121.05949,17.13543],[121.05919,17.13782],[121.05983,17.13942],[121.05973,17.1447],[121.06065,17.14686]],[[121.12943,17.24247],[121.13181,17.24429],[121.13401,17.24687],[121.13443,17.24818],[121.13683,17.24998],[121.13771,17.24999],[121.14132,17.2482],[121.14186,17.24853],[121.14264,17.24984],[121.14286,17.25112],[121.14036,17.25495],[121.1412,17.25724],[121.14196,17.25804],[121.14689,17.26002],[121.1515,17.2637],[121.15269,17.26569],[121.15381,17.26926],[121.15628,17.27372],[121.15797,17.27462],[121.1595,17.27286],[121.1606,17.27255],[121.16244,17.273],[121.16327,17.27374],[121.16412,17.276],[121.16428,17.27773],[121.16062,17.28313],[121.161,17.28445],[121.16084,17.28669],[121.16256,17.28848],[121.16545,17.28908],[121.16799,17.28874],[121.17018,17.29064],[121.16844,17.29448],[121.16716,17.29544],[121.16634,17.29692],[121.17003,17.29866],[121.17189,17.30053],[121.17199,17.30281],[121.17111,17.3044],[121.17012,17.3083],[121.16927,17.30941],[121.16927,17.31134],[121.1695,17.31292],[121.17049,17.31344],[121.17175,17.31585],[121.17271,17.32149],[121.17393,17.32318],[121.17567,17.32462],[121.18188,17.32522],[121.18279,17.32608],[121.18302,17.32783],[121.18369,17.32858],[121.1876,17.32939],[121.19025,17.33089],[121.19082,17.33201],[121.18876,17.33428],[121.18813,17.33591],[121.18775,17.33917],[121.18851,17.3406],[121.18927,17.34105],[121.1933,17.34162],[121.19604,17.34513],[121.19506,17.35571],[121.19385,17.35777],[121.19173,17.35814],[121.1911,17.35881],[121.19199,17.36152],[121.19422,17.36522],[121.19553,17.36579],[121.19757,17.36505],[121.19831,17.3627],[121.1996,17.36132],[121.2011,17.36165],[121.20213,17.36284],[121.20408,17.3637],[121.20521,17.36494],[121.20678,17.368],[121.20817,17.36922],[121.20819,17.3706],[121.20734,17.37371],[121.20772,17.37496],[121.2083,17.37527],[121.20927,17.37476],[121.21129,17.3749],[121.21406,17.37638],[121.21895,17.37616],[121.21951,17.37643],[121.21994,17.37965],[121.22387,17.38412],[121.2256,17.38493],[121.22791,17.38457],[121.22878,17.3864],[121.22758,17.39054],[121.23194,17.39234],[121.23236,17.39294],[121.23236,17.3941]],[[121.42761,17.41694],[121.42784,17.41769],[121.42727,17.42348],[121.42849,17.42795],[121.42839,17.4298],[121.42982,17.43461],[121.43084,17.44116],[121.43126,17.44238],[121.43285,17.44433],[121.43277,17.44702],[121.43507,17.45181],[121.43653,17.45342],[121.4374,17.45581],[121.43835,17.45961],[121.43815,17.46361],[121.43875,17.46441],[121.44448,17.46694],[121.44708,17.47199],[121.44726,17.475],[121.44596,17.47721],[121.44567,17.47868],[121.44597,17.48222]],[[121.41822,17.40209],[121.41874,17.4104],[121.42198,17.41076],[121.42401,17.41191]],[[121.23236,17.3941],[121.23231,17.39641],[121.23295,17.39685],[121.24753,17.40173],[121.24676,17.40313],[121.24849,17.40519],[121.25006,17.4085],[121.25009,17.41095],[121.25149,17.41226],[121.25372,17.41259],[121.25731,17.4093],[121.25956,17.40804],[121.26114,17.40767]],[[121.44477,17.4965],[121.44581,17.49731],[121.44765,17.50134],[121.44747,17.50285],[121.44558,17.50586],[121.44628,17.51197],[121.44666,17.51256],[121.44789,17.51307],[121.45028,17.51576],[121.45065,17.51758],[121.45027,17.52229],[121.45161,17.52438],[121.45309,17.52476]],[[121.45298,17.52355],[121.45309,17.52476]],[[121.45309,17.52476],[121.45331,17.52863],[121.44909,17.53772],[121.44794,17.53935],[121.44703,17.54213],[121.44619,17.54316],[121.44567,17.54526],[121.44633,17.54795],[121.44776,17.55051],[121.44814,17.55304]],[[121.44597,17.48222],[121.4446,17.49004],[121.44377,17.49191],[121.44477,17.4965]],[[121.4479,17.56599],[121.44891,17.56812],[121.44986,17.5718],[121.44751,17.57854]],[[121.45593,17.58149],[121.4552,17.58245]],[[121.4552,17.58245],[121.44986,17.5864],[121.44782,17.58858],[121.44596,17.58867]],[[121.44596,17.58867],[121.44575,17.5886]]]}},{"type":"Feature","properties":{"kind":"river","name":"Comillas River"},"geometry":{"type":"LineString","coordinates":[[120.7605,16.92053],[120.75976,16.9217],[120.75986,16.92231],[120.76139,16.9243],[120.75956,16.92578],[120.75947,16.92687],[120.76026,16.92804]]}},{"type":"Feature","properties":{"kind":"river","name":"Dagara River"},"geometry":{"type":"MultiLineString","coordinates":[[[121.08465,17.93032],[121.08965,17.92731],[121.09274,17.92372],[121.09466,17.92353],[121.09748,17.9269],[121.1011,17.9266],[121.10188,17.92698],[121.10306,17.92855],[121.10546,17.92865],[121.10594,17.92959],[121.10744,17.9309],[121.10641,17.93297],[121.10685,17.9336],[121.10823,17.93375],[121.1082,17.93467],[121.10667,17.93524],[121.10655,17.93611],[121.10782,17.94118],[121.10772,17.94213],[121.10659,17.94313],[121.10723,17.94553],[121.10573,17.94946],[121.10635,17.94968],[121.10751,17.94815],[121.10956,17.94936],[121.11146,17.95273],[121.11356,17.95339],[121.11277,17.95548],[121.11589,17.95703],[121.11498,17.95903],[121.11339,17.9595],[121.11339,17.96056],[121.11471,17.96108],[121.11522,17.96193],[121.11374,17.9636],[121.11205,17.9639],[121.11169,17.96553],[121.11222,17.96639],[121.11068,17.96924],[121.11083,17.97121],[121.1123,17.97286],[121.11428,17.97294],[121.11437,17.97469],[121.11624,17.97497],[121.11635,17.97552],[121.11572,17.9763],[121.11563,17.97841],[121.11511,17.97962],[121.11345,17.97987],[121.1127,17.98262],[121.11445,17.98396],[121.11587,17.98282],[121.11774,17.98264],[121.11906,17.98296],[121.11994,17.98439],[121.12153,17.98561],[121.12057,17.98664],[121.12033,17.98761],[121.12115,17.9889],[121.12228,17.99057],[121.12432,17.991],[121.12534,17.99231],[121.12549,17.99334],[121.12364,17.99753],[121.12341,17.99913],[121.12461,18.00323],[121.12313,18.0048],[121.1224,18.00728],[121.12259,18.00778],[121.12498,18.00967],[121.12614,18.01321],[121.12752,18.01366],[121.13102,18.01238],[121.13187,18.01262],[121.13289,18.01336],[121.13375,18.01596],[121.13517,18.0166],[121.13733,18.01527],[121.13827,18.01282],[121.13944,18.01243],[121.14004,18.013],[121.14004,18.01431],[121.14231,18.01539],[121.14326,18.01693],[121.14488,18.01796],[121.14573,18.01813],[121.1462,18.01719],[121.14674,18.01701],[121.14834,18.01793],[121.14884,18.02048],[121.15,18.02107]],[[121.04612,17.88519],[121.04596,17.88577],[121.04824,17.8868],[121.04763,17.89086],[121.04914,17.89088],[121.04941,17.89147],[121.05083,17.89171],[121.05191,17.89271],[121.05286,17.89181],[121.05318,17.89231],[121.05262,17.89338],[121.05585,17.89513],[121.05558,17.89547],[121.05453,17.89529],[121.05428,17.89716],[121.05458,17.89746],[121.05533,17.89764],[121.05744,17.89685],[121.05834,17.89694],[121.05945,17.89766],[121.06015,17.89976],[121.05858,17.89922],[121.05795,17.89969],[121.05785,17.90048],[121.05893,17.90252],[121.05956,17.9029],[121.06285,17.90338],[121.06219,17.90588],[121.06248,17.90664],[121.06403,17.90682],[121.06638,17.90618],[121.06798,17.90657],[121.0673,17.90921],[121.06812,17.91016],[121.06813,17.91123],[121.06627,17.91216],[121.06567,17.91304],[121.06844,17.91479],[121.06863,17.91768],[121.07113,17.91805],[121.07122,17.91847],[121.06979,17.92033]],[[121.06979,17.92033],[121.0713,17.92184],[121.07116,17.92458],[121.07163,17.92515],[121.07262,17.92497],[121.07329,17.92664],[121.07373,17.92659],[121.07454,17.92519],[121.07585,17.92468],[121.07671,17.92585],[121.07769,17.92609],[121.07926,17.92723],[121.07955,17.92774],[121.0793,17.9288],[121.08128,17.92844],[121.08212,17.92943],[121.08363,17.92896],[121.08418,17.9292],[121.08399,17.93024],[121.08465,17.93032]]]}},{"type":"Feature","properties":{"kind":"river","name":"Damanil River"},"geometry":{"type":"MultiLineString","coordinates":[[[120.8981,17.30502],[120.89813,17.30572],[120.89652,17.30718],[120.89644,17.30869],[120.89607,17.30908],[120.89531,17.30948],[120.89383,17.30951],[120.89265,17.30884],[120.89188,17.30931],[120.89079,17.31088],[120.8914,17.31306],[120.8913,17.31441],[120.89025,17.31504],[120.8897,17.31691],[120.89066,17.3189],[120.89034,17.32017],[120.89122,17.32094],[120.89165,17.3235],[120.89337,17.32535],[120.89312,17.32644],[120.88988,17.3269],[120.88934,17.3278],[120.88802,17.3285],[120.88774,17.32976],[120.88599,17.32988],[120.88468,17.32934],[120.88356,17.33009],[120.88219,17.32988],[120.88077,17.33111],[120.87875,17.3318],[120.87835,17.33229],[120.87768,17.33199],[120.87588,17.33242],[120.87528,17.33373],[120.87459,17.33359],[120.87244,17.33427],[120.872,17.33506],[120.86921,17.33592],[120.86801,17.33711],[120.86754,17.33889],[120.8657,17.33941],[120.86538,17.34078],[120.86386,17.34071],[120.86368,17.34125],[120.86291,17.34126],[120.86258,17.3418],[120.86132,17.34216],[120.86133,17.34399],[120.86001,17.34567],[120.85959,17.34552],[120.85992,17.34447],[120.85883,17.34389],[120.85694,17.3447],[120.8555,17.34358],[120.85417,17.34371],[120.85376,17.34282],[120.85263,17.34356],[120.85309,17.34466],[120.85149,17.34437],[120.85049,17.34471],[120.84976,17.34344],[120.84895,17.34319],[120.84824,17.3434],[120.84772,17.3445],[120.84689,17.345],[120.84639,17.34715],[120.84567,17.34798],[120.8448,17.34743],[120.84397,17.34742],[120.84343,17.34803],[120.84073,17.34739],[120.83814,17.3459],[120.83648,17.34549],[120.83625,17.34387],[120.83396,17.3441],[120.83129,17.3433],[120.82977,17.34183],[120.82858,17.33984],[120.8283,17.3385],[120.82749,17.33797],[120.8262,17.3379],[120.82218,17.339],[120.81862,17.33908],[120.81699,17.33696],[120.81693,17.33555],[120.81533,17.33418],[120.81526,17.33278],[120.81438,17.33083],[120.81254,17.33112],[120.81101,17.33241],[120.80857,17.33103],[120.80581,17.33164],[120.80567,17.33122],[120.80325,17.33095],[120.79948,17.32982],[120.79758,17.32836],[120.79592,17.32816],[120.79428,17.32687],[120.79513,17.32577],[120.7953,17.32174],[120.79497,17.31915]],[[120.79497,17.31915],[120.79178,17.3168],[120.7928,17.3146],[120.79241,17.31353],[120.78888,17.31329],[120.78731,17.31288],[120.7863,17.31201],[120.78394,17.31181],[120.78299,17.312],[120.78188,17.31298],[120.78122,17.31215],[120.77948,17.31179],[120.77796,17.31353],[120.77658,17.31737],[120.77593,17.31747],[120.77495,17.31554],[120.77421,17.31527],[120.76831,17.31593],[120.76594,17.31576],[120.76198,17.3141],[120.76079,17.31433],[120.75923,17.31609],[120.75542,17.31361],[120.75522,17.31302],[120.75573,17.31151],[120.75547,17.31118],[120.75266,17.30973],[120.75227,17.30872],[120.75336,17.30639],[120.75053,17.30478],[120.74819,17.30454],[120.74896,17.30359],[120.75032,17.30319],[120.75059,17.30226],[120.75001,17.30145],[120.74868,17.301],[120.74339,17.30176],[120.74288,17.30119],[120.74279,17.29955],[120.74229,17.29941],[120.74155,17.29951],[120.74004,17.30153],[120.73938,17.30169],[120.73739,17.30165],[120.73584,17.30059],[120.73513,17.30064],[120.73374,17.30354],[120.73371,17.30655],[120.73226,17.30737],[120.72764,17.30717],[120.72253,17.308],[120.7213,17.30752],[120.71866,17.30848],[120.71667,17.30986],[120.71351,17.30734],[120.70992,17.3087],[120.70594,17.30944],[120.70288,17.3074],[120.70076,17.30733],[120.69943,17.30848],[120.69731,17.31185],[120.69641,17.31237]]]}},{"type":"Feature","properties":{"kind":"river","name":"Ducligan River"},"geometry":{"type":"MultiLineString","coordinates":[[[121.16718,16.90058],[121.16719,16.89984],[121.16858,16.89925],[121.1703,16.90022],[121.17113,16.90015],[121.17145,16.89939],[121.17107,16.8987],[121.17012,16.89844],[121.17011,16.8978],[121.17086,16.89733],[121.17324,16.8974],[121.17374,16.89711],[121.17393,16.89585],[121.17258,16.89391],[121.17264,16.89324],[121.17322,16.89269],[121.17489,16.89257],[121.17681,16.89182],[121.17691,16.89084],[121.17632,16.88974],[121.17698,16.88912]],[[121.17698,16.88912],[121.1784,16.88935],[121.17954,16.89009],[121.18116,16.88947],[121.18258,16.89131],[121.18358,16.89155],[121.18435,16.89133],[121.18482,16.89028],[121.18437,16.88964],[121.18455,16.88871],[121.18564,16.88854],[121.18679,16.89055],[121.18731,16.89064],[121.18821,16.89],[121.18778,16.88812],[121.18869,16.88796],[121.18963,16.88867],[121.18966,16.88974],[121.18889,16.89089],[121.18937,16.89184],[121.18995,16.89209],[121.19127,16.89156],[121.19101,16.89066],[121.19228,16.88941],[121.19178,16.88798],[121.19202,16.88761],[121.19964,16.88819]]]}},{"type":"Feature","properties":{"kind":"river","name":"Eddet River"},"geometry":{"type":"MultiLineString","coordinates":[[[120.90213,16.61525],[120.90086,16.61554],[120.89988,16.6167],[120.89849,16.61674],[120.8969,16.61778],[120.89648,16.61892],[120.89334,16.61979],[120.89211,16.62073],[120.88957,16.62022],[120.88742,16.61871],[120.88692,16.61922],[120.88378,16.61968],[120.88324,16.61915],[120.88335,16.61858],[120.88201,16.618],[120.8809,16.61821],[120.87707,16.61516],[120.87552,16.61608],[120.87461,16.61567],[120.87275,16.61562],[120.8714,16.61492],[120.87016,16.61303],[120.86856,16.61254],[120.86851,16.61167],[120.86659,16.61026],[120.8664,16.60874],[120.86532,16.60775],[120.86522,16.6069],[120.86396,16.6055],[120.86411,16.60452]],[[120.89728,16.58346],[120.89598,16.5824],[120.89493,16.58255],[120.89451,16.58143],[120.8936,16.58175],[120.89313,16.58144],[120.89198,16.58239],[120.892,16.58296],[120.8901,16.58454],[120.89046,16.58497],[120.8898,16.58544],[120.8902,16.58624],[120.89068,16.58629],[120.89075,16.5876],[120.88932,16.58822],[120.88893,16.58742],[120.88825,16.58736],[120.88822,16.58676],[120.88487,16.58858],[120.88314,16.58845],[120.88214,16.5898],[120.88149,16.58927],[120.88074,16.58932],[120.88039,16.59059],[120.87962,16.59097],[120.87883,16.59252],[120.87796,16.59321],[120.87699,16.59323],[120.87517,16.59625],[120.87364,16.59609],[120.87347,16.59495],[120.87268,16.59431],[120.87239,16.5934],[120.87001,16.59435],[120.86855,16.59426],[120.86792,16.59483],[120.86775,16.59573],[120.86812,16.59661],[120.86756,16.59699],[120.86816,16.59802],[120.86645,16.59957],[120.86676,16.60075],[120.86587,16.60376],[120.86411,16.60452]],[[120.86411,16.60452],[120.86283,16.60325],[120.86186,16.60334],[120.86154,16.60486],[120.86058,16.60517],[120.8597,16.60629],[120.85783,16.60517],[120.85654,16.60582],[120.85546,16.60488],[120.8527,16.60491],[120.85236,16.60416],[120.85156,16.60368],[120.85119,16.60249],[120.84902,16.60073],[120.84846,16.59981],[120.84664,16.59957],[120.84509,16.59887],[120.84438,16.59811],[120.84456,16.5969],[120.84358,16.59512],[120.84349,16.59338],[120.84215,16.59256],[120.84091,16.59051],[120.84026,16.59021],[120.84017,16.58751],[120.83919,16.58599],[120.83803,16.5863],[120.83448,16.58593]]]}},{"type":"Feature","properties":{"kind":"river","name":"Elew River"},"geometry":{"type":"LineString","coordinates":[[120.54642,16.43676],[120.5453,16.43557],[120.54508,16.43449]]}},{"type":"Feature","properties":{"kind":"river","name":"Fugu River"},"geometry":{"type":"LineString","coordinates":[[121.31803,17.66074],[121.31821,17.66112],[121.32095,17.66134],[121.3209,17.66247],[121.32205,17.66299],[121.32173,17.6639],[121.3222,17.66572],[121.32289,17.66655],[121.32268,17.6675],[121.32367,17.66787],[121.32432,17.66867],[121.32465,17.67323],[121.32562,17.67348],[121.3263,17.67306],[121.32722,17.67419],[121.32613,17.67459],[121.32561,17.67668],[121.3261,17.67778],[121.32475,17.67899],[121.3253,17.68079],[121.32433,17.68282],[121.32464,17.68487],[121.32406,17.68583],[121.32468,17.68663],[121.32421,17.68793],[121.3246,17.68928],[121.32574,17.69089],[121.32519,17.69402],[121.32604,17.69486],[121.32595,17.69571],[121.32619,17.69602],[121.32717,17.69565],[121.32881,17.69645],[121.32788,17.69783],[121.3273,17.69996],[121.3272,17.70174],[121.32822,17.70246],[121.32773,17.70364],[121.32868,17.70626],[121.33191,17.70946],[121.33093,17.71072],[121.32945,17.71167],[121.32964,17.71572],[121.32797,17.71695],[121.32945,17.71935],[121.32928,17.72102],[121.33051,17.721],[121.33103,17.72061],[121.33378,17.72109],[121.33575,17.72044],[121.33674,17.72186],[121.33739,17.72192],[121.33771,17.72137],[121.33723,17.71974],[121.33912,17.71941],[121.34005,17.71999],[121.33964,17.72216],[121.34031,17.72358],[121.33995,17.72386],[121.33851,17.72337],[121.33956,17.72526],[121.33809,17.7265],[121.33947,17.72777],[121.3394,17.72823],[121.33821,17.72904],[121.33738,17.73042],[121.33815,17.73173],[121.33731,17.73306],[121.33885,17.73416],[121.33779,17.73537],[121.33668,17.73561],[121.33605,17.7351],[121.33622,17.73386],[121.33552,17.73417],[121.33546,17.73627],[121.33611,17.73713],[121.33424,17.73805],[121.33428,17.73884],[121.33513,17.73961],[121.33493,17.73982],[121.33439,17.73999],[121.33358,17.73917],[121.33223,17.73897],[121.33213,17.73977],[121.33303,17.74075],[121.33515,17.74092],[121.33465,17.74185],[121.33403,17.74173],[121.33283,17.74232],[121.33222,17.7419],[121.33183,17.74244],[121.33178,17.74293],[121.33334,17.74361],[121.33269,17.74464],[121.33398,17.74476],[121.33443,17.74526],[121.33278,17.74565],[121.33062,17.74762],[121.33236,17.74994],[121.32978,17.74924],[121.32898,17.74958],[121.32856,17.75036],[121.32869,17.75067],[121.33077,17.75079],[121.33187,17.75133],[121.33172,17.75175],[121.33035,17.75178],[121.33018,17.75213],[121.33137,17.75429],[121.32949,17.75439],[121.32871,17.75568],[121.32796,17.75586],[121.32917,17.75764],[121.33021,17.75804],[121.33018,17.76005],[121.33107,17.76054],[121.33206,17.76011],[121.33147,17.7615],[121.33175,17.76271]]}},{"type":"Feature","properties":{"kind":"river","name":"Galiano River"},"geometry":{"type":"MultiLineString","coordinates":[[[120.56456,16.40187],[120.56294,16.40201],[120.56127,16.40318],[120.55843,16.40312],[120.55649,16.40466],[120.5554,16.40498],[120.55442,16.40619],[120.55266,16.40647],[120.55079,16.40928],[120.54946,16.41006],[120.54848,16.41131],[120.54874,16.41155]],[[120.57162,16.40596],[120.5684,16.40377],[120.56863,16.40331],[120.56791,16.40229],[120.56751,16.40276],[120.56594,16.40155],[120.56456,16.40187]],[[120.57214,16.4103],[120.57198,16.40922]],[[120.57257,16.40834],[120.57282,16.40738]],[[120.57248,16.40844],[120.57257,16.40834]],[[120.57277,16.40727],[120.57162,16.40596]],[[120.57282,16.40738],[120.57277,16.40727]],[[120.53384,16.41735],[120.53127,16.4177],[120.52871,16.41714],[120.52677,16.41896],[120.52507,16.41839],[120.52372,16.41709],[120.52224,16.41842],[120.52123,16.41798]],[[120.53533,16.41752],[120.53435,16.41722],[120.53384,16.41735]],[[120.5407,16.41479],[120.53899,16.41509],[120.53814,16.41598],[120.53573,16.41699]],[[120.54874,16.41155],[120.54757,16.41192],[120.5465,16.41175],[120.54411,16.41374],[120.5407,16.41479]],[[120.53573,16.41699],[120.53533,16.41752]],[[120.57198,16.40922],[120.57199,16.40901]],[[120.57199,16.40901],[120.57248,16.40844]]]}},{"type":"Feature","properties":{"kind":"river","name":"Gayasi River"},"geometry":{"type":"LineString","coordinates":[[120.5643,16.46657],[120.5658,16.46679],[120.56652,16.46735],[120.56743,16.46592],[120.56842,16.46649],[120.56921,16.4655],[120.57097,16.46542],[120.57235,16.46557],[120.57483,16.46664],[120.57515,16.46863],[120.57778,16.47045],[120.57791,16.47154],[120.57992,16.47215],[120.57973,16.47341]]}},{"type":"Feature","properties":{"kind":"river","name":"Guiddam River"},"geometry":{"type":"MultiLineString","coordinates":[[[121.48601,18.25429],[121.48594,18.25449]],[[121.48376,18.2605],[121.48297,18.26038],[121.48285,18.2613],[121.4823,18.26137],[121.48317,18.26213]],[[121.4829,18.26289],[121.48212,18.26309],[121.48218,18.26347],[121.48269,18.26346]],[[121.47013,18.29125],[121.47233,18.29409],[121.4738,18.29413]],[[121.46922,18.28782],[121.46873,18.28845],[121.46809,18.28819],[121.46796,18.28853],[121.47013,18.29125]],[[121.49129,18.23278],[121.49131,18.23336]],[[121.49134,18.23438],[121.4903,18.23456],[121.49085,18.23684],[121.49021,18.23688],[121.48975,18.23644],[121.48956,18.23694],[121.48983,18.23758],[121.49072,18.23814],[121.49143,18.23711]]]}},{"type":"Feature","properties":{"kind":"river","name":"Guilong Creek"},"geometry":{"type":"MultiLineString","coordinates":[[[120.78622,16.88503],[120.78587,16.88692],[120.78635,16.88794],[120.78739,16.88857],[120.78742,16.88977],[120.78665,16.89072],[120.78513,16.89081],[120.78466,16.8917],[120.78624,16.89227],[120.78624,16.89276],[120.78516,16.89383],[120.78193,16.89464],[120.78231,16.89682],[120.78189,16.89735],[120.78045,16.89719],[120.78017,16.8975],[120.78026,16.89934],[120.77979,16.9],[120.78069,16.90078],[120.77918,16.9012],[120.77862,16.90252],[120.77713,16.90333],[120.77654,16.90468],[120.7755,16.90513],[120.7751,16.90639],[120.77288,16.90883],[120.77112,16.90949],[120.77067,16.91119]],[[120.77067,16.91119],[120.76955,16.91373],[120.76994,16.91538],[120.76896,16.91643],[120.76849,16.91765],[120.76391,16.91867],[120.76344,16.91911],[120.76375,16.92027],[120.76324,16.92112],[120.7623,16.92123],[120.7605,16.92053]]]}},{"type":"Feature","properties":{"kind":"river","name":"Hapao-Ibulao"},"geometry":{"type":"LineString","coordinates":[[120.98348,16.86733],[120.98509,16.86767],[120.98731,16.86575],[120.98839,16.86568],[120.98935,16.86729],[120.99275,16.8679],[120.99308,16.87034],[120.99446,16.87079],[120.99509,16.87029],[120.99566,16.8704],[120.9979,16.87267],[120.99821,16.87358],[121.00184,16.87496],[121.00244,16.87553],[121.00265,16.87672],[121.00384,16.87776],[121.00421,16.879],[121.0045,16.87938],[121.00549,16.87937],[121.00678,16.88225],[121.00797,16.88295],[121.00787,16.88547],[121.00929,16.88758],[121.01069,16.88882],[121.01072,16.88945],[121.00984,16.89005],[121.01224,16.89313],[121.01258,16.89583],[121.01328,16.89672],[121.01439,16.89647],[121.0161,16.90083],[121.01637,16.90111],[121.01715,16.90088],[121.01791,16.90159],[121.01792,16.90336],[121.02025,16.90387],[121.02107,16.90442],[121.02121,16.90621],[121.02376,16.90476],[121.02446,16.90382],[121.0244,16.90143],[121.02607,16.90099],[121.02588,16.89819],[121.02676,16.89652],[121.02604,16.89496],[121.02495,16.89444],[121.02445,16.89261],[121.02549,16.89105],[121.0244,16.8886],[121.02574,16.88822],[121.02627,16.88762],[121.02561,16.88518],[121.02589,16.88412],[121.02487,16.87776],[121.025,16.87736],[121.02588,16.8771],[121.02553,16.87598],[121.02832,16.87385],[121.028,16.87128],[121.02832,16.8675],[121.02863,16.86701],[121.03074,16.86655],[121.03117,16.86599],[121.03104,16.86408],[121.03182,16.86343],[121.03136,16.86179],[121.03227,16.86147],[121.03267,16.86013],[121.03587,16.85672],[121.03621,16.85531],[121.03757,16.85453],[121.03806,16.85374],[121.03976,16.85324],[121.04005,16.85255],[121.03976,16.85036],[121.04028,16.84956],[121.04169,16.84907],[121.04288,16.8476],[121.04283,16.84572],[121.04391,16.84388],[121.04369,16.84228],[121.04403,16.84175],[121.04601,16.84052],[121.04878,16.84007],[121.04902,16.83817],[121.05302,16.8346],[121.05293,16.83234],[121.05324,16.83168],[121.05458,16.8313],[121.05538,16.83028],[121.05685,16.83132],[121.05958,16.83182],[121.06074,16.83084],[121.06203,16.82715],[121.06287,16.82607],[121.0661,16.82565],[121.06626,16.82359],[121.06938,16.82265],[121.07014,16.81966],[121.07113,16.81997],[121.07221,16.81976],[121.07218,16.81874],[121.07285,16.81808],[121.07407,16.81261],[121.07382,16.81042]]}},{"type":"Feature","properties":{"kind":"river","name":"Hingyon - Burnay River"},"geometry":{"type":"LineString","coordinates":[[121.07874,16.87742],[121.07923,16.87598],[121.07986,16.87591],[121.08078,16.87468],[121.0812,16.87481],[121.08142,16.87378],[121.08273,16.8728],[121.08225,16.87155],[121.08262,16.87105],[121.08208,16.87031],[121.08299,16.86987],[121.08282,16.86867],[121.08374,16.86823],[121.08505,16.86867],[121.08616,16.86836],[121.08665,16.86789],[121.08634,16.86668],[121.08657,16.86587],[121.08792,16.86588],[121.08867,16.86662],[121.08958,16.86654],[121.08978,16.86521],[121.09092,16.86537],[121.09158,16.86501],[121.09155,16.86392],[121.09311,16.86497],[121.09382,16.86441],[121.09482,16.8644],[121.09557,16.86218],[121.09658,16.86138],[121.09739,16.86138],[121.09768,16.86069],[121.09686,16.85958],[121.09737,16.85846],[121.097,16.8581],[121.09715,16.85699],[121.09675,16.85642],[121.09763,16.85488],[121.09598,16.85312],[121.09665,16.85247],[121.09603,16.85124],[121.09809,16.84965],[121.09731,16.84876],[121.09715,16.84743],[121.09892,16.84788],[121.09951,16.84559],[121.09888,16.84414],[121.0994,16.84335],[121.0993,16.84275],[121.09798,16.83919],[121.0985,16.83657],[121.09772,16.83469],[121.0971,16.83423],[121.09836,16.83416],[121.09827,16.83351],[121.09905,16.83251],[121.09994,16.83229],[121.10099,16.83111],[121.10182,16.83083],[121.10326,16.8287],[121.10377,16.82657],[121.10501,16.82617],[121.10527,16.82526],[121.10636,16.82425],[121.10655,16.82314],[121.10697,16.82295],[121.10767,16.82356],[121.10868,16.82329],[121.11073,16.82351],[121.11433,16.82284],[121.11328,16.82158],[121.11426,16.81945],[121.11572,16.81882],[121.11764,16.81698],[121.11977,16.81566],[121.12292,16.81754],[121.12336,16.81851],[121.12494,16.81933],[121.12536,16.81919],[121.12569,16.81788],[121.1272,16.81805],[121.12746,16.8184],[121.12678,16.82016],[121.12822,16.82024],[121.12858,16.81984],[121.12893,16.81679],[121.13076,16.81712],[121.13057,16.81581],[121.13107,16.81541],[121.13195,16.81642],[121.13305,16.81662],[121.13358,16.81622],[121.13421,16.81466]]}},{"type":"Feature","properties":{"kind":"river","name":"Ibulao River"},"geometry":{"type":"MultiLineString","coordinates":[[[121.24473,16.71294],[121.24864,16.71117],[121.25334,16.70795],[121.25332,16.70532],[121.25502,16.70391],[121.25534,16.70232],[121.25683,16.69997],[121.25803,16.69981],[121.26143,16.69657],[121.2635,16.69392],[121.26735,16.69109],[121.26875,16.68712],[121.26918,16.68461],[121.27252,16.68254],[121.27361,16.68291],[121.27427,16.68241],[121.27519,16.68035],[121.27757,16.67808],[121.27735,16.67658],[121.27839,16.67532],[121.28239,16.67411],[121.28424,16.67424],[121.28652,16.67059],[121.2873,16.67065],[121.28812,16.66996],[121.28961,16.6697],[121.2909,16.67016]],[[121.07382,16.81042],[121.07494,16.8097],[121.07382,16.80833],[121.07401,16.80754],[121.07625,16.80478],[121.07731,16.80266],[121.07834,16.80182],[121.082,16.80427],[121.08444,16.80376],[121.08762,16.80537],[121.0901,16.80505],[121.09091,16.80534],[121.09432,16.8107],[121.09561,16.81164],[121.09631,16.81168],[121.10123,16.80887],[121.10458,16.80494],[121.10938,16.80383],[121.10953,16.80226],[121.11079,16.80079],[121.11193,16.79835],[121.1129,16.79379],[121.1147,16.79171],[121.11894,16.78895],[121.11945,16.7863],[121.12283,16.78277],[121.12527,16.78216],[121.12808,16.78306],[121.12965,16.78404],[121.13213,16.78437],[121.1371,16.78174],[121.13754,16.7787],[121.13877,16.77801],[121.13976,16.77817],[121.14097,16.7791],[121.14281,16.78166],[121.14403,16.78192],[121.14659,16.78138],[121.1492,16.77761],[121.15203,16.77615],[121.15348,16.77278],[121.15455,16.77273],[121.15679,16.77137],[121.15984,16.76733],[121.16053,16.76475],[121.16164,16.76308],[121.16096,16.76119],[121.16138,16.75906],[121.16224,16.75741],[121.15993,16.7547],[121.16125,16.75373],[121.16226,16.75096],[121.16228,16.75028],[121.16067,16.74887],[121.16112,16.7478],[121.16105,16.74562],[121.16261,16.74263],[121.1658,16.74118],[121.16729,16.74144],[121.17401,16.74616],[121.17498,16.74691],[121.17537,16.74811],[121.17858,16.75013],[121.1801,16.75187],[121.18312,16.75299],[121.18449,16.75515],[121.18627,16.75572],[121.1889,16.75523],[121.19149,16.75635],[121.19251,16.75724],[121.19362,16.7591],[121.19591,16.76014],[121.19941,16.75993],[121.20025,16.75952],[121.20164,16.75973],[121.20375,16.75787],[121.20701,16.75786],[121.20992,16.75894],[121.21358,16.75879],[121.21568,16.75754],[121.21727,16.75553],[121.22156,16.75807],[121.2244,16.7582],[121.22554,16.75787],[121.22626,16.75692],[121.22613,16.75571],[121.2276,16.75373],[121.22785,16.75298],[121.22756,16.75219],[121.22957,16.74643],[121.2318,16.74528],[121.23517,16.74538],[121.23761,16.74589],[121.24101,16.74338],[121.24349,16.74219],[121.24282,16.7392],[121.24354,16.73675],[121.24541,16.73376],[121.24558,16.73191],[121.24519,16.73093],[121.2436,16.72951],[121.24515,16.72536],[121.24448,16.72397],[121.24416,16.7215],[121.24192,16.71841],[121.2414,16.71702],[121.24278,16.71462],[121.24473,16.71294]]]}},{"type":"Feature","properties":{"kind":"river","name":"Ikmin River"},"geometry":{"type":"LineString","coordinates":[[120.98167,17.40163],[120.97684,17.40218],[120.97641,17.40175],[120.9745,17.40185],[120.97356,17.40122],[120.97191,17.4012],[120.97095,17.40268],[120.96894,17.40362],[120.96234,17.4004],[120.96222,17.3992],[120.96114,17.39887],[120.95625,17.39848],[120.95406,17.39971],[120.95177,17.39994],[120.9468,17.39762],[120.94569,17.39521],[120.94521,17.3952],[120.94372,17.39664],[120.94175,17.39559],[120.94023,17.39739],[120.93759,17.39632],[120.93709,17.39721],[120.93584,17.39773],[120.93417,17.39747],[120.93196,17.39804],[120.93094,17.39778],[120.93037,17.39886],[120.92716,17.39665],[120.92511,17.39626],[120.92307,17.3946],[120.92136,17.39425],[120.91913,17.3949],[120.91847,17.39438],[120.91855,17.39383],[120.91804,17.39362],[120.91621,17.39466],[120.91311,17.39436],[120.91149,17.3949],[120.90938,17.39393],[120.90872,17.39228],[120.90794,17.39172],[120.90633,17.39127],[120.9039,17.39136],[120.90359,17.3909],[120.89888,17.38965],[120.89708,17.3899],[120.8959,17.38956],[120.89479,17.3906],[120.89313,17.39119],[120.88993,17.38955],[120.88697,17.39006],[120.8828,17.387],[120.88227,17.38537],[120.88268,17.38412],[120.88255,17.38313],[120.88148,17.38228],[120.87848,17.3832],[120.87646,17.38201],[120.87155,17.38157],[120.87124,17.38029],[120.87165,17.37863],[120.86835,17.37689],[120.86735,17.37396],[120.86508,17.3724],[120.86423,17.37245],[120.8633,17.37427],[120.86015,17.37482],[120.85512,17.37331],[120.84814,17.37256],[120.84703,17.37328],[120.8444,17.37393],[120.84125,17.37781],[120.83771,17.37638],[120.83327,17.37555],[120.82998,17.37665],[120.82572,17.37912],[120.82218,17.38024],[120.82023,17.38236],[120.81929,17.38239],[120.81668,17.38126],[120.81395,17.38191],[120.80806,17.38201],[120.80685,17.38138],[120.80686,17.38078],[120.80861,17.37955],[120.80839,17.37926],[120.8049,17.37958],[120.80414,17.37885],[120.80274,17.37917],[120.80041,17.37858],[120.7979,17.37926],[120.79571,17.38072],[120.79203,17.38183],[120.79116,17.38424],[120.78982,17.38501],[120.78848,17.38643],[120.78678,17.3901],[120.7885,17.39094],[120.78838,17.39297],[120.78909,17.39438],[120.78784,17.3952],[120.78773,17.39567],[120.78853,17.39816],[120.78755,17.39854],[120.7859,17.39842],[120.78489,17.4008],[120.7827,17.40352],[120.78275,17.4047],[120.78381,17.40619],[120.78056,17.40774],[120.78071,17.41052],[120.77742,17.41144],[120.77547,17.41067],[120.77496,17.41153],[120.77404,17.41169],[120.77346,17.41141],[120.77359,17.41084],[120.77303,17.40968],[120.7725,17.40964],[120.77173,17.41084],[120.76921,17.4121],[120.7681,17.41399],[120.76641,17.41566],[120.76361,17.41565],[120.76208,17.41661],[120.76019,17.4158],[120.75856,17.41573],[120.75648,17.41754],[120.75527,17.4192],[120.7526,17.42381],[120.75205,17.42665],[120.75153,17.42729],[120.74481,17.43238],[120.74066,17.43299],[120.74058,17.4334],[120.74187,17.43414],[120.74318,17.43561],[120.75023,17.43902],[120.75154,17.44154],[120.7512,17.44243],[120.75053,17.44283],[120.74817,17.44282],[120.74566,17.44433],[120.74702,17.447],[120.74874,17.44843],[120.74828,17.44944],[120.74692,17.44943],[120.74547,17.44788],[120.74291,17.44834]]}},{"type":"Feature","properties":{"kind":"river","name":"Inakang River"},"geometry":{"type":"LineString","coordinates":[[120.90202,17.04646],[120.90317,17.04573],[120.90413,17.0445],[120.90566,17.0444],[120.90544,17.04311],[120.90572,17.04277],[120.90754,17.04409],[120.90789,17.04251],[120.90868,17.04271],[120.91021,17.04181],[120.91085,17.04177],[120.91171,17.04236],[120.91336,17.04195],[120.91513,17.04264],[120.91748,17.04113],[120.91892,17.03816],[120.91985,17.03768],[120.92078,17.03774],[120.92164,17.03678],[120.92267,17.03691],[120.92317,17.03836],[120.92422,17.03951],[120.92568,17.03989],[120.926,17.04208],[120.93065,17.04362],[120.93239,17.04472],[120.93528,17.0443],[120.93591,17.04457]]}},{"type":"Feature","properties":{"kind":"river","name":"Kadaclan-Siffu River"},"geometry":{"type":"MultiLineString","coordinates":[[[121.33764,17.09323],[121.33817,17.09445],[121.34087,17.09702],[121.3428,17.09998],[121.34363,17.10057],[121.34481,17.10012],[121.34618,17.09753],[121.34703,17.0968],[121.35109,17.09643],[121.35659,17.09676],[121.35716,17.09641],[121.35726,17.09504],[121.35552,17.09305],[121.35527,17.09187],[121.35568,17.08972],[121.35633,17.08894],[121.35731,17.08871],[121.36021,17.08971],[121.36367,17.08985],[121.36377,17.09079],[121.36433,17.09121],[121.36645,17.09071],[121.36916,17.09232],[121.36918,17.09308],[121.3716,17.09549],[121.37688,17.09828],[121.37829,17.09702],[121.3799,17.09658],[121.38358,17.09925],[121.38482,17.09913],[121.38566,17.09849],[121.38639,17.09372],[121.38784,17.09293],[121.39023,17.09232],[121.39325,17.09213],[121.39737,17.09394],[121.40503,17.09454],[121.40573,17.09434],[121.40685,17.09239],[121.40764,17.09224],[121.41027,17.0931],[121.41222,17.09211],[121.41479,17.0921],[121.41572,17.09255],[121.41603,17.09337],[121.41577,17.10108],[121.41696,17.10516],[121.41937,17.10635],[121.42171,17.10664],[121.42676,17.10314],[121.42812,17.10311],[121.43096,17.1077],[121.432,17.10877],[121.43269,17.11156],[121.43406,17.11337],[121.43887,17.11517],[121.44299,17.11911],[121.44763,17.12059],[121.45075,17.11976],[121.45061,17.11848],[121.45136,17.11738],[121.45612,17.1188],[121.46223,17.11816],[121.46437,17.11469],[121.46771,17.10445],[121.46908,17.10253],[121.47023,17.1018],[121.47166,17.10352],[121.47673,17.10633],[121.47813,17.10652],[121.48141,17.10587],[121.48326,17.10601],[121.48436,17.1068],[121.48488,17.10808],[121.48453,17.10943],[121.48299,17.11058],[121.47904,17.11074],[121.47807,17.11134],[121.47853,17.11435],[121.48041,17.11771],[121.48048,17.11864],[121.47544,17.11997],[121.46996,17.12237],[121.46923,17.12678],[121.47047,17.13004],[121.47231,17.1297],[121.47411,17.12789],[121.47551,17.12459],[121.47629,17.12415],[121.47713,17.12434],[121.47938,17.126],[121.48041,17.12748],[121.48076,17.13437],[121.48213,17.13535],[121.48728,17.13748],[121.48829,17.13844],[121.4975,17.13445],[121.50004,17.12961],[121.50003,17.12763],[121.50082,17.12732],[121.50481,17.12932],[121.50689,17.13141],[121.50761,17.13319],[121.50718,17.13463],[121.50617,17.13583],[121.50223,17.1377],[121.50147,17.13908],[121.50127,17.14097],[121.50164,17.1424],[121.5026,17.14299],[121.50631,17.14124],[121.50773,17.142],[121.51193,17.14195],[121.51329,17.14148],[121.51768,17.14363],[121.51876,17.14456],[121.51957,17.14456],[121.52066,17.14354],[121.52075,17.14112],[121.51978,17.13977],[121.51901,17.13753],[121.51822,17.13686],[121.51502,17.13655],[121.5135,17.13448],[121.51395,17.13353],[121.516,17.13378],[121.51723,17.13171],[121.51899,17.13011],[121.51935,17.12568],[121.521,17.12488],[121.5236,17.12431],[121.52435,17.12312],[121.52402,17.12059],[121.52316,17.11895],[121.52316,17.11747],[121.52402,17.1155],[121.52556,17.11534],[121.52708,17.11766],[121.52888,17.11796],[121.53085,17.11895],[121.53558,17.11852],[121.538,17.1187],[121.5385,17.11801],[121.53761,17.11685],[121.53528,17.11675],[121.53243,17.11419],[121.53122,17.11235],[121.53148,17.11171],[121.53252,17.11127],[121.53398,17.11142],[121.53452,17.11062],[121.53751,17.10881],[121.53815,17.1088],[121.54063,17.1098],[121.54113,17.11201],[121.54229,17.11296],[121.54436,17.1136],[121.54465,17.11457],[121.54599,17.11566],[121.54638,17.11876],[121.54913,17.1194],[121.55025,17.12074],[121.54911,17.12366],[121.54905,17.12653],[121.55003,17.12725],[121.55337,17.12746],[121.55509,17.12797],[121.55802,17.12959],[121.56525,17.13553],[121.56791,17.13716]],[[121.26227,17.07026],[121.2643,17.06808],[121.2667,17.06937],[121.26922,17.06852],[121.26964,17.06909],[121.26918,17.07099],[121.26943,17.07164],[121.27105,17.07257],[121.272,17.07444],[121.27305,17.07382],[121.27308,17.07204],[121.2739,17.07136],[121.27481,17.07234],[121.27481,17.07327],[121.27534,17.07385],[121.27764,17.07189],[121.2783,17.07363],[121.27961,17.07283],[121.28393,17.07455],[121.28651,17.07096],[121.28742,17.07113],[121.28918,17.07297],[121.28942,17.07242],[121.28882,17.07],[121.29,17.06939],[121.29138,17.06925],[121.29297,17.0707],[121.29562,17.07125],[121.29797,17.07],[121.30003,17.07024],[121.30255,17.06965],[121.30425,17.0705],[121.30496,17.07033],[121.30564,17.06885],[121.30652,17.06808],[121.31069,17.06686],[121.3115,17.06693],[121.31198,17.06745],[121.31133,17.06857],[121.31167,17.07022],[121.3123,17.07022],[121.31375,17.06891],[121.31453,17.0688],[121.31691,17.07007],[121.31731,17.07237],[121.31946,17.07238],[121.31954,17.07341],[121.31845,17.07396],[121.31854,17.07497],[121.32138,17.07889],[121.32293,17.0785],[121.32504,17.07977],[121.32694,17.07934],[121.32784,17.07952],[121.32886,17.08101],[121.33072,17.08194],[121.33602,17.0865],[121.3384,17.09059],[121.33764,17.09323]]]}},{"type":"Feature","properties":{"kind":"river","name":"Karagawan River"},"geometry":{"type":"MultiLineString","coordinates":[[[121.13096,17.84303],[121.13092,17.84391],[121.13204,17.8441],[121.13165,17.84588],[121.13115,17.84648],[121.13108,17.84901],[121.13157,17.85197],[121.13118,17.85216],[121.13065,17.85191],[121.13062,17.85134],[121.1298,17.85128],[121.12986,17.85328],[121.12812,17.85428],[121.12763,17.85497],[121.12772,17.85535],[121.12917,17.85557],[121.12832,17.85663],[121.1269,17.85732],[121.12795,17.85785],[121.12779,17.8587],[121.12841,17.85961],[121.1269,17.86026],[121.12772,17.8617],[121.12676,17.86233],[121.12696,17.86364],[121.12662,17.8644],[121.12742,17.86634],[121.12646,17.86822],[121.12715,17.87082],[121.12823,17.87162],[121.12686,17.87329],[121.12741,17.87483],[121.12669,17.87677],[121.12817,17.87636],[121.12899,17.87786],[121.13054,17.87808],[121.12886,17.8795],[121.12869,17.88032],[121.13001,17.88139],[121.12892,17.88311],[121.12905,17.88364],[121.13027,17.88392],[121.12961,17.88502],[121.12955,17.88606],[121.12992,17.88649],[121.13225,17.88617],[121.13295,17.88658],[121.13262,17.88751],[121.13102,17.8879],[121.13148,17.88887],[121.13341,17.88912],[121.13382,17.88983],[121.13537,17.88867],[121.13533,17.89013],[121.13447,17.89086],[121.13484,17.89278],[121.13674,17.89432],[121.13753,17.89414],[121.13757,17.89503],[121.13701,17.89556],[121.13751,17.89578],[121.13835,17.89542],[121.13854,17.89668],[121.13918,17.89656],[121.13932,17.8953],[121.14021,17.89533],[121.14014,17.89685],[121.13902,17.89826],[121.13987,17.89851],[121.14063,17.89779],[121.14115,17.89802],[121.14125,17.89891],[121.14066,17.90039],[121.14231,17.90001],[121.14333,17.89926],[121.14385,17.89942],[121.14359,17.90054],[121.14208,17.90101],[121.14152,17.90214],[121.14264,17.90214],[121.14342,17.90396],[121.14462,17.90398],[121.14385,17.90552],[121.14586,17.90487],[121.14628,17.90353],[121.14704,17.90402],[121.14828,17.90584],[121.1476,17.90706],[121.14659,17.90698],[121.1472,17.90829],[121.14677,17.90914],[121.14865,17.91103],[121.14918,17.91313],[121.15112,17.91288],[121.15164,17.91398],[121.15207,17.9141],[121.15368,17.91279],[121.15451,17.91273],[121.15444,17.91451],[121.1572,17.91595],[121.15779,17.91803],[121.15973,17.91881],[121.16095,17.91759],[121.1619,17.91815],[121.16312,17.92142],[121.16108,17.92145],[121.16065,17.92179],[121.16072,17.92229],[121.16213,17.92373],[121.16434,17.92283],[121.16493,17.92355],[121.16549,17.92643],[121.1675,17.92513],[121.16793,17.92629],[121.16746,17.92834],[121.16874,17.9279],[121.16993,17.92692],[121.17065,17.9273],[121.17109,17.92831],[121.17289,17.9294],[121.17437,17.92975],[121.17647,17.92903],[121.17872,17.92969],[121.17889,17.93303],[121.18002,17.93346],[121.18023,17.93438],[121.18163,17.93553],[121.18173,17.93611],[121.18109,17.93631],[121.18081,17.9377],[121.18105,17.93799],[121.18173,17.93712],[121.18229,17.9371],[121.1836,17.93882],[121.18375,17.94193],[121.18468,17.94199],[121.18516,17.94115],[121.18752,17.9396],[121.18956,17.94079],[121.19063,17.94224],[121.191,17.94386],[121.19059,17.94473],[121.18992,17.94486],[121.18921,17.94602],[121.18755,17.9475],[121.18699,17.94886],[121.18766,17.94924],[121.18985,17.94909],[121.191,17.95158],[121.19108,17.95499],[121.19282,17.95556],[121.19591,17.95507],[121.19618,17.95558],[121.19578,17.95751],[121.19706,17.9592],[121.20226,17.96128],[121.20313,17.9623],[121.20263,17.96531],[121.20287,17.96652],[121.20513,17.9663],[121.20583,17.96677],[121.20695,17.97261]],[[121.20373,17.98025],[121.20516,17.98194],[121.20727,17.9831],[121.20782,17.98378],[121.20546,17.98648],[121.20382,17.98736],[121.20133,17.98799],[121.20002,17.98888],[121.20018,17.99093],[121.20174,17.99398],[121.20189,17.99574],[121.20318,17.99738],[121.20262,17.99868],[121.20175,17.99915],[121.2003,17.99911],[121.19947,17.99861],[121.19857,17.99671],[121.1974,17.99652],[121.19481,17.99884],[121.19513,17.99948],[121.19887,18.0014],[121.19889,18.00182],[121.19593,18.00348],[121.19565,18.00591],[121.1947,18.00798],[121.19519,18.0131],[121.19425,18.01502],[121.19323,18.01581],[121.19125,18.01488],[121.19011,18.01607],[121.19052,18.01797],[121.1923,18.02096],[121.19207,18.0213],[121.19058,18.02127],[121.18999,18.02169],[121.18967,18.02224],[121.19004,18.02328],[121.18958,18.02382],[121.18693,18.0234],[121.18719,18.02695],[121.18845,18.02729],[121.18973,18.02583],[121.19011,18.02625],[121.18998,18.02676]],[[121.18998,18.02676],[121.1902,18.02911],[121.18878,18.03062],[121.18915,18.03426]],[[121.20695,17.97261],[121.20484,17.97496],[121.20294,17.9745],[121.20102,17.97483],[121.20087,17.97666],[121.20373,17.98025]]]}},{"type":"Feature","properties":{"kind":"river","name":"Kassanian River"},"geometry":{"type":"LineString","coordinates":[[120.8649,17.23766],[120.86102,17.23889],[120.86027,17.23981],[120.85783,17.2412],[120.8575,17.24153],[120.85778,17.24325],[120.8575,17.24347],[120.85515,17.2434],[120.85357,17.24451],[120.85333,17.24493],[120.85423,17.2461],[120.85425,17.24673],[120.85365,17.24718],[120.85169,17.24761],[120.85063,17.24621],[120.8482,17.2476],[120.84547,17.24856],[120.84454,17.24817],[120.84172,17.24814],[120.84017,17.24887],[120.8388,17.24832],[120.83732,17.25125],[120.83571,17.25242],[120.83358,17.25511]]}},{"type":"Feature","properties":{"kind":"river","name":"Kauayan River"},"geometry":{"type":"LineString","coordinates":[[120.96923,17.53892],[120.96788,17.539],[120.96808,17.54211],[120.96393,17.54247],[120.96227,17.54332],[120.9618,17.54412],[120.96197,17.54538],[120.96341,17.54684],[120.96383,17.54797],[120.96493,17.54874],[120.96497,17.55003],[120.96573,17.55189],[120.96463,17.55238],[120.96408,17.55363],[120.9634,17.55222],[120.96285,17.55298],[120.96094,17.55355],[120.95997,17.55483],[120.95793,17.55596],[120.95746,17.55697],[120.95623,17.55798],[120.95623,17.56004],[120.95427,17.56109],[120.95389,17.56332],[120.95274,17.56412],[120.9524,17.56497],[120.95248,17.56619],[120.9538,17.56675],[120.95371,17.56805],[120.95519,17.56998],[120.95235,17.57293],[120.95209,17.5758],[120.95319,17.57628],[120.95382,17.57758],[120.95514,17.57851],[120.95552,17.57968],[120.9567,17.58037],[120.95691,17.58207],[120.96073,17.58353],[120.9606,17.58499],[120.96166,17.58722],[120.96097,17.58944],[120.96161,17.59049],[120.9625,17.59106],[120.96237,17.59345],[120.96546,17.59596],[120.96316,17.5992],[120.96333,17.6011],[120.96414,17.60167],[120.96388,17.60347],[120.96286,17.60431],[120.96256,17.60565],[120.96341,17.60739],[120.96213,17.6084],[120.96209,17.6103],[120.95944,17.61648],[120.9597,17.61709],[120.95863,17.62384],[120.95973,17.62647],[120.95778,17.62525],[120.95535,17.62798],[120.95393,17.6289],[120.95334,17.62877],[120.95208,17.62743],[120.94983,17.62783],[120.94822,17.62702],[120.94759,17.62767],[120.94661,17.62779],[120.94483,17.62507],[120.94369,17.6239],[120.94292,17.62378],[120.94178,17.62491],[120.94186,17.62604],[120.94233,17.62657],[120.94203,17.62733],[120.93995,17.62798],[120.93944,17.62745],[120.93864,17.62442],[120.93936,17.62236],[120.93941,17.62033],[120.93686,17.62041],[120.93542,17.61822],[120.93207,17.61745],[120.93008,17.61518],[120.92838,17.61445],[120.92762,17.61425],[120.92605,17.61485],[120.92507,17.61481],[120.92346,17.61303],[120.91943,17.6116],[120.91634,17.60861],[120.91485,17.60868],[120.91365,17.61046],[120.90983,17.61066],[120.90735,17.6099]]}},{"type":"Feature","properties":{"kind":"river","name":"Kelong Creek"},"geometry":{"type":"LineString","coordinates":[[120.58519,16.57493],[120.58695,16.57554],[120.58763,16.57443],[120.58951,16.57404],[120.5894,16.57332],[120.58984,16.57286],[120.59057,16.57266],[120.59127,16.57309],[120.59232,16.57304],[120.59269,16.5718],[120.59363,16.57241],[120.59462,16.57199],[120.59657,16.57223],[120.59721,16.57362],[120.59877,16.57343],[120.59886,16.57407],[120.5983,16.57474],[120.59942,16.57611],[120.59999,16.57524],[120.60124,16.57536],[120.60121,16.57493],[120.59974,16.57458],[120.59974,16.57408],[120.60175,16.57321],[120.60132,16.57242],[120.6033,16.5713],[120.60455,16.56885],[120.60493,16.56871],[120.60566,16.56926],[120.60628,16.56886],[120.60652,16.56792],[120.60597,16.56611],[120.60765,16.56332],[120.60746,16.56176],[120.60631,16.56081],[120.607,16.56003],[120.60695,16.55868],[120.60631,16.55856],[120.60518,16.55922],[120.6046,16.55801],[120.60325,16.55793],[120.60182,16.55683],[120.60064,16.5545],[120.59984,16.55446],[120.59897,16.5534],[120.59518,16.55277],[120.5962,16.55079],[120.59593,16.55002],[120.59659,16.54966],[120.59615,16.54781],[120.59437,16.54615],[120.59452,16.54518],[120.59386,16.54409],[120.59096,16.5435],[120.59057,16.5429],[120.59036,16.54222],[120.59085,16.54148],[120.59057,16.54041],[120.59089,16.53918],[120.59051,16.53834],[120.58865,16.53736],[120.58811,16.53653],[120.58644,16.53579]]}},{"type":"Feature","properties":{"kind":"river","name":"Lacu River"},"geometry":{"type":"LineString","coordinates":[[121.16095,18.09435],[121.1613,18.09404],[121.16066,18.09087],[121.1618,18.08882],[121.16115,18.08827],[121.16095,18.08687],[121.16172,18.08536],[121.16403,18.08439],[121.1644,18.08291],[121.16546,18.08307],[121.16499,18.08182],[121.16633,18.07966],[121.16614,18.07801],[121.1675,18.07613],[121.16721,18.07546],[121.16609,18.07511],[121.16564,18.07439],[121.16814,18.07386],[121.16948,18.07146],[121.1699,18.07166],[121.17028,18.07279],[121.17176,18.07236],[121.17203,18.07187],[121.17164,18.07102],[121.17283,18.0698],[121.17411,18.06713],[121.17392,18.06646],[121.17297,18.06681],[121.17311,18.06598],[121.17402,18.0662],[121.17476,18.06568],[121.17389,18.06501],[121.17372,18.06384],[121.1762,18.06334],[121.17638,18.06275],[121.17545,18.06135],[121.17558,18.06051],[121.17726,18.06004],[121.17686,18.05918],[121.17706,18.0588],[121.17865,18.05856],[121.17719,18.05791],[121.1778,18.05765],[121.17854,18.05535],[121.17807,18.05463],[121.17912,18.05368],[121.17875,18.05219],[121.17937,18.05126],[121.1789,18.05006],[121.17945,18.04917],[121.17928,18.04887],[121.17831,18.04923],[121.17622,18.04651],[121.17691,18.04536],[121.17714,18.04266],[121.176,18.04212],[121.17509,18.04244],[121.17458,18.04197],[121.17502,18.04032],[121.17668,18.04039],[121.17789,18.0388],[121.17674,18.03639],[121.17693,18.03507],[121.1773,18.03488],[121.1781,18.03569],[121.17918,18.03562],[121.17947,18.03494],[121.17919,18.03223],[121.18117,18.03172]]}},{"type":"Feature","properties":{"kind":"river","name":"Lagben River"},"geometry":{"type":"LineString","coordinates":[[120.67916,17.23159],[120.68008,17.23164],[120.68027,17.2323],[120.68119,17.23296]]}},{"type":"Feature","properties":{"kind":"river","name":"Lagoon Tunnel"},"geometry":{"type":"LineString","coordinates":[[120.58631,16.40917],[120.56896,16.40338]]}},{"type":"Feature","properties":{"kind":"river","name":"Lamut River"},"geometry":{"type":"MultiLineString","coordinates":[[[121.17819,16.64667],[121.17918,16.64432],[121.18053,16.64305],[121.18832,16.63978],[121.19004,16.63949],[121.19433,16.64036],[121.20029,16.63941],[121.20156,16.63961],[121.20211,16.6401],[121.20343,16.64227],[121.20767,16.64241],[121.21031,16.64425],[121.21231,16.64496],[121.21484,16.64561],[121.2157,16.64513],[121.21881,16.64503],[121.22044,16.64566],[121.22157,16.6454],[121.22415,16.64662],[121.22456,16.64789],[121.22574,16.6484],[121.22967,16.64932],[121.23232,16.6486],[121.23283,16.64886],[121.23388,16.65306],[121.23542,16.65427],[121.23957,16.65387],[121.24081,16.65326],[121.2434,16.65341],[121.24406,16.65232],[121.24359,16.65],[121.24419,16.64952],[121.24504,16.64978],[121.24531,16.65076],[121.24663,16.65203],[121.24886,16.65219],[121.24993,16.6513],[121.25004,16.65014],[121.2508,16.64925]],[[121.25257,16.64944],[121.25401,16.65025],[121.25587,16.64985],[121.25785,16.65199],[121.26106,16.6531],[121.26085,16.65599],[121.25993,16.65833],[121.26124,16.65891],[121.26257,16.6603],[121.26369,16.66064]],[[121.17795,16.64814],[121.17819,16.64667]]]}},{"type":"Feature","properties":{"kind":"river","name":"Lanog River"},"geometry":{"type":"LineString","coordinates":[[121.25274,16.64933],[121.2527,16.64952]]}},{"type":"Feature","properties":{"kind":"river","name":"Lingas River"},"geometry":{"type":"MultiLineString","coordinates":[[[120.67427,17.66105],[120.67063,17.6612]],[[120.67884,17.66436],[120.67746,17.66326],[120.67706,17.66237]],[[120.67063,17.6612],[120.66784,17.65765],[120.66239,17.65541],[120.66283,17.65275],[120.66403,17.65096],[120.66336,17.64975],[120.663,17.64643],[120.6619,17.64466],[120.65983,17.64407],[120.6577,17.64119]],[[120.67759,17.66285],[120.67706,17.66237]],[[120.67706,17.66237],[120.67512,17.66111],[120.67471,17.66104],[120.67427,17.66105]],[[120.68219,17.67929],[120.68203,17.6788],[120.68264,17.6774],[120.68237,17.67683],[120.68062,17.67689],[120.68006,17.67589],[120.68056,17.67503],[120.67973,17.67348],[120.68088,17.67278],[120.68135,17.67135],[120.68042,17.67114],[120.67988,17.67052],[120.68011,17.66789],[120.67964,17.667],[120.67994,17.66587],[120.67884,17.66436]]]}},{"type":"Feature","properties":{"kind":"river","name":"Lungnao River"},"geometry":{"type":"MultiLineString","coordinates":[[[121.10881,18.20271],[121.10937,18.20146],[121.10883,18.20031],[121.10967,18.19941],[121.10945,18.19766],[121.11048,18.19665],[121.11174,18.19332],[121.11381,18.19246],[121.11393,18.19131]],[[121.1064,18.20972],[121.10627,18.20922],[121.10708,18.20739],[121.108,18.2063],[121.10881,18.20271]],[[121.11393,18.19131],[121.11301,18.18991],[121.11278,18.18863],[121.11318,18.18689],[121.11259,18.18386],[121.11393,18.1832],[121.11325,18.18044],[121.11432,18.18025],[121.11489,18.17938],[121.11426,18.1787],[121.11198,18.17829],[121.11243,18.17739],[121.11399,18.17648],[121.11333,18.17537],[121.11363,18.17375],[121.11477,18.17462],[121.1155,18.17467],[121.11605,18.17345],[121.11763,18.17291],[121.11761,18.17234],[121.11599,18.17151],[121.11618,18.17017],[121.11548,18.16993],[121.11509,18.17071],[121.11469,18.1705],[121.11405,18.16898],[121.11215,18.168],[121.11382,18.16587],[121.11378,18.16544],[121.11223,18.16438],[121.11268,18.16297],[121.11202,18.16153],[121.10955,18.15995],[121.10889,18.15864],[121.10771,18.15774],[121.10717,18.15687],[121.10713,18.15579],[121.10583,18.15449],[121.1053,18.15236],[121.10397,18.151],[121.10379,18.14924],[121.10241,18.14763],[121.10199,18.14632],[121.10055,18.14428],[121.09849,18.14277],[121.09727,18.14078],[121.0957,18.14018],[121.09665,18.13825],[121.09534,18.1373]]]}},{"type":"Feature","properties":{"kind":"river","name":"Magat River"},"geometry":{"type":"MultiLineString","coordinates":[[[121.44787,16.8291],[121.45388,16.83064],[121.46283,16.82838],[121.47308,16.83128],[121.47723,16.832]],[[121.48528,16.83359],[121.48727,16.83451],[121.48953,16.83488],[121.50018,16.8343],[121.50648,16.83461],[121.51122,16.83644],[121.51993,16.84092],[121.52384,16.84337],[121.52424,16.8441],[121.52425,16.84674],[121.52465,16.84739],[121.52963,16.84965],[121.53172,16.85157],[121.53213,16.85438],[121.53162,16.85958],[121.53196,16.86234],[121.53252,16.86418],[121.53433,16.86759],[121.53656,16.86922]],[[121.54252,16.87501],[121.54749,16.8808],[121.54688,16.88348],[121.5431,16.88965],[121.54299,16.89233],[121.54445,16.89429],[121.54561,16.89522],[121.54988,16.90047],[121.55219,16.90228],[121.55507,16.90364],[121.55765,16.90372],[121.55979,16.90219],[121.56154,16.90174],[121.5631,16.90155],[121.56572,16.90218]],[[121.2909,16.67016],[121.29179,16.67308],[121.29422,16.67733],[121.29447,16.67949],[121.29232,16.68233],[121.28828,16.68551],[121.28806,16.68637],[121.28865,16.68825],[121.29206,16.69193],[121.29538,16.69359],[121.29804,16.69372],[121.30235,16.6926],[121.30446,16.69261],[121.30887,16.69358],[121.31112,16.69484],[121.31249,16.69613],[121.31359,16.69761],[121.31451,16.69987],[121.31583,16.70616],[121.31579,16.70787],[121.31358,16.71563],[121.31392,16.71814],[121.3212,16.72588],[121.32543,16.73285],[121.32807,16.73477],[121.33272,16.73691]],[[121.34385,16.77457],[121.342,16.77708]],[[121.26369,16.66064],[121.26415,16.66099],[121.26561,16.66099],[121.26755,16.65893],[121.26928,16.65891],[121.2721,16.66511],[121.27517,16.66797],[121.27765,16.66855],[121.27936,16.66738],[121.28053,16.66295],[121.28256,16.66055],[121.28722,16.65758],[121.28844,16.65734],[121.2895,16.6576],[121.29129,16.65878],[121.2925,16.66015],[121.29357,16.66208],[121.29401,16.66408],[121.29355,16.66574],[121.29103,16.66873],[121.2909,16.67016]],[[121.26376,16.65805],[121.26318,16.65929],[121.26369,16.66064]],[[121.33931,16.75289],[121.33777,16.75537],[121.33669,16.75588],[121.33206,16.75396],[121.33,16.754],[121.32812,16.75566],[121.3274,16.75831],[121.32816,16.76091],[121.32955,16.76257],[121.33494,16.76465],[121.33996,16.76587],[121.3436,16.7675],[121.34441,16.76901],[121.34463,16.77045],[121.34385,16.77457]],[[121.342,16.77708],[121.33849,16.77912],[121.33706,16.78044],[121.33598,16.78304],[121.33603,16.78534],[121.33755,16.7871],[121.33926,16.78799],[121.34229,16.78852],[121.34599,16.78846],[121.35066,16.78692],[121.35256,16.78536],[121.35351,16.7815],[121.35263,16.776]],[[121.35265,16.77581],[121.35333,16.77508],[121.35509,16.77473],[121.3563,16.7754],[121.35775,16.77738],[121.35832,16.77887],[121.3585,16.78492],[121.35911,16.78721],[121.3601,16.78839],[121.36296,16.78894],[121.36779,16.78898],[121.37419,16.78782],[121.37584,16.78852],[121.37605,16.79103],[121.37125,16.7962],[121.37121,16.79722],[121.3716,16.79757],[121.37347,16.79774],[121.37795,16.79654],[121.38198,16.79613],[121.38546,16.79617],[121.38758,16.79677],[121.38944,16.79819],[121.39063,16.80255],[121.39159,16.80368],[121.39415,16.8048],[121.40121,16.80572],[121.40532,16.80703],[121.40884,16.8099],[121.41458,16.81793],[121.41719,16.82013],[121.41985,16.82172],[121.42755,16.82436],[121.44787,16.8291]]]}},{"type":"Feature","properties":{"kind":"river","name":"Maikong River"},"geometry":{"type":"LineString","coordinates":[[120.70583,16.60757],[120.70684,16.60441],[120.70611,16.60203],[120.70813,16.59981],[120.7075,16.5985],[120.70658,16.59829],[120.70453,16.60002],[120.70316,16.59923],[120.70246,16.59822],[120.70018,16.59721],[120.6997,16.59617],[120.69885,16.5958],[120.69736,16.59614],[120.69659,16.59719]]}},{"type":"Feature","properties":{"kind":"river","name":"Malabanig River"},"geometry":{"type":"MultiLineString","coordinates":[[[121.16919,18.01019],[121.17103,18.01154],[121.17115,18.01256],[121.17171,18.01264],[121.17191,18.01217],[121.1726,18.01198],[121.17267,18.01302],[121.17492,18.01474],[121.17548,18.01464],[121.17655,18.01337],[121.17793,18.01383],[121.17817,18.01465],[121.17732,18.01519],[121.17695,18.01607],[121.17716,18.01761]],[[121.16759,18.01368],[121.16931,18.0147],[121.16972,18.01432],[121.16991,18.01347],[121.16855,18.01228],[121.16829,18.01157],[121.16859,18.01062],[121.16919,18.01019]],[[121.1608,18.01237],[121.16096,18.01322],[121.16149,18.01352],[121.16192,18.01228],[121.16412,18.01264],[121.1648,18.01318],[121.16676,18.01239],[121.16755,18.0128],[121.1672,18.01323],[121.16759,18.01368]],[[121.15371,17.95385],[121.15469,17.95432],[121.15588,17.95621],[121.15711,17.95662],[121.15748,17.95804],[121.15866,17.95808],[121.15886,17.9586],[121.15821,17.96031],[121.15715,17.96172],[121.15702,17.96283],[121.15594,17.96331],[121.1556,17.9643],[121.15426,17.96542],[121.15467,17.96608],[121.15406,17.96776],[121.15326,17.96823],[121.15088,17.97127],[121.15002,17.97102],[121.14879,17.97146],[121.14912,17.97216],[121.14892,17.97272],[121.14666,17.97464],[121.1463,17.97537]],[[121.1594,18.01129],[121.1608,18.01237]],[[121.1463,17.97537],[121.14617,17.97627],[121.14657,17.9769],[121.14592,17.97937],[121.14708,17.97974],[121.14778,17.98083],[121.14812,17.9834],[121.14808,17.98373],[121.14596,17.98464],[121.14718,17.9857],[121.14659,17.98632],[121.14806,17.98709],[121.14826,17.9876],[121.14692,17.98846],[121.14495,17.98878],[121.14396,17.98807],[121.14318,17.98929],[121.144,17.9894],[121.14491,17.99041],[121.14297,17.99067],[121.1418,17.99138],[121.14127,17.99331],[121.14236,17.99405],[121.14298,17.99503],[121.14165,17.99594],[121.14264,17.99664],[121.14294,17.99776],[121.14242,17.99868],[121.14523,18.00032],[121.1457,18.00146],[121.14546,18.00173],[121.14473,18.00137],[121.14431,18.00158],[121.14486,18.00215],[121.14659,18.0025],[121.146,18.00168],[121.14674,18.0014],[121.14735,18.00173],[121.14724,18.00295],[121.14804,18.0023],[121.14991,18.00233],[121.15028,18.00313],[121.1517,18.0033],[121.15219,18.00508],[121.15139,18.00554],[121.15179,18.00636],[121.15258,18.00659],[121.15364,18.0079],[121.15426,18.00801],[121.15499,18.0092],[121.15708,18.00927],[121.15828,18.00829],[121.15933,18.00946],[121.15848,18.01066],[121.1594,18.01129]]]}},{"type":"Feature","properties":{"kind":"river","name":"Malanas River"},"geometry":{"type":"MultiLineString","coordinates":[[[120.73408,17.68416],[120.73186,17.68027],[120.72899,17.67852],[120.72437,17.67666],[120.72353,17.67553],[120.72401,17.67392],[120.72266,17.67267]],[[120.90735,17.6099],[120.9038,17.61264],[120.9032,17.61402],[120.90082,17.61385],[120.90069,17.61663],[120.89886,17.61763],[120.89771,17.6203],[120.89678,17.62074],[120.89483,17.62062],[120.89381,17.62102],[120.89236,17.62276],[120.89172,17.62506],[120.88866,17.62619],[120.88874,17.62752],[120.88984,17.62906],[120.88959,17.63011],[120.89005,17.63351],[120.88923,17.63662],[120.88855,17.63755],[120.88499,17.63787],[120.88414,17.63864],[120.8832,17.63884],[120.88101,17.64035],[120.87922,17.64261],[120.87604,17.64366],[120.87519,17.64544],[120.87251,17.64426],[120.87094,17.6445],[120.86903,17.64591],[120.86768,17.64409],[120.86636,17.64421],[120.86495,17.64559],[120.86546,17.64733],[120.86469,17.64818],[120.86291,17.6485],[120.86122,17.64737],[120.85973,17.64781],[120.8596,17.64813],[120.86049,17.64862],[120.8607,17.64947],[120.85951,17.6506],[120.85858,17.65064],[120.85714,17.64966],[120.85477,17.6463],[120.85358,17.64594],[120.85231,17.64609],[120.85056,17.64751],[120.84751,17.6477],[120.84661,17.64944],[120.84602,17.64968],[120.84339,17.64887],[120.83768,17.65268],[120.83602,17.65502],[120.8333,17.65598],[120.83155,17.65711],[120.83104,17.65873],[120.83138,17.65994],[120.82934,17.66046],[120.82836,17.66252],[120.82755,17.6624],[120.82645,17.66135],[120.82582,17.65819],[120.82506,17.65766],[120.82289,17.66081],[120.82126,17.66155],[120.81786,17.6621],[120.81642,17.66311],[120.81531,17.66453],[120.81416,17.66468],[120.81135,17.66715],[120.80944,17.66811],[120.80876,17.66916],[120.80769,17.66952],[120.80715,17.66969],[120.80584,17.66881],[120.80494,17.66705],[120.80304,17.6666],[120.79998,17.66676],[120.79722,17.66574],[120.79367,17.66852],[120.7904,17.67032],[120.78889,17.67206],[120.79082,17.67833],[120.78893,17.68075],[120.78774,17.68155],[120.78862,17.68338],[120.78849,17.68663],[120.78564,17.68727],[120.78538,17.68938],[120.78254,17.69188],[120.78004,17.69126],[120.77416,17.69128]],[[120.76149,17.70148],[120.75925,17.70352],[120.75551,17.70252],[120.75041,17.69873],[120.74815,17.69918],[120.74797,17.69798],[120.74882,17.69636],[120.74643,17.68946],[120.74494,17.68743],[120.74274,17.68643],[120.74083,17.68424],[120.73777,17.68342],[120.73474,17.68162],[120.73414,17.68003],[120.7314,17.67812],[120.72814,17.67297],[120.72546,17.67228],[120.72266,17.67267]],[[120.72266,17.67267],[120.72105,17.67192],[120.71974,17.67014],[120.71962,17.66872],[120.71531,17.66529],[120.7132,17.66283],[120.71228,17.66107]],[[120.77416,17.69128],[120.77249,17.6903],[120.76816,17.6898],[120.76577,17.68985],[120.76377,17.69036],[120.76096,17.69388],[120.76115,17.69573],[120.76247,17.69741],[120.76292,17.6987],[120.76149,17.70148]]]}},{"type":"Feature","properties":{"kind":"river","name":"Malapaao River"},"geometry":{"type":"MultiLineString","coordinates":[[[120.58968,17.77832],[120.59044,17.77818],[120.59079,17.77881],[120.59151,17.77846],[120.59103,17.77708],[120.59028,17.77663],[120.59037,17.77566],[120.58894,17.77556],[120.5889,17.77512],[120.59102,17.77471],[120.59169,17.7742],[120.59018,17.77307],[120.591,17.77152],[120.59021,17.77021],[120.59106,17.7695],[120.58958,17.76862],[120.59042,17.76727],[120.58904,17.76634],[120.59035,17.76542],[120.59005,17.76519],[120.58903,17.76558],[120.58872,17.76522],[120.58886,17.76463],[120.58989,17.76451],[120.59048,17.76355],[120.59014,17.76292],[120.59031,17.76148],[120.59159,17.7607],[120.59127,17.75861],[120.59026,17.75744],[120.5901,17.75546],[120.59125,17.75143],[120.59242,17.74956],[120.59441,17.74837],[120.59448,17.74983],[120.59529,17.74956],[120.59525,17.74701],[120.59394,17.74613],[120.59493,17.74476],[120.59408,17.7442],[120.59338,17.74307],[120.5922,17.74362],[120.59283,17.74183],[120.59062,17.74164],[120.59008,17.7419],[120.5909,17.74306],[120.59108,17.7441],[120.59076,17.74616],[120.58967,17.74644],[120.58893,17.74582],[120.58823,17.7458],[120.58754,17.74724],[120.58693,17.74528],[120.58498,17.74665],[120.58422,17.74669],[120.58354,17.74605],[120.58697,17.74287],[120.58712,17.74253],[120.58666,17.74217],[120.58452,17.74201],[120.58448,17.74132],[120.58409,17.74111],[120.58312,17.74233],[120.58264,17.74219],[120.58298,17.74081],[120.58246,17.74061],[120.58162,17.74076],[120.58129,17.7412],[120.58144,17.74178],[120.58186,17.7427],[120.58277,17.74281],[120.58339,17.74393],[120.58209,17.74396],[120.58124,17.74459],[120.58037,17.74213],[120.57901,17.74354],[120.57829,17.7432],[120.57806,17.74091],[120.57641,17.7403],[120.5759,17.73968],[120.57595,17.73792],[120.57804,17.73682],[120.57821,17.73741],[120.57973,17.73811],[120.58071,17.73723],[120.58087,17.73538],[120.5806,17.73488],[120.57856,17.73466],[120.57635,17.73514],[120.57428,17.73264],[120.57288,17.73322],[120.57265,17.7328],[120.57334,17.73028],[120.57258,17.73006],[120.57096,17.7307],[120.56901,17.72946],[120.56742,17.72717],[120.56706,17.72496],[120.56799,17.72311]],[[120.55924,17.68957],[120.55892,17.6881],[120.55807,17.68733],[120.55772,17.68553],[120.55979,17.68222],[120.55985,17.68135],[120.55749,17.67894],[120.55571,17.67859],[120.55498,17.67754],[120.55457,17.67491],[120.55361,17.67536],[120.55328,17.67595],[120.55382,17.67884]],[[120.54916,17.62416],[120.55149,17.62359],[120.55247,17.62284],[120.55405,17.62039],[120.55275,17.61637],[120.5485,17.61175],[120.54677,17.60932],[120.54646,17.6073],[120.54677,17.60656],[120.54735,17.60655],[120.55041,17.60383],[120.55139,17.60446],[120.55249,17.60425],[120.55246,17.59948],[120.55326,17.59579]],[[120.55326,17.59579],[120.55445,17.59024],[120.55426,17.58864],[120.55511,17.58457],[120.55431,17.5833],[120.55453,17.58261],[120.55331,17.57853]],[[120.558,17.58634],[120.55804,17.58451],[120.56011,17.58232],[120.56014,17.58154],[120.55839,17.58009],[120.5582,17.57807],[120.55694,17.5776],[120.5565,17.57686],[120.5548,17.57688]],[[120.55326,17.59579],[120.55574,17.59112],[120.55776,17.58905],[120.55825,17.58749],[120.558,17.58634]],[[120.53845,17.63751],[120.54106,17.63765],[120.54321,17.63665],[120.54368,17.63356],[120.54282,17.63023],[120.54422,17.62851],[120.54542,17.62599],[120.54823,17.62518],[120.54916,17.62416]],[[120.53523,17.64779],[120.53612,17.64865]],[[120.53612,17.64865],[120.53819,17.64912],[120.54057,17.64689],[120.54171,17.64481],[120.5416,17.64246]],[[120.5416,17.64246],[120.54102,17.64174],[120.53911,17.64098],[120.53845,17.64031],[120.538,17.63892],[120.53845,17.63751]],[[120.53612,17.64865],[120.53853,17.65004],[120.54085,17.65037],[120.54246,17.65002],[120.54403,17.64595],[120.54334,17.64315],[120.5416,17.64246]],[[120.55382,17.67884],[120.55396,17.68013],[120.55272,17.68311],[120.5528,17.6854],[120.55246,17.68608],[120.5516,17.68614],[120.55034,17.68518],[120.55023,17.68452],[120.55087,17.68328],[120.55059,17.68221],[120.54974,17.68221],[120.54845,17.68348],[120.54735,17.68387],[120.54559,17.68275],[120.5474,17.68043],[120.55006,17.67839],[120.54997,17.67723],[120.54914,17.67673],[120.54682,17.6781],[120.54587,17.67743],[120.54572,17.676],[120.5463,17.67314],[120.54594,17.67144],[120.54274,17.66554],[120.54143,17.66458],[120.53978,17.66425],[120.53933,17.6637],[120.53853,17.65953],[120.53791,17.65904],[120.53591,17.6593],[120.53353,17.6582],[120.53216,17.65855],[120.53152,17.65802],[120.53145,17.65693],[120.53304,17.65607],[120.53321,17.6556],[120.53328,17.65139],[120.53218,17.64896],[120.5322,17.64738],[120.53398,17.64689],[120.53486,17.64718],[120.53523,17.64779]],[[120.56799,17.72311],[120.56815,17.72172],[120.56705,17.72163],[120.5665,17.72078],[120.56744,17.71983],[120.56783,17.71724],[120.56656,17.71152],[120.56562,17.71078],[120.56549,17.70976],[120.56602,17.70814],[120.56542,17.70573],[120.56718,17.70363],[120.56476,17.70234],[120.56373,17.70052],[120.56394,17.6997],[120.56611,17.69827],[120.56208,17.69668],[120.56171,17.69576],[120.56244,17.69463],[120.56225,17.69287],[120.56173,17.69189],[120.55989,17.69079],[120.55924,17.68957]],[[120.59544,17.79407],[120.59577,17.79349],[120.59535,17.79147],[120.59424,17.7891],[120.59466,17.78811],[120.59403,17.78742],[120.59434,17.78642],[120.59223,17.78611],[120.59315,17.78405],[120.59172,17.78322],[120.59031,17.78387],[120.58959,17.78367],[120.58951,17.78139],[120.59093,17.7817],[120.59159,17.78092],[120.59108,17.78028],[120.58952,17.78027],[120.58927,17.77995],[120.58968,17.77832]]]}},{"type":"Feature","properties":{"kind":"river","name":"Mallig River"},"geometry":{"type":"MultiLineString","coordinates":[[[121.46494,17.31866],[121.46835,17.31897],[121.46981,17.31844],[121.47504,17.31836],[121.47891,17.31891],[121.48191,17.31726],[121.48254,17.3123],[121.48236,17.31103],[121.48353,17.30904],[121.48377,17.30787],[121.48302,17.30674],[121.48186,17.30611],[121.48143,17.30505],[121.48375,17.30116],[121.4838,17.30012],[121.4837,17.29901],[121.4829,17.29832],[121.48159,17.29419],[121.47979,17.29305],[121.47918,17.29202],[121.47996,17.29067],[121.48124,17.29061],[121.48305,17.29141],[121.48468,17.29337],[121.48604,17.2931],[121.48651,17.29252],[121.48604,17.29145],[121.4867,17.28979],[121.48784,17.28918],[121.48903,17.28967],[121.49274,17.28921],[121.4957,17.29005],[121.4976,17.28973],[121.49922,17.29108],[121.5005,17.29121],[121.50184,17.29051],[121.50342,17.28758],[121.50554,17.28704],[121.50573,17.28589],[121.50479,17.28532],[121.50432,17.28357],[121.50438,17.28088],[121.50493,17.28034],[121.50559,17.28018],[121.50842,17.28196],[121.51064,17.28254],[121.51172,17.2818],[121.51176,17.28085],[121.51072,17.27753],[121.51128,17.27633],[121.51325,17.27761],[121.515,17.278],[121.5158,17.27783],[121.52001,17.27483],[121.52395,17.27404],[121.5254,17.2715],[121.52621,17.27172],[121.52713,17.27318],[121.52786,17.27301],[121.52797,17.27175],[121.52713,17.27039],[121.52753,17.2697],[121.52863,17.26957],[121.53063,17.26816],[121.53513,17.26955],[121.5363,17.27048]],[[121.43615,17.31304],[121.43641,17.31746],[121.43702,17.31935],[121.43789,17.32039],[121.43935,17.32173],[121.44187,17.32195],[121.4452,17.32095],[121.44795,17.32167],[121.44913,17.32348],[121.44903,17.32449],[121.44804,17.32619],[121.4485,17.32766],[121.45004,17.32963],[121.4514,17.33037],[121.45347,17.33003],[121.45272,17.3273],[121.45443,17.32647],[121.45657,17.32742],[121.459,17.32968],[121.46027,17.32986],[121.46385,17.32845],[121.46616,17.32943],[121.46663,17.32907],[121.46587,17.32661],[121.46431,17.32412],[121.46367,17.32],[121.46384,17.31926],[121.46494,17.31866]],[[121.42389,17.29901],[121.42447,17.30223],[121.42605,17.3036],[121.42814,17.30352],[121.43088,17.30243],[121.43217,17.30299],[121.43264,17.30402],[121.43351,17.30437],[121.43475,17.30391],[121.43881,17.30605],[121.43894,17.30699],[121.43559,17.31065],[121.43615,17.31304]],[[121.41941,17.28692],[121.42109,17.28592],[121.42274,17.28578],[121.42513,17.28752],[121.42662,17.28802],[121.43152,17.28798],[121.43316,17.28901],[121.43332,17.2908],[121.43235,17.29173],[121.42859,17.29245],[121.42844,17.29371],[121.42715,17.29479],[121.42354,17.29528],[121.42268,17.296],[121.4219,17.29696],[121.42221,17.2977],[121.42389,17.29901]],[[121.29891,17.21641],[121.29979,17.21659],[121.29927,17.21543],[121.29963,17.2144],[121.30335,17.21323],[121.30508,17.21409],[121.30622,17.2141],[121.3102,17.21555],[121.31085,17.21415],[121.31203,17.21439],[121.31356,17.21362],[121.31516,17.21343],[121.31584,17.21185],[121.31662,17.21258],[121.31865,17.21263],[121.32014,17.21045],[121.32184,17.20922],[121.32311,17.20916],[121.32261,17.20795],[121.32333,17.20725],[121.32583,17.20596],[121.32768,17.20619],[121.32763,17.20526],[121.32812,17.20473],[121.32763,17.20389],[121.32781,17.20297],[121.33005,17.20181],[121.33322,17.20254],[121.33422,17.20318],[121.33519,17.20166],[121.33627,17.2014],[121.33712,17.20237],[121.33859,17.20299],[121.34033,17.20616],[121.34112,17.2059],[121.34171,17.20499],[121.3433,17.20384],[121.34491,17.20369],[121.34713,17.20226],[121.34925,17.20338],[121.35099,17.20459],[121.35121,17.20744],[121.35249,17.20947],[121.35263,17.21342],[121.35358,17.21468],[121.35429,17.2148],[121.35507,17.21601],[121.35346,17.22093],[121.35378,17.22318],[121.35635,17.22425],[121.35739,17.22634],[121.35826,17.2269],[121.36434,17.22615],[121.36854,17.22892],[121.36876,17.22988],[121.37244,17.22855],[121.37352,17.22919],[121.37431,17.23022],[121.37438,17.23094],[121.37349,17.23226],[121.37181,17.23349],[121.37146,17.23403],[121.3716,17.23509],[121.37221,17.23655],[121.37501,17.23787],[121.37559,17.24049],[121.37434,17.24142],[121.37338,17.243],[121.37319,17.24512],[121.37516,17.24347],[121.3783,17.2462],[121.3793,17.24539],[121.38053,17.24526],[121.38074,17.24571],[121.37906,17.24779],[121.37917,17.24843],[121.38015,17.24853],[121.38111,17.24667],[121.38211,17.2466],[121.38322,17.24729],[121.38384,17.25092],[121.38609,17.25179],[121.38452,17.25385],[121.38429,17.25553],[121.38648,17.25699],[121.38833,17.25886],[121.38908,17.25847],[121.38888,17.25795],[121.38935,17.25641],[121.39099,17.25694],[121.39411,17.25705],[121.39437,17.25731],[121.39413,17.25893],[121.39446,17.25904],[121.39824,17.2578],[121.3992,17.25585],[121.40094,17.25583],[121.40128,17.25699],[121.39812,17.26051],[121.39689,17.26305],[121.39673,17.26451],[121.39759,17.26516],[121.39923,17.26478],[121.40094,17.26534],[121.40231,17.26506],[121.40285,17.26354],[121.40506,17.26233],[121.40545,17.26252],[121.40582,17.26519],[121.40501,17.26838],[121.41059,17.27523],[121.4105,17.27606],[121.40626,17.27552],[121.40448,17.27589],[121.40307,17.27777],[121.40291,17.27907],[121.40369,17.28002],[121.4048,17.2802],[121.40967,17.27804],[121.41398,17.27719],[121.41484,17.27736],[121.4162,17.27903],[121.4156,17.28133],[121.41587,17.28306],[121.41941,17.28692]],[[121.27493,17.21514],[121.2759,17.21466],[121.27921,17.21457],[121.28035,17.21493],[121.28211,17.2146],[121.28316,17.21512],[121.28563,17.21529],[121.29162,17.21518],[121.29353,17.21651],[121.29452,17.21667],[121.29891,17.21641]]]}},{"type":"Feature","properties":{"kind":"river","name":"Malunog River"},"geometry":{"type":"MultiLineString","coordinates":[[[121.37141,18.24992],[121.37264,18.24961],[121.37346,18.25001],[121.37605,18.24921],[121.37733,18.25003],[121.37688,18.25296],[121.37557,18.25292],[121.37476,18.25365],[121.37475,18.25436],[121.37584,18.25558],[121.3759,18.25718],[121.37681,18.25782],[121.37819,18.25791],[121.37932,18.25723],[121.38172,18.25677],[121.38192,18.25625],[121.38103,18.25464],[121.38482,18.25283],[121.38809,18.25468],[121.39065,18.25475],[121.39111,18.25514],[121.39263,18.25941],[121.39201,18.25998],[121.39125,18.26005],[121.38951,18.2591],[121.38884,18.25922],[121.38826,18.26046],[121.38927,18.26201],[121.38806,18.26279],[121.38799,18.26402],[121.38824,18.26446],[121.39085,18.2647],[121.39127,18.26532],[121.39109,18.26588],[121.38944,18.26649],[121.392,18.26831],[121.39171,18.26889],[121.39248,18.27102],[121.39226,18.27406],[121.39264,18.27517],[121.39406,18.27702],[121.39545,18.27725],[121.39606,18.27774],[121.39662,18.28023]],[[121.30535,18.22104],[121.31025,18.22302],[121.31115,18.22674],[121.31384,18.22875],[121.31457,18.23085],[121.31609,18.23146],[121.31702,18.23316],[121.31895,18.23412],[121.31824,18.23704],[121.31838,18.23855],[121.32067,18.2375],[121.32123,18.23814],[121.32263,18.23866],[121.32319,18.23867],[121.32382,18.23764],[121.32481,18.23722],[121.32654,18.23783],[121.3273,18.23906],[121.32736,18.24035],[121.32671,18.24117],[121.32546,18.24163],[121.32642,18.24368],[121.32915,18.24437],[121.33034,18.24348],[121.33153,18.2453],[121.33285,18.24501],[121.33424,18.24555],[121.33419,18.2462],[121.33369,18.24652],[121.33115,18.24649],[121.32993,18.24757],[121.32979,18.24839],[121.33065,18.24941],[121.33454,18.25182],[121.33612,18.25065],[121.34577,18.24971],[121.34664,18.25031],[121.34767,18.25249],[121.35014,18.25289]],[[121.35014,18.25289],[121.35053,18.25209],[121.35232,18.25148],[121.35321,18.25272],[121.35683,18.25323],[121.35816,18.25401]],[[121.35816,18.25401],[121.35958,18.25332]],[[121.39662,18.28023],[121.39841,18.28064],[121.39872,18.2811],[121.39877,18.28222],[121.3982,18.28312],[121.39917,18.28411],[121.40335,18.28553],[121.40521,18.28686]],[[121.35014,18.25289],[121.35115,18.25433],[121.35452,18.25355],[121.35804,18.25428],[121.35816,18.25401]],[[121.36091,18.25363],[121.3627,18.25468],[121.36429,18.25359],[121.36585,18.25365],[121.3663,18.25323]],[[121.2459,18.2204],[121.24757,18.22264],[121.25005,18.22209],[121.25103,18.2225],[121.25206,18.22223],[121.25307,18.22318],[121.25427,18.22338],[121.2543,18.2244],[121.25472,18.22485],[121.25606,18.22452],[121.2572,18.22585],[121.25727,18.22657],[121.25826,18.22701],[121.25906,18.2284],[121.26104,18.22934],[121.26202,18.23104],[121.26245,18.23105],[121.26291,18.23011],[121.26463,18.23063],[121.26457,18.23199],[121.267,18.23222],[121.26848,18.23378],[121.26905,18.23374],[121.26914,18.23248],[121.27256,18.23325],[121.2739,18.23211],[121.27561,18.23291],[121.27661,18.23446],[121.27839,18.23454],[121.27986,18.23564],[121.2805,18.23548],[121.28113,18.2344],[121.28285,18.23659],[121.28445,18.23746],[121.28598,18.23635],[121.28722,18.23667],[121.28743,18.23507],[121.28887,18.23512],[121.2904,18.23605],[121.29132,18.23588],[121.29212,18.23412],[121.29197,18.23284],[121.295,18.23236],[121.29502,18.2306],[121.29797,18.22904],[121.299,18.2262],[121.30032,18.22642],[121.30121,18.22548],[121.30286,18.22487],[121.3036,18.22403],[121.30458,18.22143],[121.30535,18.22104]],[[121.3663,18.25323],[121.36798,18.25272],[121.36964,18.25064],[121.37141,18.24992]],[[121.35982,18.25095],[121.36129,18.25101],[121.36142,18.25135],[121.36078,18.25221],[121.36091,18.25363]],[[121.35958,18.25332],[121.35896,18.252],[121.35927,18.25119],[121.35982,18.25095]],[[121.35958,18.25332],[121.35989,18.25332],[121.36028,18.25338],[121.36091,18.25363]]]}},{"type":"Feature","properties":{"kind":"river","name":"Manikbel River"},"geometry":{"type":"MultiLineString","coordinates":[[[120.88776,17.48724],[120.88738,17.48685],[120.88541,17.48704],[120.88334,17.48613],[120.88016,17.4861],[120.87813,17.4834],[120.87704,17.48264],[120.87543,17.48264],[120.87482,17.48117],[120.87281,17.48152],[120.87162,17.48131],[120.87087,17.48039],[120.87139,17.47942],[120.86929,17.47541],[120.86684,17.47583],[120.86582,17.47554],[120.86517,17.47488],[120.86015,17.47383],[120.85696,17.47419],[120.85446,17.47347],[120.85398,17.47315],[120.85371,17.47199],[120.85235,17.4715],[120.8513,17.47143],[120.85062,17.47196],[120.84926,17.47185],[120.84718,17.47292],[120.84711,17.47202],[120.84638,17.47146],[120.84359,17.47034],[120.83911,17.4707],[120.83863,17.46844],[120.83798,17.46815],[120.83733,17.46862],[120.83718,17.47089],[120.83658,17.47125],[120.83342,17.47096],[120.83043,17.46937],[120.8286,17.47058],[120.82474,17.47126],[120.81781,17.46973],[120.81306,17.46712],[120.81007,17.46712],[120.80897,17.46477],[120.80808,17.46412],[120.80587,17.46456],[120.80457,17.46382],[120.80359,17.4642],[120.80303,17.46386],[120.80014,17.45973],[120.80069,17.45781],[120.80043,17.45716],[120.7992,17.45639],[120.79747,17.45647],[120.79604,17.45481],[120.79529,17.45492],[120.79389,17.45657],[120.78944,17.45648],[120.78529,17.4581],[120.78371,17.45791],[120.78222,17.45824],[120.78155,17.45735],[120.77852,17.45691],[120.77621,17.45797],[120.77422,17.45789],[120.77243,17.45921],[120.77181,17.45919],[120.77115,17.45892],[120.76962,17.45678],[120.76878,17.45625],[120.76438,17.45547],[120.76215,17.45681],[120.75894,17.45786],[120.75823,17.45865],[120.75533,17.45856],[120.75396,17.4555],[120.75294,17.45464],[120.75119,17.45521],[120.75024,17.4541],[120.7469,17.45404],[120.74548,17.45324],[120.74453,17.45156],[120.74548,17.44993],[120.74505,17.44921],[120.74291,17.44834]],[[120.91207,17.48414],[120.90998,17.48448],[120.90953,17.48503],[120.90815,17.48513],[120.9068,17.48592],[120.90444,17.48618],[120.90389,17.48657],[120.90135,17.48655],[120.89758,17.48719],[120.89543,17.4884],[120.89303,17.48793],[120.89127,17.48896],[120.88965,17.48885],[120.88776,17.48724]]]}},{"type":"Feature","properties":{"kind":"river","name":"Maputic River"},"geometry":{"type":"LineString","coordinates":[[120.71405,17.20615],[120.71335,17.20571],[120.71284,17.2046],[120.71209,17.20534],[120.71105,17.20505],[120.71089,17.20395],[120.7115,17.20319],[120.71036,17.2028],[120.70978,17.20156],[120.70923,17.20158],[120.70816,17.20295],[120.70767,17.20152],[120.70682,17.20113],[120.70605,17.20156],[120.70483,17.20053],[120.7038,17.20032],[120.70384,17.19965],[120.70295,17.20007],[120.7026,17.19929],[120.7001,17.19837],[120.69931,17.19979],[120.69838,17.19937],[120.69813,17.19976],[120.69594,17.1994],[120.6956,17.20007],[120.6948,17.20026],[120.69534,17.20089],[120.69496,17.20147],[120.69452,17.20143],[120.69332,17.1992],[120.69286,17.2],[120.6917,17.20078],[120.6896,17.20131],[120.68928,17.2035],[120.68997,17.20492],[120.69016,17.2065],[120.68912,17.20729],[120.68761,17.20758],[120.6881,17.2084],[120.68792,17.20898],[120.68657,17.20989],[120.68369,17.21048],[120.68337,17.20763],[120.68154,17.20805],[120.68044,17.20679],[120.67848,17.20735],[120.67652,17.20718]]}},{"type":"Feature","properties":{"kind":"river","name":"Matalag River"},"geometry":{"type":"MultiLineString","coordinates":[[[121.3207,17.82618],[121.32266,17.82573]],[[121.30652,17.81401],[121.30622,17.81548],[121.30676,17.81643],[121.31861,17.81486],[121.31952,17.81522],[121.32002,17.81689],[121.31987,17.81849],[121.31802,17.81933],[121.31735,17.82078],[121.31768,17.82274],[121.31871,17.82316],[121.31871,17.82511],[121.316,17.82727],[121.31651,17.82818],[121.31805,17.82854]],[[121.31805,17.82854],[121.31865,17.82845],[121.31954,17.82689],[121.3207,17.82618]]]}},{"type":"Feature","properties":{"kind":"river","name":"Matun River"},"geometry":{"type":"MultiLineString","coordinates":[[[121.27628,18.11053],[121.27809,18.11083],[121.27901,18.11204],[121.28579,18.11148],[121.28819,18.11165],[121.28922,18.11393],[121.28877,18.11977],[121.2898,18.12287],[121.2898,18.12401],[121.29083,18.12482],[121.29083,18.1258],[121.29238,18.12711],[121.29358,18.12988],[121.29375,18.132],[121.29581,18.13347],[121.30079,18.13494],[121.30337,18.13624],[121.30491,18.13641],[121.30628,18.13494],[121.30834,18.13412],[121.31006,18.13102],[121.31178,18.12939],[121.31315,18.13037],[121.3147,18.12841],[121.31624,18.12907],[121.31315,18.13641],[121.31161,18.13788],[121.31109,18.13918],[121.31298,18.14244],[121.31349,18.14407],[121.31281,18.14473],[121.31291,18.14766],[121.3149,18.14855],[121.31534,18.15097],[121.31813,18.15044],[121.31933,18.14983],[121.32015,18.15076],[121.32274,18.15031],[121.32355,18.14985],[121.32481,18.1461],[121.32768,18.14981],[121.32959,18.14881],[121.33137,18.14988],[121.33059,18.15202],[121.33117,18.15262],[121.33203,18.15288],[121.33388,18.15152],[121.33636,18.15211],[121.33825,18.15335],[121.33809,18.15559],[121.33907,18.15566],[121.34,18.15696],[121.34284,18.15646],[121.34325,18.15575],[121.34426,18.15598],[121.34408,18.15686],[121.34575,18.15925],[121.34673,18.16294],[121.34834,18.1647],[121.34927,18.16764],[121.3506,18.16943],[121.34964,18.17128],[121.35186,18.17177],[121.35278,18.173],[121.35278,18.17473],[121.35485,18.1773]],[[121.22466,18.14375],[121.22751,18.14222],[121.22919,18.14183],[121.22816,18.14001],[121.22947,18.139],[121.23019,18.13757],[121.23194,18.13652],[121.23311,18.13723],[121.23411,18.13671],[121.2343,18.13277],[121.2335,18.13086],[121.23388,18.12752],[121.23277,18.12566],[121.23268,18.12451],[121.23401,18.12201],[121.23491,18.12151],[121.23648,18.12145],[121.23757,18.12047],[121.23668,18.11758],[121.23713,18.11658],[121.23803,18.11597],[121.23842,18.11165],[121.23869,18.11044],[121.23946,18.10941],[121.23773,18.10772],[121.23748,18.1065],[121.2381,18.10331],[121.23912,18.10196],[121.24129,18.10256],[121.24419,18.10167],[121.24557,18.10188],[121.24605,18.10232],[121.24531,18.1039],[121.24591,18.10455],[121.24789,18.10394],[121.25043,18.10482],[121.25328,18.10443],[121.25697,18.1084],[121.25769,18.1083],[121.25883,18.10731],[121.25957,18.1074],[121.26187,18.10857],[121.26369,18.1086],[121.26472,18.10999],[121.26541,18.1103],[121.26729,18.10898],[121.26824,18.109],[121.27046,18.11077],[121.27415,18.11174],[121.275,18.11088],[121.27628,18.11053]]]}},{"type":"Feature","properties":{"kind":"river","name":"Matuno River"},"geometry":{"type":"MultiLineString","coordinates":[[[121.03314,16.61342],[121.03418,16.61366],[121.0348,16.61327],[121.03526,16.60926],[121.0363,16.60933],[121.03757,16.6087]],[[121.03923,16.60951],[121.03998,16.61127],[121.04053,16.61163],[121.04295,16.61133]]]}},{"type":"Feature","properties":{"kind":"river","name":"Mayos River"},"geometry":{"type":"LineString","coordinates":[[120.70731,16.74558],[120.70624,16.74548],[120.70549,16.74472],[120.70494,16.74474],[120.70335,16.74307],[120.70197,16.74288],[120.70111,16.74351],[120.69962,16.7433],[120.69905,16.74218],[120.69953,16.74119],[120.70015,16.74089],[120.70011,16.74017],[120.69845,16.73843],[120.69699,16.7384],[120.69625,16.73776],[120.69404,16.73704],[120.69242,16.73809],[120.69198,16.73681],[120.69248,16.73571],[120.69207,16.73408],[120.69139,16.73428],[120.69076,16.73352],[120.6892,16.73464],[120.68829,16.73419],[120.68718,16.73449],[120.68608,16.73312],[120.68498,16.73286],[120.68415,16.73389],[120.68345,16.73352],[120.68417,16.7317],[120.68264,16.72926],[120.68174,16.72958],[120.68061,16.72893],[120.67979,16.72992],[120.67884,16.7294],[120.67854,16.72671],[120.6773,16.7268],[120.67635,16.72574],[120.67492,16.72556],[120.67391,16.72419],[120.67254,16.7239],[120.67209,16.72287],[120.67171,16.7228],[120.67069,16.72394],[120.66963,16.72544],[120.66959,16.72639],[120.66879,16.72639],[120.66786,16.72511],[120.66697,16.72472],[120.6665,16.72515],[120.66553,16.7235],[120.66429,16.72286],[120.66334,16.72287],[120.66279,16.72217],[120.66243,16.72209],[120.66147,16.72327],[120.6593,16.72298],[120.65798,16.72354],[120.65783,16.72204],[120.6562,16.72076],[120.65624,16.72012],[120.6552,16.71949],[120.65505,16.71889]]}},{"type":"Feature","properties":{"kind":"river","name":"Montabiong - Boliwong River"},"geometry":{"type":"LineString","coordinates":[[121.16596,16.84025],[121.16454,16.84009],[121.16557,16.83924],[121.16539,16.83858],[121.166,16.83899],[121.16667,16.8386],[121.1656,16.83684],[121.16601,16.83606],[121.16693,16.83672],[121.16732,16.8359],[121.16673,16.83505],[121.16571,16.83484],[121.16596,16.83416],[121.16455,16.83412],[121.16439,16.83467],[121.16272,16.83377],[121.16146,16.83497],[121.15894,16.83354],[121.158,16.83417],[121.15802,16.83324],[121.15643,16.83376],[121.15709,16.83309],[121.15673,16.83282],[121.15387,16.83335],[121.15142,16.82934],[121.15011,16.82923],[121.1501,16.82835],[121.14797,16.82588],[121.14919,16.8263],[121.14772,16.82463],[121.14799,16.82429],[121.14936,16.82462],[121.14961,16.82378],[121.14804,16.8208],[121.14685,16.81689],[121.14617,16.81682],[121.14606,16.81803],[121.14507,16.81852],[121.1454,16.81957],[121.14367,16.82257],[121.14325,16.82133],[121.14212,16.82194],[121.1395,16.82121],[121.13881,16.81941],[121.13852,16.81683],[121.13784,16.81678],[121.13714,16.8175],[121.13649,16.81731],[121.13697,16.81526],[121.13629,16.81405],[121.1356,16.81422],[121.13561,16.81536],[121.13421,16.81466]]}},{"type":"Feature","properties":{"kind":"river","name":"Nabbuangan River"},"geometry":{"type":"MultiLineString","coordinates":[[[121.22924,17.71258],[121.23238,17.71425],[121.23261,17.71578],[121.23213,17.71701],[121.23081,17.71736],[121.23024,17.71824],[121.23111,17.71893],[121.23218,17.71874],[121.23228,17.72138],[121.23298,17.72271],[121.23225,17.72363],[121.23127,17.72386],[121.23096,17.72454],[121.23251,17.72578],[121.2356,17.72688],[121.23536,17.72852],[121.23619,17.72942],[121.23652,17.73177],[121.23729,17.73295],[121.23682,17.73369],[121.23615,17.7336],[121.23554,17.73272],[121.23417,17.73272],[121.23383,17.73314],[121.23522,17.73877],[121.23831,17.73826],[121.24163,17.74086],[121.24439,17.74166],[121.24613,17.74096],[121.24932,17.74266],[121.25067,17.7438],[121.25203,17.747],[121.2541,17.7495],[121.25502,17.74984],[121.25667,17.74968],[121.25779,17.75039],[121.25788,17.75165],[121.25905,17.75289],[121.26088,17.75262],[121.2632,17.75373],[121.26482,17.75504],[121.2644,17.75655],[121.26374,17.75727],[121.2644,17.75845],[121.26732,17.7577],[121.27041,17.75851],[121.27229,17.75949],[121.27346,17.76209],[121.27478,17.76309],[121.27619,17.76281],[121.2771,17.76197],[121.27806,17.76193],[121.28081,17.76065],[121.28169,17.761],[121.28162,17.76175],[121.28071,17.76258],[121.27945,17.76249],[121.27836,17.76295],[121.27848,17.7641],[121.28185,17.76917],[121.28286,17.77007],[121.28399,17.7703],[121.28435,17.7699],[121.28448,17.76947],[121.28338,17.76821],[121.28328,17.7671],[121.2844,17.76647],[121.28799,17.77036],[121.28877,17.76963],[121.2886,17.76876],[121.28963,17.76783],[121.29018,17.769],[121.29191,17.76949],[121.29454,17.76951],[121.29578,17.77051],[121.29663,17.76992],[121.29696,17.76869],[121.29847,17.76795],[121.30164,17.76964],[121.30415,17.77574],[121.3081,17.78077],[121.30829,17.7818],[121.30806,17.78259],[121.30739,17.78272],[121.30631,17.78153],[121.30328,17.77946],[121.30121,17.7797],[121.30097,17.781],[121.30327,17.78281],[121.30412,17.78436],[121.30413,17.78511],[121.3034,17.78671],[121.30062,17.78924],[121.30135,17.79042],[121.30321,17.79023],[121.30719,17.79208],[121.30686,17.79743],[121.30777,17.80092],[121.31195,17.8016],[121.3147,17.80118],[121.31873,17.80006],[121.32074,17.79852],[121.32254,17.79832],[121.32654,17.80074],[121.32608,17.80181]],[[121.3224,17.80415],[121.31975,17.80414],[121.3165,17.80492],[121.31536,17.80693]],[[121.32608,17.80181],[121.32508,17.8032],[121.3224,17.80415]],[[121.3224,17.80415],[121.31835,17.80607],[121.31536,17.80693]],[[121.31536,17.80693],[121.31109,17.80902],[121.31064,17.812],[121.31,17.81329]]]}},{"type":"Feature","properties":{"kind":"river","name":"Nagabaron River"},"geometry":{"type":"MultiLineString","coordinates":[[[121.04729,18.48586],[121.04765,18.48649],[121.04895,18.48588],[121.05258,18.48892],[121.05555,18.48932],[121.05696,18.4905],[121.06016,18.49036],[121.06126,18.48945],[121.06281,18.4899],[121.06291,18.49311],[121.06342,18.49331],[121.06391,18.49237],[121.06511,18.49502],[121.06622,18.49549],[121.06628,18.4968],[121.06539,18.49736],[121.06562,18.49862],[121.06908,18.49906],[121.06979,18.49955],[121.06994,18.50049],[121.06862,18.50261],[121.07031,18.50491],[121.07041,18.50715],[121.0709,18.50812],[121.07316,18.5097],[121.07427,18.50997],[121.07512,18.50949],[121.07489,18.50683],[121.07521,18.50646],[121.07688,18.50632],[121.07773,18.5075],[121.078,18.51012],[121.07726,18.51257],[121.07857,18.51521],[121.08023,18.51734],[121.08134,18.51984],[121.0808,18.52336],[121.08284,18.52615],[121.08433,18.52704],[121.08667,18.52678],[121.08779,18.52719],[121.09063,18.52664],[121.09225,18.53024],[121.09392,18.53257]],[[121.09312,18.53706],[121.09275,18.53903],[121.09386,18.54371]]]}},{"type":"Feature","properties":{"kind":"river","name":"Nagan River"},"geometry":{"type":"MultiLineString","coordinates":[[[121.1746,18.19154],[121.17916,18.18995],[121.18414,18.19102],[121.18538,18.19254],[121.18672,18.19257],[121.18709,18.1933],[121.18775,18.1936],[121.18876,18.19332],[121.18934,18.19244],[121.19117,18.19307],[121.19148,18.19178],[121.19206,18.19162],[121.19273,18.18985],[121.19518,18.18956],[121.1949,18.18808],[121.19518,18.18744],[121.19574,18.18714],[121.19717,18.18778],[121.19817,18.18674],[121.19968,18.18639],[121.19978,18.18543],[121.20097,18.18471],[121.2028,18.18194],[121.20341,18.18159],[121.20441,18.18182],[121.20526,18.18086],[121.20592,18.18126],[121.20729,18.18049],[121.20864,18.18041],[121.20871,18.17967],[121.2094,18.17885],[121.21197,18.17838],[121.223,18.17803],[121.22771,18.17593],[121.22823,18.17498],[121.22933,18.17513],[121.22979,18.17479],[121.22956,18.17318],[121.22998,18.17269],[121.2318,18.17222],[121.23322,18.17241],[121.23412,18.17298],[121.23498,18.17461],[121.23518,18.17621],[121.23484,18.17695],[121.23615,18.17939],[121.23704,18.17967],[121.2397,18.17914],[121.24314,18.18104],[121.24616,18.18075],[121.24717,18.18163],[121.25128,18.18197],[121.25312,18.18167],[121.25409,18.18209],[121.25728,18.18155],[121.25834,18.18187],[121.26124,18.18065],[121.26236,18.17923],[121.2633,18.17885],[121.26457,18.17906],[121.26648,18.18096],[121.26855,18.18216],[121.26825,18.18319],[121.26896,18.1844],[121.27005,18.18457],[121.27318,18.18385],[121.27434,18.18494],[121.27703,18.18456],[121.27964,18.18491],[121.28197,18.18655],[121.28279,18.18673],[121.28355,18.18565],[121.28366,18.18452],[121.2875,18.18375],[121.28992,18.18399],[121.29021,18.18564],[121.29084,18.18599],[121.29106,18.18503],[121.29201,18.18451],[121.29553,18.18621],[121.29561,18.18674],[121.29483,18.18799],[121.29524,18.18835],[121.29489,18.19109],[121.29677,18.19158],[121.29987,18.18993],[121.3033,18.19016],[121.30426,18.18949],[121.30481,18.18866],[121.30433,18.18597],[121.30693,18.18522],[121.30751,18.18452],[121.30736,18.18332],[121.30787,18.18298],[121.30898,18.18296],[121.30913,18.1848],[121.31029,18.18639],[121.31239,18.18619],[121.31341,18.18463],[121.31188,18.1842],[121.31611,18.17943],[121.31689,18.17976],[121.31713,18.18067],[121.31712,18.18331],[121.31832,18.18364],[121.319,18.18298],[121.31832,18.18135],[121.31942,18.17935],[121.32175,18.1782],[121.32178,18.17688],[121.32107,18.17623],[121.32098,18.17366],[121.322,18.17315],[121.3247,18.17403],[121.3263,18.17524],[121.32653,18.17735],[121.32715,18.17861],[121.3298,18.17727],[121.33173,18.17748],[121.33305,18.17866],[121.33993,18.17738],[121.34067,18.17794],[121.34238,18.17802],[121.34432,18.17883],[121.346,18.17818],[121.348,18.17833],[121.35485,18.1773]],[[121.35485,18.1773],[121.35916,18.17979],[121.36131,18.18272],[121.36146,18.18543]]]}},{"type":"Feature","properties":{"kind":"river","name":"Naguilian River"},"geometry":{"type":"LineString","coordinates":[[120.56962,16.50814],[120.56885,16.50809],[120.56769,16.50886],[120.56589,16.50811],[120.56398,16.50849],[120.56252,16.50925],[120.56193,16.51029],[120.5587,16.51014],[120.55653,16.51198],[120.55385,16.51303],[120.55329,16.51433],[120.55193,16.5155],[120.54998,16.51964],[120.54862,16.52109],[120.54626,16.52146],[120.54706,16.52307],[120.54604,16.52415],[120.54136,16.52345],[120.54032,16.52241],[120.53677,16.52108],[120.53431,16.52135],[120.5306,16.52347],[120.52839,16.52647],[120.52747,16.5288],[120.52574,16.53066],[120.52285,16.5311],[120.51919,16.52949],[120.51835,16.52952],[120.51772,16.53035],[120.51737,16.53218],[120.51846,16.53526],[120.51746,16.53618],[120.51463,16.5371],[120.51253,16.53874],[120.51249,16.54058],[120.51399,16.54314],[120.51558,16.54359],[120.51914,16.54345],[120.5197,16.54479],[120.51933,16.54677],[120.51832,16.54825],[120.51707,16.54839],[120.51656,16.54746],[120.51524,16.54668],[120.5138,16.54714],[120.51288,16.54847],[120.51257,16.55072],[120.51367,16.55367],[120.51642,16.55749],[120.51393,16.56055],[120.51338,16.56175],[120.5158,16.56422],[120.51718,16.56923],[120.51675,16.57012],[120.51545,16.57101],[120.51162,16.5719],[120.51028,16.57288]]}},{"type":"Feature","properties":{"kind":"river","name":"Narvacan River"},"geometry":{"type":"LineString","coordinates":[[120.58099,17.49146],[120.58061,17.48942]]}},{"type":"Feature","properties":{"kind":"river","name":"Ominong River"},"geometry":{"type":"LineString","coordinates":[[120.65427,16.5694],[120.65424,16.57078],[120.65502,16.57108],[120.65521,16.57231],[120.65606,16.57335],[120.65567,16.57419],[120.6549,16.57449],[120.65398,16.57318],[120.65231,16.57311],[120.652,16.57381],[120.65342,16.57564],[120.65273,16.57753],[120.65012,16.5779],[120.65117,16.57986],[120.65015,16.58191],[120.65054,16.58293],[120.64962,16.58322],[120.649,16.58477],[120.65071,16.5868],[120.64936,16.5878],[120.64832,16.58962],[120.64833,16.59021],[120.6496,16.59079],[120.64786,16.59285],[120.64811,16.59415],[120.64906,16.59552],[120.64906,16.5967],[120.64712,16.59848],[120.64594,16.59896],[120.64649,16.60062],[120.64642,16.60174],[120.64583,16.60221],[120.64413,16.60244],[120.64583,16.60465]]}},{"type":"Feature","properties":{"kind":"river","name":"Pacalagu Creek"},"geometry":{"type":"LineString","coordinates":[[121.6296,17.4288],[121.63016,17.42894]]}},{"type":"Feature","properties":{"kind":"river","name":"Palsuguan River"},"geometry":{"type":"MultiLineString","coordinates":[[[120.72496,17.82017],[120.7245,17.81879],[120.72466,17.81534],[120.72579,17.81159],[120.72524,17.81068],[120.72169,17.8101],[120.71877,17.80646],[120.71471,17.80576],[120.7135,17.80287],[120.71388,17.7995],[120.71533,17.79631],[120.71539,17.79456],[120.71651,17.7898],[120.7148,17.78787],[120.7127,17.78258],[120.71027,17.78043],[120.70937,17.77934],[120.70896,17.77809],[120.70936,17.77616],[120.70932,17.77178],[120.70887,17.76938],[120.70721,17.76872],[120.70649,17.76642],[120.70689,17.76551],[120.70876,17.76374]],[[120.90489,17.92055],[120.90331,17.91911],[120.90157,17.91937],[120.8993,17.91905],[120.89861,17.91956],[120.89768,17.91898],[120.89647,17.9199],[120.89356,17.91858],[120.89219,17.91985],[120.88819,17.91943],[120.88707,17.92001],[120.88635,17.91977],[120.8859,17.92067],[120.88449,17.92097],[120.88355,17.92023],[120.88125,17.92022],[120.88124,17.91908],[120.87876,17.9191],[120.87815,17.9184],[120.87721,17.91827],[120.87489,17.92015],[120.87448,17.91859],[120.87371,17.91778],[120.87037,17.91633],[120.87054,17.91499],[120.86917,17.91476],[120.8692,17.91431],[120.87044,17.91367],[120.86991,17.9128],[120.87007,17.91143],[120.86784,17.91173],[120.86634,17.91287],[120.86546,17.91147],[120.86505,17.91147],[120.86364,17.91259],[120.85872,17.91311],[120.85767,17.91143],[120.8565,17.91145],[120.85455,17.91052],[120.85177,17.90771],[120.85112,17.90635],[120.84979,17.90616],[120.84888,17.90683],[120.84777,17.90611],[120.84696,17.90612],[120.84327,17.90799],[120.84306,17.90633],[120.84185,17.90516],[120.84102,17.90305],[120.84007,17.90263],[120.83874,17.90305],[120.83783,17.90271],[120.83652,17.90038],[120.83483,17.89985],[120.83379,17.89838],[120.8328,17.89827],[120.83123,17.89878],[120.83049,17.89829],[120.82988,17.89605],[120.8293,17.89482],[120.8279,17.89347],[120.82785,17.89264],[120.82663,17.89225],[120.82515,17.89099],[120.82389,17.89075],[120.82408,17.88976],[120.82334,17.88909],[120.82371,17.88737],[120.8215,17.88748],[120.82105,17.88699],[120.8193,17.88738],[120.81848,17.88714],[120.81822,17.88581],[120.81866,17.88472],[120.81825,17.88444],[120.81767,17.88447],[120.81714,17.88543],[120.81731,17.88666],[120.81683,17.88714],[120.81483,17.8881],[120.81385,17.88761],[120.81377,17.88531],[120.81454,17.88407],[120.81416,17.88189],[120.81634,17.88046],[120.81593,17.8781],[120.8152,17.87736],[120.81421,17.87732],[120.81376,17.87775],[120.81375,17.87862],[120.81194,17.87956],[120.81192,17.88034],[120.81114,17.88083],[120.80985,17.88047],[120.80919,17.87841],[120.80672,17.87895],[120.80646,17.88004],[120.80587,17.88075],[120.80549,17.88069],[120.80462,17.87996],[120.80274,17.877],[120.80295,17.87569],[120.80369,17.87526],[120.80495,17.8754],[120.80557,17.87467],[120.80432,17.8735],[120.80272,17.87343],[120.80298,17.87178],[120.80165,17.86935],[120.80247,17.86764],[120.80116,17.86732],[120.79929,17.86825],[120.79754,17.86575],[120.7981,17.86479],[120.79785,17.86445],[120.79562,17.86456],[120.79265,17.86625],[120.79227,17.86571],[120.7922,17.86411],[120.79058,17.86398],[120.79029,17.86289],[120.78915,17.86296],[120.78844,17.86033],[120.78781,17.86023],[120.78593,17.86122],[120.78496,17.86107],[120.78474,17.86038],[120.78531,17.85844],[120.78247,17.85842],[120.78091,17.85774],[120.78037,17.85634],[120.781,17.85512],[120.77887,17.85436],[120.77655,17.85515],[120.77588,17.85485],[120.77619,17.85384],[120.77524,17.85281],[120.77611,17.85153],[120.77474,17.8495],[120.77556,17.84733],[120.77419,17.84705],[120.77207,17.8456],[120.77065,17.84783],[120.76884,17.84903],[120.7685,17.84886],[120.76815,17.84583],[120.76864,17.84441],[120.7685,17.84252],[120.76753,17.84197],[120.76546,17.84218],[120.76379,17.84289],[120.75924,17.8413],[120.75796,17.84029],[120.75677,17.83714],[120.75518,17.83584],[120.75135,17.83597],[120.74927,17.83681],[120.74857,17.83664],[120.74804,17.83404],[120.74703,17.83353],[120.74513,17.83513],[120.74353,17.83436],[120.74113,17.83182],[120.73913,17.8308],[120.73648,17.83038],[120.73247,17.83089],[120.73217,17.83062],[120.73259,17.82791],[120.73088,17.82648],[120.72783,17.82222],[120.72496,17.82017]],[[120.7206,17.75298],[120.72394,17.75165],[120.72453,17.75062],[120.7259,17.74951],[120.72643,17.74809],[120.72699,17.74377],[120.72842,17.74121]],[[120.70876,17.76374],[120.70989,17.76232],[120.71322,17.75961],[120.71641,17.75798],[120.71834,17.75793],[120.71922,17.75748],[120.72006,17.7564],[120.7206,17.75298]],[[120.7206,17.75298],[120.72063,17.75137],[120.72146,17.75059],[120.72475,17.7443],[120.72464,17.74041],[120.7268,17.73904]],[[120.90837,17.92848],[120.90876,17.92814],[120.90859,17.92608],[120.9069,17.92615],[120.90528,17.92203],[120.90477,17.92155],[120.90489,17.92055]]]}},{"type":"Feature","properties":{"kind":"river","name":"Pangul River"},"geometry":{"type":"MultiLineString","coordinates":[[[121.6155,17.55007],[121.6154,17.55094],[121.61679,17.55412],[121.61323,17.55514],[121.61316,17.55605],[121.61219,17.55597],[121.6115,17.55653],[121.6112,17.55773],[121.61174,17.55883],[121.61082,17.55918],[121.61049,17.56112],[121.6091,17.56209],[121.60937,17.56278],[121.60905,17.56318],[121.60981,17.56361]],[[121.63129,17.51615],[121.63208,17.51703],[121.63324,17.51747],[121.63324,17.51966],[121.63523,17.52181],[121.63265,17.52275],[121.63191,17.52405],[121.62979,17.52602],[121.62814,17.52589],[121.62806,17.52665],[121.62737,17.52693],[121.62627,17.52868],[121.6255,17.52823],[121.62592,17.52766],[121.62503,17.52698],[121.62292,17.52655],[121.62294,17.52778],[121.62202,17.52868],[121.62192,17.52945],[121.62234,17.52998],[121.62214,17.53097],[121.62354,17.53175],[121.62357,17.53217],[121.62297,17.5323],[121.62349,17.53265],[121.6232,17.53339],[121.62235,17.53273],[121.62041,17.53418],[121.61925,17.53333],[121.61864,17.53377],[121.61909,17.53475],[121.61883,17.53587],[121.61932,17.53681],[121.61917,17.53745],[121.62069,17.53818],[121.62089,17.53869],[121.61968,17.53959],[121.61929,17.54138],[121.61765,17.5426],[121.61764,17.5444],[121.61626,17.54529],[121.61578,17.5474],[121.61468,17.54778],[121.61575,17.5491],[121.6155,17.55007]],[[121.62908,17.51277],[121.63024,17.51359],[121.63077,17.51349],[121.63019,17.5151],[121.63129,17.51615]]]}},{"type":"Feature","properties":{"kind":"river","name":"Pasil River"},"geometry":{"type":"MultiLineString","coordinates":[[[121.03576,17.33173],[121.03656,17.33226],[121.03814,17.33239],[121.03951,17.33407],[121.04172,17.33324],[121.04264,17.33353],[121.04296,17.33449],[121.04398,17.33443],[121.04671,17.33285],[121.047,17.33318],[121.04635,17.33512],[121.04711,17.33534],[121.04912,17.33456],[121.04977,17.33478],[121.05011,17.33526],[121.04967,17.33689],[121.05032,17.33771],[121.05254,17.33656],[121.0545,17.33813],[121.05605,17.33822]],[[121.08357,17.35032],[121.08986,17.34872]],[[121.12691,17.36219],[121.12929,17.36281],[121.12944,17.36334],[121.1314,17.36479],[121.13228,17.3646],[121.13312,17.36308],[121.13426,17.36297],[121.13586,17.3635],[121.13596,17.36398],[121.13547,17.36459],[121.13562,17.36561],[121.13796,17.36679],[121.139,17.36826],[121.13817,17.37036],[121.13961,17.37036],[121.14088,17.3711],[121.13916,17.37349],[121.13933,17.37454],[121.13889,17.37581],[121.13921,17.37709],[121.14097,17.37681],[121.14109,17.37816],[121.14363,17.3795],[121.1457,17.37962],[121.14606,17.38154],[121.14687,17.38265],[121.14931,17.3835],[121.15187,17.38316],[121.15238,17.38387],[121.1516,17.38502],[121.15201,17.38557],[121.15501,17.38526],[121.1559,17.3865],[121.15715,17.38603],[121.16067,17.38581],[121.16285,17.38751],[121.16345,17.38975],[121.16425,17.39047],[121.16512,17.39084],[121.16846,17.39024],[121.17049,17.39064],[121.17126,17.39126],[121.17166,17.39305],[121.17276,17.39337]],[[120.9963,17.29312],[120.99816,17.29214],[120.99948,17.29269],[120.99849,17.29472],[121.0002,17.29604],[121.00182,17.29532],[121.00204,17.2956],[121.00139,17.29777],[121.00237,17.29783],[121.00435,17.29609],[121.00674,17.29624],[121.00747,17.29726],[121.00731,17.29895],[121.0064,17.30042],[121.00702,17.30127],[121.00909,17.30102],[121.00933,17.30219],[121.00889,17.30418],[121.01266,17.30324],[121.0131,17.30393],[121.01286,17.30475],[121.0147,17.30684],[121.01661,17.306],[121.0171,17.30614],[121.01699,17.30759],[121.0156,17.30911],[121.0162,17.31003],[121.01587,17.3105],[121.01421,17.31112],[121.01484,17.31191]],[[121.17276,17.39337],[121.17533,17.39078],[121.17848,17.39004],[121.18075,17.38761],[121.1838,17.38636],[121.18499,17.38643],[121.18792,17.38779],[121.18973,17.38769],[121.19083,17.38964],[121.19258,17.38741],[121.19323,17.38706],[121.19475,17.38747],[121.19669,17.38838],[121.19694,17.3896],[121.19658,17.39178],[121.19919,17.39266],[121.20231,17.39469]],[[121.09302,17.35146],[121.09381,17.35153],[121.09424,17.35251],[121.0955,17.3535],[121.09645,17.35338],[121.09761,17.35514],[121.09868,17.35475],[121.09997,17.35343],[121.10115,17.35308],[121.10281,17.35418],[121.10481,17.35391],[121.10571,17.35418],[121.10718,17.354],[121.10795,17.35242],[121.11344,17.35294],[121.11475,17.35512],[121.1148,17.35653],[121.11623,17.35706],[121.11707,17.35855],[121.11993,17.35858],[121.12691,17.36219]],[[121.08986,17.34872],[121.09061,17.34908],[121.09232,17.35129],[121.09302,17.35146]],[[121.05605,17.33822],[121.05696,17.33863],[121.0579,17.3398],[121.06049,17.3398],[121.0609,17.34243],[121.06408,17.34411]],[[121.06408,17.34411],[121.06835,17.34644],[121.06979,17.3465],[121.07062,17.34815],[121.07301,17.34955],[121.07468,17.3494],[121.07638,17.34987],[121.0813,17.34725],[121.08136,17.34792],[121.08262,17.34901],[121.08278,17.35043],[121.08357,17.35032]],[[121.03396,17.33277],[121.03576,17.33173]],[[121.01484,17.31191],[121.01816,17.311],[121.0202,17.31168],[121.01853,17.31344],[121.01888,17.31401],[121.02046,17.31466],[121.02062,17.31518],[121.02019,17.31565],[121.01895,17.31581],[121.01851,17.31644],[121.01974,17.31917],[121.01972,17.32076],[121.02009,17.32115],[121.02322,17.32174],[121.02498,17.32412],[121.0277,17.32442],[121.03074,17.32318],[121.0312,17.3251],[121.0332,17.32473],[121.03351,17.32507],[121.03292,17.32686],[121.03338,17.32873],[121.03278,17.33097],[121.03314,17.33239],[121.03396,17.33277]],[[121.20231,17.39469],[121.20805,17.39842],[121.21074,17.39888],[121.21247,17.39833],[121.21303,17.39764],[121.2144,17.39709],[121.21541,17.39773],[121.21664,17.3978],[121.2182,17.39667],[121.22185,17.39527],[121.22398,17.39351],[121.22602,17.39282],[121.22739,17.39315],[121.22838,17.39511],[121.22898,17.39547],[121.23012,17.39474],[121.23236,17.3941]]]}},{"type":"Feature","properties":{"kind":"river","name":"Pasoy"},"geometry":{"type":"LineString","coordinates":[[121.06698,17.06299],[121.06358,17.06367],[121.06313,17.06427],[121.06144,17.06371],[121.06096,17.06403],[121.06051,17.06359],[121.05983,17.06539],[121.05892,17.06597],[121.05845,17.06586],[121.05883,17.06546],[121.05869,17.06496],[121.05788,17.06424],[121.05699,17.06467],[121.05659,17.06417],[121.05655,17.06301],[121.05586,17.0628],[121.05491,17.06347],[121.05398,17.06333],[121.05256,17.06473],[121.05123,17.06438],[121.04828,17.06488],[121.04766,17.06544],[121.04731,17.06678],[121.0462,17.06693],[121.04541,17.06623],[121.04288,17.06752],[121.04221,17.06667],[121.04125,17.06726],[121.03961,17.06933],[121.03911,17.06895],[121.03552,17.06896],[121.03428,17.06846],[121.03248,17.06878],[121.03155,17.06821],[121.03148,17.06749],[121.02948,17.06612],[121.02831,17.06727],[121.02664,17.06727],[121.02602,17.06766],[121.02484,17.06674],[121.0237,17.06777],[121.02254,17.06581],[121.02127,17.06574],[121.02071,17.06481],[121.01988,17.06472],[121.01724,17.06321],[121.01734,17.06249],[121.01668,17.0625],[121.01685,17.062],[121.01631,17.062]]}},{"type":"Feature","properties":{"kind":"river","name":"Pito River"},"geometry":{"type":"LineString","coordinates":[[120.87595,16.43787],[120.87676,16.43638],[120.87459,16.43643],[120.87341,16.4353],[120.87203,16.43471],[120.87166,16.43403],[120.86968,16.43365],[120.86991,16.43225],[120.86827,16.43205],[120.86872,16.43136],[120.86846,16.43105],[120.86783,16.43126],[120.86725,16.43072],[120.86547,16.43064],[120.8649,16.42964],[120.86293,16.42899],[120.8632,16.42809],[120.86282,16.42693],[120.86442,16.42706],[120.8652,16.42621],[120.86505,16.42511],[120.8643,16.42459],[120.86427,16.42394],[120.86328,16.4236],[120.86413,16.42278],[120.86362,16.42139],[120.86411,16.42053],[120.86393,16.41962],[120.86449,16.41836],[120.86445,16.41687],[120.86534,16.41609],[120.86523,16.41502],[120.86617,16.41233],[120.8659,16.40843]]}},{"type":"Feature","properties":{"kind":"river","name":"Pugo River"},"geometry":{"type":"LineString","coordinates":[[120.51626,16.34382],[120.51544,16.34323],[120.51423,16.34413],[120.51407,16.34496],[120.51333,16.34563],[120.51138,16.34499],[120.51021,16.34522],[120.50702,16.34414],[120.50655,16.34222],[120.50697,16.34098],[120.50692,16.33916],[120.5057,16.33824],[120.50572,16.33665],[120.50466,16.33601],[120.5041,16.33494],[120.50458,16.3344],[120.50627,16.3346],[120.50657,16.33402],[120.5039,16.33229],[120.50414,16.33155],[120.50595,16.33107],[120.5051,16.32889],[120.50398,16.3288],[120.50349,16.32834],[120.50343,16.32717],[120.50411,16.32658],[120.50435,16.3257],[120.50374,16.32512],[120.50222,16.32506],[120.50039,16.32337],[120.49755,16.32286],[120.49719,16.32233],[120.49821,16.32155],[120.49844,16.32086],[120.49672,16.32091]]}},{"type":"Feature","properties":{"kind":"river","name":"Sabangan River"},"geometry":{"type":"LineString","coordinates":[[120.88507,17.00547],[120.88602,17.0048],[120.89059,17.00567],[120.89135,17.00449],[120.89266,17.00429],[120.89489,17.00526],[120.89528,17.00489],[120.8952,17.0032],[120.89565,17.00302],[120.89652,17.00316],[120.89714,17.00457],[120.89751,17.00465],[120.8983,17.00358],[120.8992,17.00351],[120.90019,17.00371],[120.90259,17.00552],[120.90531,17.00524],[120.90955,17.00799],[120.91241,17.0093],[120.9151,17.00892],[120.91829,17.00969],[120.92002,17.01091],[120.92345,17.01049],[120.9255,17.01247],[120.92609,17.0115],[120.92559,17.00978],[120.92659,17.00814]]}},{"type":"Feature","properties":{"kind":"river","name":"Sagit River"},"geometry":{"type":"LineString","coordinates":[[120.90552,17.58405],[120.90585,17.58523],[120.90517,17.58705],[120.90641,17.58855],[120.90631,17.58969],[120.90712,17.59068],[120.90774,17.59249],[120.90887,17.59268],[120.9098,17.59341],[120.91062,17.59587],[120.90929,17.59959],[120.907,17.59995],[120.90712,17.60371],[120.90822,17.60529],[120.90813,17.60901],[120.90735,17.6099]]}},{"type":"Feature","properties":{"kind":"river","name":"Sagudin River"},"geometry":{"type":"MultiLineString","coordinates":[[[120.61287,16.4203],[120.61324,16.42109],[120.6125,16.42085],[120.61233,16.4215],[120.61161,16.42103],[120.61122,16.42177],[120.61029,16.42182],[120.6096,16.42243],[120.60891,16.42225],[120.60881,16.42272],[120.6075,16.42325],[120.608,16.4216],[120.60749,16.42096],[120.60791,16.42048],[120.60573,16.42078],[120.60482,16.41953],[120.60442,16.42035],[120.60361,16.42058],[120.60326,16.41974],[120.60272,16.41959],[120.59831,16.42213],[120.59801,16.42358],[120.59638,16.4232],[120.59713,16.42384],[120.59702,16.42423],[120.59598,16.42382],[120.5956,16.42444],[120.59361,16.42462]],[[120.61287,16.42029],[120.61287,16.4203]],[[120.61296,16.42013],[120.61287,16.42029]]]}},{"type":"Feature","properties":{"kind":"river","name":"Saguet River"},"geometry":{"type":"MultiLineString","coordinates":[[[120.63,17.79727],[120.62942,17.79671],[120.6272,17.79697],[120.62746,17.79598],[120.62862,17.79559],[120.62908,17.79493],[120.62882,17.7936],[120.62793,17.79319],[120.62717,17.79216],[120.62808,17.79103],[120.62622,17.79044],[120.62711,17.78706],[120.62865,17.78752],[120.62936,17.78671],[120.62821,17.78482],[120.62926,17.78391],[120.62747,17.78059],[120.62882,17.77852],[120.62796,17.77743],[120.6314,17.77405],[120.6316,17.77307],[120.63106,17.77133],[120.63158,17.76909],[120.63065,17.76665],[120.63218,17.76582],[120.6314,17.76324],[120.63184,17.76295],[120.63299,17.76354],[120.63403,17.76293],[120.63397,17.76191],[120.63203,17.7611],[120.63417,17.75953],[120.63413,17.75862],[120.63212,17.75695],[120.63559,17.75454],[120.63564,17.75661],[120.63638,17.75705],[120.63684,17.7561],[120.63654,17.75257],[120.63758,17.74974],[120.63583,17.74884],[120.63583,17.74796],[120.63645,17.74749],[120.63785,17.74767],[120.64029,17.74595],[120.64035,17.74555],[120.6401,17.74392],[120.63759,17.74155],[120.63782,17.74042],[120.63957,17.74089],[120.63979,17.73782],[120.63796,17.73427],[120.63634,17.73294],[120.63584,17.73117],[120.63631,17.73027],[120.64088,17.72643],[120.63888,17.72546],[120.63886,17.72483],[120.64193,17.72411],[120.64418,17.72513],[120.64541,17.72525],[120.6459,17.72479],[120.6452,17.72219],[120.64585,17.72218],[120.647,17.72302],[120.64833,17.72284],[120.64833,17.72215],[120.64714,17.72041]],[[120.63155,17.82045],[120.63259,17.81899],[120.63246,17.81794],[120.63155,17.8164],[120.63179,17.81605],[120.63347,17.81638],[120.63416,17.81553],[120.63347,17.81439],[120.63357,17.81326],[120.63309,17.81229],[120.63167,17.81213],[120.63158,17.81172],[120.63213,17.81098],[120.63343,17.8111],[120.63349,17.81053],[120.63171,17.80982],[120.63281,17.8081],[120.63399,17.80782],[120.63379,17.80559],[120.63456,17.80508],[120.63299,17.80237],[120.63052,17.80082],[120.62999,17.79995],[120.63,17.79727]]]}},{"type":"Feature","properties":{"kind":"river","name":"Saltan River"},"geometry":{"type":"LineString","coordinates":[[121.37917,17.61296],[121.38096,17.61422],[121.3846,17.62241],[121.38669,17.62556],[121.39156,17.62499],[121.39467,17.62334],[121.39575,17.62164],[121.39918,17.61968],[121.39997,17.61652],[121.40058,17.6154],[121.40181,17.61471],[121.40372,17.61481],[121.4089,17.61733],[121.41257,17.62],[121.41314,17.62062],[121.41463,17.62615]]}},{"type":"Feature","properties":{"kind":"river","name":"San Matias River"},"geometry":{"type":"LineString","coordinates":[[120.66245,17.58181],[120.66164,17.58177],[120.65985,17.58301],[120.65858,17.58314],[120.6594,17.58487],[120.65928,17.58591],[120.65693,17.58775],[120.65715,17.5898],[120.65459,17.5919],[120.65373,17.59384],[120.65215,17.59352],[120.65135,17.59381],[120.65012,17.59294],[120.64909,17.59337],[120.64731,17.59294],[120.64539,17.59339],[120.64332,17.59467],[120.64327,17.59544],[120.64239,17.59639],[120.64074,17.59647],[120.63943,17.5988],[120.63713,17.59718],[120.63667,17.59748],[120.63693,17.59818],[120.63633,17.59844],[120.63557,17.59787],[120.63522,17.59439],[120.63385,17.59493],[120.63198,17.59444],[120.63222,17.59391],[120.63126,17.59208],[120.63147,17.5914],[120.6326,17.59075],[120.63313,17.58989],[120.63278,17.58938],[120.63286,17.58821],[120.63353,17.5872],[120.63346,17.58645],[120.6342,17.58567],[120.63409,17.58429],[120.63489,17.58397],[120.63524,17.58284],[120.63536,17.58126],[120.63496,17.58081],[120.63555,17.57988],[120.63466,17.57927],[120.63545,17.57757],[120.63493,17.57744],[120.63446,17.57819],[120.63374,17.57756],[120.6338,17.57704],[120.63229,17.5768],[120.6324,17.57567],[120.63171,17.57596],[120.63132,17.57524],[120.63052,17.57563],[120.63037,17.57407],[120.62941,17.57416],[120.62871,17.5749],[120.62799,17.57475],[120.6277,17.57428],[120.62841,17.57366],[120.62365,17.57063]]}},{"type":"Feature","properties":{"kind":"river","name":"Sinalang River"},"geometry":{"type":"MultiLineString","coordinates":[[[120.6471,17.54072],[120.64631,17.54268],[120.64802,17.54295],[120.64904,17.54239],[120.65052,17.54286],[120.6523,17.54377],[120.65361,17.54545],[120.65203,17.54629],[120.65212,17.54669],[120.6506,17.54905],[120.64963,17.54991],[120.6485,17.55302],[120.64565,17.55688],[120.64559,17.55874],[120.64421,17.55911],[120.64202,17.55855],[120.64166,17.55753],[120.642,17.55436],[120.64084,17.55317],[120.64033,17.55315],[120.64007,17.55379],[120.64065,17.55481],[120.64078,17.55696],[120.64,17.55845],[120.6378,17.56115],[120.63695,17.56119],[120.63559,17.56051],[120.63454,17.55967],[120.63456,17.5592],[120.63745,17.5577],[120.63849,17.55598],[120.6378,17.55498],[120.63688,17.5546],[120.63564,17.55303],[120.63492,17.55272],[120.63372,17.55312],[120.63112,17.55606],[120.63079,17.55701],[120.63113,17.55905],[120.63079,17.55954],[120.63011,17.55937],[120.62861,17.5576],[120.62712,17.55735],[120.62639,17.55767],[120.62598,17.55888],[120.62818,17.56143],[120.62831,17.56287],[120.62771,17.56414],[120.62675,17.56477],[120.62402,17.56461],[120.62317,17.56286],[120.62244,17.56325],[120.6217,17.56628],[120.62201,17.56736],[120.62342,17.56932],[120.62365,17.57063],[120.62151,17.57369],[120.62083,17.57572],[120.6192,17.57593],[120.61725,17.57555],[120.61052,17.573],[120.60899,17.57187],[120.60529,17.567],[120.60267,17.56568],[120.60202,17.56458],[120.59994,17.56444],[120.59848,17.56487],[120.59685,17.5671],[120.59401,17.56949],[120.59354,17.57037]],[[120.5972,17.46426],[120.5984,17.46302],[120.59841,17.46246],[120.59913,17.46284],[120.60018,17.46211],[120.59942,17.46092],[120.59966,17.45982],[120.60144,17.45987],[120.60253,17.4586],[120.60354,17.45925],[120.60327,17.46032],[120.60498,17.46275],[120.60468,17.46486],[120.60616,17.46487],[120.6068,17.46405],[120.60779,17.46388],[120.60829,17.46449],[120.60804,17.46549],[120.60905,17.46593],[120.6095,17.46545],[120.60905,17.4642],[120.60935,17.46371],[120.60996,17.46369],[120.61042,17.46453],[120.61031,17.4654],[120.61118,17.46595],[120.61043,17.46727],[120.61122,17.46757],[120.61197,17.46884],[120.61321,17.46847],[120.61365,17.46945],[120.61802,17.46897],[120.6191,17.46834],[120.61824,17.46662],[120.61881,17.46606],[120.61933,17.46618],[120.61993,17.4675],[120.62086,17.46734],[120.62159,17.4665],[120.62286,17.46671],[120.62347,17.46735],[120.62279,17.46929],[120.62198,17.47036],[120.62185,17.47241],[120.62238,17.47314],[120.62571,17.47494],[120.62571,17.47596],[120.62483,17.47798],[120.62603,17.47868],[120.62588,17.47915],[120.6267,17.4795],[120.62737,17.48055],[120.62344,17.48306],[120.62251,17.48459],[120.62222,17.48684],[120.62319,17.48771],[120.62484,17.48725],[120.62564,17.48837],[120.6251,17.489],[120.62268,17.48858],[120.62004,17.48951],[120.61755,17.49221],[120.61743,17.49595],[120.61697,17.49661],[120.61448,17.49802],[120.61384,17.49927],[120.61395,17.49994],[120.61625,17.50301],[120.61603,17.50423],[120.61643,17.50597],[120.61793,17.50774],[120.62018,17.50868],[120.62125,17.5098],[120.62032,17.51159],[120.61814,17.51213],[120.61717,17.51342],[120.61801,17.51726],[120.61862,17.51754],[120.62279,17.51572],[120.62347,17.51265],[120.62442,17.5121],[120.62536,17.51225],[120.62721,17.51441],[120.62744,17.51607],[120.62652,17.51712],[120.62686,17.51787],[120.62901,17.51755],[120.63043,17.51611],[120.63229,17.51575],[120.63489,17.51711],[120.6356,17.51794],[120.63591,17.51985],[120.63563,17.52105],[120.63496,17.52175],[120.63396,17.52209],[120.63189,17.52121],[120.63085,17.52162],[120.62735,17.52128],[120.6265,17.52164],[120.62655,17.52271],[120.62853,17.52338],[120.62959,17.52423],[120.62949,17.52541],[120.63017,17.52702],[120.63214,17.52783],[120.6339,17.52982],[120.63502,17.53048],[120.63761,17.53415],[120.6437,17.53661],[120.64499,17.53774],[120.64596,17.53733],[120.64672,17.53609],[120.64738,17.53628],[120.64728,17.53969],[120.6468,17.53994],[120.6471,17.54072]]]}},{"type":"Feature","properties":{"kind":"river","name":"Sinocalan River"},"geometry":{"type":"LineString","coordinates":[[120.61785,16.21311],[120.61827,16.21278],[120.61837,16.21123],[120.61944,16.21012],[120.6198,16.21],[120.62076,16.21075],[120.6221,16.20995],[120.62325,16.21017],[120.62466,16.20919],[120.62516,16.20768],[120.62497,16.2026],[120.62542,16.20161],[120.62606,16.20123],[120.62593,16.19998],[120.62506,16.19948],[120.62509,16.19857],[120.62667,16.19673],[120.63022,16.19649],[120.62932,16.1929],[120.62988,16.19213],[120.63087,16.19189],[120.63232,16.19083],[120.63235,16.18967],[120.63069,16.18787],[120.63027,16.18681],[120.63176,16.18473],[120.63268,16.18409],[120.62989,16.18218],[120.63037,16.1803],[120.63011,16.18008],[120.62851,16.18055],[120.62735,16.17997],[120.62709,16.17926]]}},{"type":"Feature","properties":{"kind":"river","name":"Sool River"},"geometry":{"type":"MultiLineString","coordinates":[[[120.66941,17.81515],[120.6694,17.81417],[120.6683,17.81341],[120.66876,17.81218],[120.66774,17.81235],[120.66753,17.81186],[120.66816,17.81056],[120.66713,17.8088],[120.66681,17.80638],[120.66565,17.80528],[120.66516,17.80389],[120.6654,17.80324],[120.6646,17.80274],[120.66482,17.80086],[120.66184,17.79734],[120.66083,17.79536],[120.66083,17.79408],[120.6593,17.79209],[120.65985,17.79152],[120.66204,17.79246],[120.6626,17.79231],[120.66248,17.7914],[120.66372,17.79169],[120.66315,17.78983],[120.66344,17.78853],[120.66242,17.7869],[120.66267,17.78573],[120.66181,17.78486],[120.66109,17.78519],[120.66074,17.78489],[120.66149,17.78344],[120.66212,17.78327],[120.66285,17.78382],[120.66362,17.78353],[120.66352,17.78312],[120.66218,17.78203],[120.66161,17.78052],[120.65816,17.77952],[120.65768,17.77873],[120.65739,17.7758],[120.65674,17.77478],[120.65646,17.77455],[120.65524,17.77521],[120.65475,17.77469],[120.65666,17.77217],[120.6581,17.77272],[120.65834,17.77248],[120.65879,17.77101],[120.65799,17.77048],[120.65846,17.76921],[120.65735,17.76775],[120.65766,17.76721],[120.65911,17.76701],[120.65909,17.76582],[120.65845,17.76525],[120.65631,17.76492],[120.65646,17.76352],[120.65608,17.76326],[120.65516,17.76369],[120.65422,17.76333],[120.65239,17.76104],[120.65088,17.75997],[120.65082,17.7575],[120.65267,17.75681],[120.65294,17.75576],[120.65146,17.75389],[120.65161,17.75159],[120.65097,17.74987],[120.65051,17.74911],[120.64899,17.74877],[120.64829,17.74786],[120.64914,17.74692],[120.65155,17.74758],[120.65272,17.74695],[120.6536,17.74522],[120.65523,17.7451],[120.65679,17.74437],[120.65726,17.74287],[120.65577,17.74167],[120.65582,17.74115],[120.6569,17.74031],[120.65835,17.74071],[120.65859,17.74035],[120.6581,17.73938],[120.65698,17.73884],[120.65633,17.73653],[120.65384,17.73463],[120.65297,17.73335],[120.65298,17.73183],[120.65375,17.73089],[120.65474,17.73118],[120.65517,17.73051],[120.65374,17.72902],[120.65389,17.72689],[120.65289,17.72663],[120.65208,17.72689],[120.649,17.72541],[120.64883,17.72458],[120.65029,17.72406],[120.65082,17.72345],[120.64714,17.72041]],[[120.65517,17.68734],[120.65337,17.68741],[120.65024,17.68873],[120.64955,17.6896],[120.65002,17.69104],[120.64989,17.69241],[120.64939,17.69368],[120.64846,17.69346],[120.64709,17.6905],[120.64425,17.6872],[120.64271,17.68426],[120.64392,17.68015],[120.64375,17.67942],[120.64059,17.67777],[120.64043,17.67614],[120.64148,17.67483],[120.64144,17.67372],[120.64024,17.67328],[120.63917,17.67462],[120.6383,17.67501],[120.63718,17.6745],[120.63605,17.67304],[120.63528,17.67083],[120.63448,17.66546],[120.63632,17.66237],[120.63572,17.65958],[120.63621,17.65892],[120.63802,17.65831],[120.64057,17.65886],[120.64298,17.65766],[120.64325,17.65434],[120.64278,17.65116],[120.64207,17.65013],[120.63962,17.64844],[120.63607,17.64814],[120.63044,17.64605],[120.62917,17.64087],[120.62898,17.63682],[120.62948,17.6335]],[[120.67183,17.81758],[120.67168,17.81653],[120.67073,17.8161],[120.67147,17.8145],[120.67074,17.81417],[120.66991,17.81538],[120.66941,17.81515]],[[120.64714,17.72041],[120.6458,17.71896],[120.64713,17.71664],[120.64689,17.71549],[120.64617,17.71494],[120.64316,17.71406],[120.64197,17.71301],[120.6436,17.71199],[120.64358,17.70793],[120.6455,17.7066],[120.6476,17.7044],[120.64568,17.70185],[120.64042,17.70104],[120.64006,17.70055],[120.64176,17.69597],[120.64197,17.69421],[120.64288,17.69299],[120.6441,17.69235],[120.64556,17.69267],[120.64626,17.69551],[120.64492,17.69846],[120.64811,17.69968],[120.6522,17.69871],[120.65395,17.69735],[120.65564,17.69524],[120.65611,17.69392],[120.65607,17.68879],[120.65517,17.68734]]]}},{"type":"Feature","properties":{"kind":"river","name":"TIneg River"},"geometry":{"type":"MultiLineString","coordinates":[[[120.92319,17.78381],[120.9227,17.78515],[120.9191,17.78756],[120.91876,17.78834],[120.9192,17.78894],[120.92057,17.78898],[120.9213,17.78944],[120.92147,17.79158],[120.92101,17.79248],[120.91893,17.79222],[120.91326,17.78816],[120.91206,17.78781],[120.91068,17.78898],[120.90856,17.78846],[120.90813,17.78764],[120.90806,17.78568],[120.90743,17.78485],[120.90236,17.78512],[120.90077,17.78556],[120.895,17.78517],[120.8937,17.78694],[120.89135,17.78715],[120.88866,17.7885],[120.8873,17.79098],[120.88617,17.79202],[120.88505,17.79228],[120.88406,17.79169],[120.88099,17.7917],[120.87948,17.79272],[120.87724,17.79659],[120.87544,17.79695],[120.87413,17.79835],[120.87383,17.80012],[120.86675,17.80507],[120.8653,17.80872],[120.8636,17.8102],[120.86089,17.81427],[120.86093,17.81643],[120.86141,17.81709],[120.86423,17.81881],[120.86453,17.81967],[120.86352,17.82159],[120.86211,17.82602],[120.86247,17.82798],[120.86142,17.83221],[120.86021,17.83359],[120.85718,17.8352],[120.85758,17.8363],[120.85957,17.8362],[120.86028,17.8373],[120.85986,17.83862],[120.85858,17.83994],[120.85752,17.83967],[120.85659,17.83875],[120.85559,17.83885]],[[120.85559,17.83885],[120.84899,17.84171],[120.84661,17.84068],[120.84547,17.83819],[120.84091,17.83724],[120.83925,17.83973],[120.83786,17.83991],[120.83624,17.83737],[120.83364,17.83706],[120.83124,17.83553],[120.82893,17.83119],[120.82688,17.82911],[120.8253,17.82995],[120.82581,17.83118],[120.82589,17.83304],[120.82498,17.83494],[120.82399,17.83553],[120.82206,17.83463],[120.82081,17.83035],[120.819,17.83018],[120.81599,17.83104],[120.81506,17.83062],[120.81458,17.83003],[120.81483,17.82896],[120.8142,17.82719],[120.8152,17.82286],[120.81476,17.82136],[120.81373,17.8207],[120.81251,17.82118],[120.80904,17.82601],[120.80769,17.827],[120.80679,17.82672],[120.80643,17.82483],[120.80524,17.82334],[120.80232,17.82259],[120.79806,17.82224],[120.79806,17.82095],[120.79992,17.81784],[120.80001,17.81683],[120.79773,17.81421],[120.79618,17.8148],[120.79537,17.81464],[120.79509,17.81411],[120.79532,17.81116],[120.79087,17.80915],[120.78969,17.80776],[120.7904,17.80703],[120.7913,17.80491],[120.79224,17.80136],[120.7921,17.80063],[120.78947,17.80023],[120.78509,17.79881],[120.78337,17.79739],[120.78303,17.79569],[120.78202,17.79445],[120.78174,17.79325],[120.78228,17.7921],[120.78516,17.78915],[120.78531,17.78855],[120.78062,17.78221],[120.77974,17.78187],[120.77217,17.78312],[120.77128,17.7829],[120.77054,17.78224],[120.77039,17.78129],[120.77277,17.77766],[120.77301,17.77604],[120.77164,17.77372],[120.7618,17.76319],[120.75826,17.76096],[120.75428,17.7605],[120.75051,17.75868],[120.7489,17.75725],[120.7479,17.75515],[120.74692,17.75528],[120.7464,17.75673],[120.74559,17.75738],[120.74353,17.75751],[120.73544,17.75069],[120.73401,17.74757],[120.73407,17.7457],[120.73227,17.74525],[120.72947,17.74278],[120.72166,17.73144],[120.72123,17.73007],[120.72142,17.72777],[120.72064,17.72481],[120.71773,17.71992],[120.71581,17.7179],[120.71585,17.7164],[120.71996,17.71156],[120.72014,17.70806],[120.7201,17.70737],[120.71754,17.70403],[120.71621,17.70061],[120.71335,17.69802],[120.71207,17.69608],[120.7114,17.69362],[120.71308,17.69014],[120.7107,17.68546],[120.7086,17.67017],[120.70918,17.66685],[120.70962,17.66639],[120.7105,17.66299],[120.71228,17.66107]],[[120.71058,17.65924],[120.70953,17.65796],[120.70603,17.65565],[120.69945,17.64934],[120.69792,17.64737],[120.69521,17.6469],[120.69281,17.64534],[120.68594,17.64437],[120.68472,17.64378],[120.68123,17.64077],[120.6805,17.63938],[120.67933,17.63944],[120.67772,17.63879],[120.67706,17.63802],[120.67686,17.6354],[120.67647,17.63492],[120.671,17.63599],[120.66862,17.63704],[120.66405,17.64004],[120.66048,17.64144],[120.657,17.64104],[120.65312,17.63821],[120.64783,17.63657],[120.64519,17.63681],[120.64014,17.64119],[120.6396,17.64098],[120.63505,17.63807],[120.63373,17.63666],[120.63126,17.63515],[120.62948,17.6335],[120.62793,17.63049],[120.62262,17.62655],[120.62064,17.62228]],[[121.07034,17.81951],[121.06994,17.81958],[121.06947,17.81811],[121.06884,17.81799],[121.06598,17.81875],[121.06521,17.81936],[121.06544,17.82019],[121.06381,17.82131],[121.06376,17.82285],[121.06166,17.82311],[121.06059,17.82386],[121.06042,17.82469],[121.06105,17.82665],[121.06039,17.82714],[121.05811,17.82491],[121.05653,17.82484],[121.05499,17.82368],[121.0523,17.82264],[121.05205,17.82181],[121.05398,17.81914],[121.05416,17.81638],[121.05344,17.81573],[121.05252,17.81574],[121.05102,17.81503],[121.0498,17.81391],[121.04948,17.8124],[121.05074,17.81035],[121.04728,17.81001],[121.04804,17.80872],[121.04767,17.80759],[121.04584,17.80763],[121.04476,17.80661],[121.04604,17.80587],[121.04631,17.80455],[121.04308,17.80377],[121.0428,17.80148],[121.04219,17.80136],[121.04177,17.80219],[121.04066,17.80201],[121.04004,17.8011],[121.03928,17.8011],[121.03618,17.80277],[121.03531,17.8028],[121.03456,17.80227],[121.03311,17.80234],[121.03168,17.8016],[121.03045,17.80291],[121.02759,17.80454],[121.02699,17.80765],[121.02463,17.80872],[121.0233,17.8076],[121.02035,17.80785],[121.01972,17.80817],[121.01951,17.80916],[121.01885,17.80994],[121.01653,17.80844],[121.01463,17.81078],[121.01377,17.81606],[121.01324,17.81715],[121.01012,17.81854],[121.00895,17.81996],[121.00832,17.82026],[121.00743,17.81957],[121.00623,17.81998],[121.00508,17.81921],[121.00431,17.81933],[121.00348,17.8189],[121.00297,17.81701],[121.00235,17.81678],[121.00027,17.81882],[120.99966,17.82037],[120.99879,17.82088],[120.99797,17.82025],[120.99758,17.81905],[120.99733,17.81621],[120.99586,17.81549],[120.99429,17.81351],[120.99336,17.81351],[120.99149,17.81451],[120.9908,17.81451],[120.99043,17.81313],[120.99261,17.81142],[120.99283,17.81074],[120.99261,17.81023],[120.9909,17.81007],[120.99056,17.80903],[120.98926,17.80932],[120.98756,17.80873],[120.98706,17.80913],[120.98588,17.80857],[120.98144,17.80981],[120.98058,17.8094],[120.97961,17.80796],[120.9787,17.80742],[120.97769,17.80724],[120.97498,17.80805],[120.97421,17.80769],[120.97392,17.80635],[120.97139,17.80533],[120.9693,17.80638],[120.96736,17.80998],[120.96553,17.80997],[120.96485,17.80946],[120.96495,17.80819],[120.96543,17.80748],[120.96694,17.80641],[120.96878,17.804],[120.9683,17.80233],[120.96658,17.80063],[120.96771,17.79803],[120.96806,17.79481],[120.96665,17.79511],[120.96556,17.79338]],[[121.07336,17.78379],[121.07336,17.78459],[121.07379,17.78505],[121.07632,17.78619],[121.07665,17.78701],[121.07784,17.78741],[121.07784,17.78811],[121.07588,17.78827],[121.07555,17.7888],[121.07671,17.79003],[121.07732,17.79164],[121.07697,17.79192],[121.07542,17.79126],[121.07342,17.792],[121.07207,17.79322],[121.06966,17.79445],[121.07089,17.79578],[121.07098,17.79708],[121.07234,17.79771],[121.07279,17.79832],[121.07299,17.79982],[121.07235,17.80112],[121.07344,17.80147],[121.07484,17.80079],[121.07522,17.80116],[121.07328,17.80587],[121.07039,17.80691],[121.06926,17.80591],[121.06867,17.80667],[121.06904,17.8079],[121.07026,17.80943],[121.06886,17.81011],[121.06842,17.81159],[121.06722,17.8127],[121.07,17.81338],[121.07074,17.81403],[121.07137,17.81877],[121.07034,17.81951]],[[120.71228,17.66107],[120.71058,17.65924]],[[120.96556,17.79338],[120.96414,17.79334],[120.96399,17.793],[120.96451,17.79133],[120.96404,17.78993],[120.9632,17.78967],[120.96115,17.78996],[120.96148,17.78778],[120.95869,17.78285],[120.95695,17.78365],[120.95455,17.78353],[120.95352,17.78251],[120.9528,17.78246],[120.95112,17.78323],[120.94909,17.78267],[120.94821,17.78134],[120.94526,17.78321],[120.94442,17.78463],[120.94371,17.78491],[120.94096,17.78149],[120.94024,17.78134],[120.93941,17.78328],[120.93822,17.78445],[120.93215,17.78503],[120.92803,17.78696],[120.92726,17.7865],[120.926,17.78299],[120.92513,17.78237],[120.92365,17.78316],[120.92319,17.78381]]]}},{"type":"Feature","properties":{"kind":"river","name":"Tabayagan River"},"geometry":{"type":"MultiLineString","coordinates":[[[121.016,18.1152],[121.01978,18.11781],[121.02082,18.11795],[121.02215,18.11722],[121.02363,18.11492],[121.02493,18.11373],[121.02832,18.11382],[121.02969,18.11436],[121.03165,18.11354],[121.03269,18.11241],[121.03428,18.11205],[121.03499,18.1123],[121.03542,18.1133],[121.03452,18.11469],[121.03472,18.11517],[121.03528,18.11572],[121.03711,18.11607],[121.04005,18.11394],[121.04262,18.111],[121.04424,18.11127],[121.04576,18.11228],[121.04788,18.11233],[121.04828,18.1114],[121.04674,18.10969],[121.04771,18.10766],[121.04842,18.10744],[121.05308,18.10876],[121.05487,18.11029],[121.05576,18.11046],[121.05679,18.11006],[121.05606,18.10956],[121.05688,18.10833],[121.05825,18.1082],[121.06059,18.11075],[121.06216,18.11425],[121.06399,18.11417],[121.06466,18.11457],[121.0663,18.11783],[121.0665,18.12013],[121.06604,18.12186],[121.06713,18.12484],[121.0681,18.12609],[121.06869,18.12662],[121.07463,18.12759],[121.08089,18.13499]],[[120.94494,18.00635],[120.94804,18.00755],[120.94969,18.00713],[120.95205,18.00893],[120.95452,18.00804],[120.95621,18.00793],[120.95746,18.00859],[120.95956,18.00846],[120.96114,18.00674],[120.96247,18.00644],[120.96385,18.00546],[120.96732,18.00605],[120.96957,18.00578],[120.97147,18.00742],[120.97267,18.00764],[120.97403,18.00693],[120.97517,18.00423],[120.97502,18.00295],[120.97593,18.00246],[120.97601,18.00117],[120.97721,18.0007],[120.97849,18.00154],[120.97902,18.00309],[120.97983,18.00342],[120.97989,18.00829],[120.98049,18.00868],[120.98117,18.00834],[120.9838,18.00858],[120.98424,18.00905],[120.98432,18.01008],[120.98548,18.01092],[120.98512,18.01361],[120.9858,18.01361],[120.98783,18.01611],[120.98812,18.01762],[120.99053,18.02081],[120.98901,18.023],[120.98888,18.02544],[120.98802,18.02723],[120.98658,18.02788],[120.98596,18.02969],[120.98799,18.03453],[120.99115,18.03546],[120.99172,18.03819],[120.99127,18.04061],[120.99193,18.04107],[120.99213,18.04213],[120.99384,18.04197],[120.99416,18.04232],[120.99377,18.04549],[120.99614,18.04458],[120.99732,18.0461],[120.99815,18.04642],[120.99931,18.04986],[121.00095,18.05056],[121.00221,18.05378],[120.99942,18.0566],[120.99919,18.0582],[120.99821,18.0593],[120.99655,18.06004],[120.99564,18.05981],[120.9947,18.06008],[120.99423,18.06061],[120.99334,18.06298],[120.99384,18.06401],[120.99359,18.06485],[120.99097,18.06468],[120.99067,18.06521],[120.9916,18.06839],[120.99042,18.06888],[120.98919,18.07013],[120.99016,18.07168],[120.98906,18.0719],[120.98711,18.07476],[120.98486,18.07708],[120.98468,18.07799],[120.98241,18.07986],[120.98183,18.08159],[120.98345,18.08475],[120.98271,18.0869],[120.983,18.08957],[120.98263,18.09057],[120.98278,18.09242],[120.9833,18.09362],[120.9844,18.09442],[120.98438,18.09595],[120.98594,18.09701],[120.98732,18.09716]],[[120.98732,18.09716],[120.99102,18.0984],[120.99357,18.10016],[120.99503,18.10225],[120.99707,18.10228],[120.99997,18.10433],[121.00215,18.10442],[121.00391,18.1058],[121.00402,18.10725],[121.00462,18.10831],[121.009,18.111],[121.01213,18.11114],[121.01342,18.11206],[121.01436,18.11406],[121.016,18.1152]]]}},{"type":"Feature","properties":{"kind":"river","name":"Tabuk River"},"geometry":{"type":"LineString","coordinates":[[121.32511,17.3566],[121.32627,17.35669],[121.32582,17.35864],[121.32616,17.35958],[121.32704,17.35967],[121.32999,17.35857],[121.33089,17.35882],[121.33089,17.36009],[121.3322,17.36042],[121.33322,17.36177],[121.33337,17.36274],[121.33546,17.36418],[121.33545,17.36465],[121.3346,17.36521],[121.33458,17.36575],[121.33595,17.36673],[121.33667,17.36843],[121.33826,17.36853],[121.33814,17.36989],[121.33964,17.37114],[121.34036,17.37094],[121.34062,17.3691],[121.34275,17.36951],[121.34201,17.37032],[121.34199,17.37118],[121.34319,17.37049],[121.34387,17.37067],[121.34444,17.37115],[121.34483,17.37255],[121.34588,17.37294],[121.34596,17.37396],[121.34743,17.37323],[121.34753,17.37197],[121.34873,17.3721],[121.35086,17.37158],[121.35039,17.37309],[121.35137,17.37357],[121.35132,17.37455],[121.35193,17.37497],[121.35194,17.37595],[121.35293,17.37838],[121.3543,17.38008],[121.35604,17.37932],[121.35707,17.37982],[121.35761,17.38107],[121.35947,17.38001],[121.3602,17.38095],[121.36092,17.38051],[121.36122,17.37894],[121.36237,17.37863],[121.36293,17.37905],[121.36299,17.38057],[121.36348,17.38064],[121.36393,17.38003],[121.3648,17.37977],[121.36581,17.38179],[121.36663,17.38046],[121.36511,17.37865],[121.36512,17.37826],[121.36558,17.37816],[121.36758,17.37915],[121.36732,17.38012],[121.36826,17.38101],[121.369,17.38047],[121.37344,17.38092],[121.37182,17.38226],[121.37218,17.38366],[121.37262,17.38378],[121.3739,17.38185],[121.37445,17.38208],[121.37431,17.38279],[121.37661,17.38345],[121.37787,17.3833],[121.37691,17.38114],[121.3781,17.38086],[121.37771,17.37988],[121.37854,17.379],[121.37976,17.37922],[121.37869,17.38037],[121.37894,17.38106],[121.37996,17.38092],[121.38078,17.37986],[121.38152,17.37993],[121.38194,17.38035],[121.38213,17.38184],[121.38408,17.38266],[121.3847,17.38215],[121.38391,17.38134],[121.38348,17.38014],[121.38454,17.37996],[121.38589,17.3809],[121.38681,17.38107],[121.3881,17.38271],[121.38875,17.38284],[121.38938,17.3819],[121.38984,17.38206],[121.39144,17.38587],[121.3919,17.38613],[121.39309,17.38562],[121.39329,17.38816],[121.39489,17.38836],[121.39626,17.38915],[121.39843,17.38841],[121.39863,17.38884],[121.39822,17.38958],[121.39657,17.39131],[121.39676,17.39273],[121.3974,17.39388],[121.3985,17.39449]]}},{"type":"Feature","properties":{"kind":"river","name":"Talatugu River"},"geometry":{"type":"MultiLineString","coordinates":[[[121.34642,17.76446],[121.34524,17.76177],[121.34331,17.7632],[121.33961,17.76136],[121.33818,17.76322],[121.33596,17.76144],[121.33456,17.76121],[121.33479,17.76387],[121.33556,17.7641],[121.33669,17.76381],[121.33766,17.76462],[121.33786,17.76566],[121.3359,17.76481],[121.33466,17.76474],[121.3338,17.76353],[121.3338,17.76286]],[[121.34981,17.76381],[121.34856,17.76256],[121.34763,17.7622],[121.34714,17.76283],[121.34722,17.7642],[121.34698,17.76442],[121.34666,17.76447],[121.34642,17.76446]],[[121.35118,17.76301],[121.35112,17.76393],[121.34981,17.76381]],[[121.35842,17.75711],[121.35704,17.75809],[121.35577,17.75752],[121.3557,17.75896],[121.35477,17.75941],[121.355,17.76032],[121.35381,17.76013],[121.353,17.76135],[121.35128,17.76138],[121.35087,17.76202],[121.35118,17.76301]],[[121.36676,17.74264],[121.3667,17.74358],[121.36775,17.74376],[121.3679,17.74435],[121.3676,17.7447],[121.36671,17.7441],[121.36613,17.7445],[121.36588,17.74524],[121.36652,17.74601]],[[121.36938,17.74048],[121.36876,17.74091],[121.36922,17.74142],[121.36838,17.74135],[121.36676,17.74264]],[[121.36985,17.7398],[121.36938,17.74048]],[[121.3338,17.76286],[121.33363,17.76217],[121.33255,17.76154],[121.33195,17.76187],[121.33175,17.76271]],[[121.36652,17.74601],[121.36524,17.74592],[121.36525,17.74687],[121.36482,17.74696],[121.36485,17.74738],[121.36595,17.74781],[121.36475,17.74821],[121.36544,17.74891],[121.36504,17.74993],[121.36293,17.74914],[121.3629,17.74974],[121.36381,17.75049],[121.36359,17.75118],[121.36301,17.75125],[121.36222,17.75054],[121.36157,17.75136],[121.3616,17.75226],[121.36018,17.75299],[121.3602,17.75337],[121.36171,17.75437],[121.3604,17.75468],[121.36008,17.75578],[121.35951,17.75482],[121.35864,17.75456],[121.35823,17.75616],[121.35842,17.75711]]]}},{"type":"Feature","properties":{"kind":"river","name":"Talubin River"},"geometry":{"type":"MultiLineString","coordinates":[[[120.96409,16.94163],[120.96504,16.94114],[120.96622,16.94134],[120.96754,16.94068],[120.9691,16.9411],[120.97022,16.94185],[120.97424,16.94291],[120.97488,16.94411],[120.97549,16.94426],[120.97665,16.94551],[120.97788,16.94565],[120.97851,16.94615],[120.98156,16.94575],[120.98207,16.94591],[120.98261,16.9472],[120.98364,16.94783],[120.98483,16.9474],[120.98634,16.94762],[120.98652,16.94838],[120.98784,16.94907],[120.98777,16.94998],[120.98904,16.95073],[120.98887,16.95348],[120.99175,16.95679],[120.9925,16.95913],[120.99322,16.95984],[120.99832,16.96116],[120.99965,16.96195],[121.00025,16.96438],[121.00182,16.96691],[121.00257,16.9696],[121.00268,16.97157],[121.00488,16.97199],[121.00645,16.97526],[121.00593,16.97643],[121.00722,16.97896],[121.00652,16.98042],[121.00823,16.98074],[121.00898,16.98219],[121.00856,16.98345],[121.00949,16.98353],[121.01023,16.98492],[121.01195,16.98501],[121.01081,16.98711],[121.01195,16.98803],[121.01294,16.98979],[121.01321,16.99184],[121.0149,16.99277],[121.0141,16.99334],[121.01464,16.99447],[121.0138,16.99535],[121.01467,16.99703],[121.01388,16.99871],[121.01436,16.99923],[121.01374,16.99982],[121.01341,17.0011],[121.01376,17.00219],[121.01372,17.00487],[121.01441,17.00646],[121.01576,17.00708],[121.01607,17.00793],[121.0158,17.00914],[121.01389,17.01094],[121.01228,17.01424],[121.0111,17.0146],[121.01092,17.01792],[121.01032,17.01884],[121.0101,17.02132],[121.0114,17.02277],[121.01274,17.02321],[121.01339,17.02524],[121.01275,17.02796],[121.01178,17.02921],[121.01219,17.03075],[121.0112,17.03278],[121.01133,17.03468],[121.01052,17.03544],[121.01048,17.03727],[121.0109,17.0382],[121.01053,17.03896],[121.01054,17.04063],[121.00975,17.04156],[121.00963,17.04365],[121.00858,17.0447],[121.00836,17.04629],[121.0098,17.04933],[121.00936,17.05038],[121.01073,17.05076],[121.01143,17.05206],[121.01296,17.05257],[121.01451,17.05497],[121.01447,17.05623],[121.01513,17.05697],[121.0154,17.05862],[121.01733,17.05938],[121.01707,17.06084]],[[121.01707,17.06084],[121.01596,17.0631],[121.01541,17.06352],[121.01422,17.06339],[121.01119,17.06507],[121.01153,17.06625],[121.01213,17.06664],[121.01411,17.06644],[121.01428,17.06684],[121.01366,17.06927],[121.01368,17.07353],[121.01298,17.07527],[121.01287,17.07685],[121.01306,17.07728],[121.01397,17.07722],[121.01423,17.07757],[121.01344,17.07855],[121.01491,17.08067],[121.01485,17.08204],[121.01565,17.08248],[121.01558,17.08317],[121.01689,17.08358],[121.01755,17.0843],[121.0179,17.08586],[121.01767,17.08743],[121.01855,17.08794],[121.01999,17.09003],[121.02086,17.09352],[121.02202,17.0943],[121.02199,17.09804],[121.02322,17.09978],[121.02315,17.10185],[121.02434,17.10243],[121.02447,17.10293],[121.0231,17.10471],[121.02293,17.10742],[121.02388,17.11089],[121.02489,17.1124],[121.02484,17.11341],[121.02555,17.11408]],[[120.94406,16.89408],[120.94557,16.89494],[120.94706,16.89465],[120.94776,16.89506],[120.949,16.89449],[120.94926,16.89532],[120.94985,16.89529],[120.95019,16.89478],[120.95091,16.89564],[120.95078,16.89694],[120.94973,16.89703],[120.94969,16.89882],[120.95061,16.89908],[120.95025,16.89986],[120.95126,16.90057],[120.95105,16.90129],[120.9497,16.90187],[120.94943,16.9029],[120.9483,16.90311],[120.94796,16.90393],[120.94826,16.90483],[120.94937,16.90447],[120.94812,16.90631],[120.94982,16.9073],[120.95019,16.90474],[120.95067,16.90431],[120.95336,16.9042],[120.95386,16.907],[120.95299,16.90766],[120.9526,16.9072],[120.95193,16.90741],[120.95094,16.90856],[120.9508,16.90979],[120.952,16.91063],[120.95111,16.91327]],[[120.93811,16.87793],[120.9385,16.87897],[120.93969,16.87888],[120.94004,16.88015],[120.9396,16.88057],[120.93964,16.88147],[120.93875,16.88127],[120.93879,16.88219],[120.93797,16.88251],[120.93732,16.88439],[120.9367,16.88489],[120.93764,16.88565],[120.93761,16.88603],[120.93797,16.88548],[120.93876,16.88545],[120.93906,16.88709]],[[120.95968,16.93457],[120.95957,16.93587],[120.95972,16.93648],[120.96062,16.93714],[120.96055,16.93811],[120.96285,16.93958],[120.962,16.94069],[120.96232,16.94127]],[[120.93906,16.88709],[120.94058,16.8878],[120.9411,16.88748],[120.94202,16.88778],[120.94201,16.88863],[120.9412,16.88896],[120.9421,16.88974],[120.94211,16.8915],[120.94136,16.89169],[120.9424,16.89243],[120.94234,16.89349],[120.94406,16.89408]],[[120.95111,16.91327],[120.95322,16.91324],[120.95378,16.91372],[120.95376,16.91607],[120.95252,16.91654],[120.95382,16.9171],[120.95561,16.91954],[120.95643,16.92004],[120.95576,16.92195],[120.95473,16.92328],[120.95493,16.92428],[120.95615,16.92542],[120.95452,16.92868],[120.95495,16.93088],[120.95551,16.9317],[120.95497,16.93287]],[[120.95497,16.93287],[120.95681,16.93401],[120.95968,16.93457]],[[120.96232,16.94127],[120.96342,16.94111],[120.96409,16.94163]]]}},{"type":"Feature","properties":{"kind":"river","name":"Tanap River"},"geometry":{"type":"LineString","coordinates":[[120.65505,16.71889],[120.65488,16.71765],[120.65606,16.71493],[120.65569,16.71292],[120.65559,16.71256],[120.65417,16.7121],[120.65364,16.71142],[120.65334,16.70994],[120.65251,16.70966],[120.65136,16.71024],[120.65087,16.7101],[120.65032,16.70948],[120.64972,16.70719],[120.64819,16.70553],[120.64666,16.70477],[120.64669,16.70292],[120.64596,16.70201],[120.6438,16.70107],[120.64323,16.70009],[120.64199,16.69948],[120.6387,16.69552],[120.63711,16.69487],[120.63482,16.69093],[120.63423,16.69062],[120.6318,16.69093],[120.62955,16.68805],[120.62853,16.68727],[120.62703,16.68683],[120.62564,16.68682],[120.62404,16.68744],[120.62328,16.68833],[120.62134,16.68941],[120.61942,16.68978],[120.61848,16.6908],[120.6147,16.69198],[120.6111,16.69482],[120.61104,16.6972],[120.60846,16.69963],[120.60755,16.6999],[120.60423,16.69938],[120.59871,16.701],[120.59709,16.70105],[120.59296,16.70257],[120.58931,16.70468],[120.58796,16.70593],[120.5861,16.70876]]}},{"type":"Feature","properties":{"kind":"river","name":"Tanudan River"},"geometry":{"type":"LineString","coordinates":[[121.08507,17.03405],[121.08637,17.03461],[121.08931,17.03415],[121.09024,17.0347],[121.09268,17.03414],[121.0949,17.03516],[121.09537,17.03616],[121.09604,17.03626],[121.09679,17.03781],[121.09898,17.03915],[121.10035,17.03936],[121.10217,17.03876],[121.10372,17.03773],[121.10702,17.03894],[121.10747,17.04064],[121.1086,17.0424],[121.1104,17.04313],[121.11111,17.0439],[121.11141,17.04546],[121.11101,17.04718],[121.11306,17.04985],[121.11474,17.05086],[121.11496,17.05269],[121.11431,17.05422],[121.116,17.05449],[121.1168,17.0553],[121.11667,17.05596],[121.1146,17.0578],[121.11454,17.05931],[121.11561,17.0598],[121.11801,17.05917],[121.1185,17.05965],[121.11873,17.06086],[121.1194,17.06125],[121.1226,17.06118],[121.12323,17.06076],[121.12369,17.05967],[121.12463,17.05994],[121.12488,17.06069],[121.12462,17.0613],[121.12348,17.06161],[121.12338,17.06261],[121.12444,17.06334],[121.12566,17.0624],[121.12716,17.06245],[121.12628,17.06584],[121.12694,17.06651],[121.12836,17.06634],[121.13126,17.06484],[121.13222,17.06523],[121.13213,17.06677],[121.1325,17.06737],[121.13379,17.06807],[121.13472,17.0678],[121.13503,17.06664],[121.13564,17.06638],[121.13621,17.06662],[121.13613,17.06892],[121.13854,17.07033],[121.13862,17.07083],[121.13716,17.07377],[121.13781,17.07405],[121.13973,17.07316],[121.14141,17.07361],[121.1421,17.07418],[121.14195,17.07464],[121.14021,17.07591],[121.14012,17.07681],[121.14144,17.07761],[121.14287,17.07711],[121.14465,17.07745],[121.14522,17.07798],[121.14556,17.07979],[121.14258,17.08345],[121.14253,17.08451],[121.1429,17.08491],[121.15009,17.08585],[121.15167,17.08947],[121.15355,17.09056],[121.15405,17.09299],[121.15756,17.09396],[121.15895,17.09472],[121.16017,17.09635],[121.16192,17.09664],[121.16396,17.09799],[121.16425,17.09833],[121.16352,17.0999],[121.16911,17.1012],[121.17021,17.10086],[121.17147,17.09976],[121.17268,17.09983],[121.1742,17.10179],[121.17577,17.10249],[121.1764,17.10428],[121.18019,17.10485],[121.18038,17.10759],[121.18229,17.10893],[121.18358,17.11215],[121.18412,17.11539],[121.1846,17.11584],[121.18656,17.11479],[121.18765,17.11468],[121.18844,17.11523],[121.18921,17.118],[121.19105,17.11834],[121.19161,17.12038],[121.1944,17.12074],[121.19498,17.12116],[121.19563,17.1231],[121.19621,17.12338],[121.1985,17.12176],[121.19945,17.12182],[121.20097,17.12665],[121.20155,17.12723],[121.20244,17.12734],[121.20375,17.12671],[121.20719,17.12769],[121.2097,17.12954],[121.21019,17.13478],[121.2065,17.13573],[121.20667,17.14018],[121.20621,17.14259],[121.20666,17.1467],[121.20866,17.15266],[121.21148,17.15574],[121.21126,17.15635],[121.20955,17.1577],[121.20951,17.15872],[121.21268,17.16116],[121.21304,17.16351],[121.21205,17.16493],[121.20975,17.16563],[121.20895,17.16627],[121.21218,17.16946],[121.21209,17.1705],[121.21261,17.17214],[121.21323,17.17265],[121.21697,17.17363],[121.21716,17.17461],[121.21624,17.17712],[121.21496,17.17792],[121.21478,17.18084],[121.21526,17.18215],[121.21464,17.18315],[121.21353,17.18392],[121.2132,17.18477],[121.21295,17.18602],[121.21346,17.18709],[121.21204,17.19047],[121.21203,17.19093],[121.21333,17.1923],[121.21352,17.19329],[121.21403,17.19355],[121.2137,17.19448],[121.21216,17.19684],[121.21101,17.1972],[121.20974,17.19881],[121.2071,17.20022],[121.20769,17.20081],[121.21095,17.20059],[121.21167,17.2011],[121.21175,17.20231],[121.21108,17.20346],[121.21093,17.20585],[121.2098,17.20643],[121.20947,17.20769],[121.21223,17.21135],[121.21249,17.21265],[121.21191,17.21484],[121.21203,17.21599],[121.21327,17.21659],[121.21495,17.21594],[121.21614,17.21485],[121.21739,17.21511],[121.21781,17.21579],[121.21779,17.22007],[121.22141,17.22102],[121.22261,17.22227],[121.22379,17.22586],[121.22424,17.22531],[121.22506,17.2254],[121.22712,17.22785],[121.22739,17.23257],[121.22777,17.23362],[121.22964,17.23549],[121.23047,17.23689],[121.2311,17.23841],[121.23116,17.24005],[121.22985,17.24286],[121.22922,17.24607],[121.2272,17.24836],[121.22699,17.24956],[121.2282,17.24997],[121.23482,17.24905],[121.23576,17.24976],[121.23693,17.25228],[121.23757,17.25575],[121.23708,17.25738],[121.23124,17.25937],[121.23077,17.26012],[121.23312,17.26284],[121.23615,17.26416],[121.23644,17.26505],[121.23589,17.26623],[121.23836,17.26994],[121.23912,17.272],[121.23862,17.27223],[121.23706,17.27185],[121.23574,17.27297],[121.23144,17.27369],[121.23055,17.27458],[121.23242,17.27618],[121.23361,17.27797],[121.2358,17.27888],[121.2366,17.27992],[121.23652,17.28047],[121.23466,17.28223],[121.23507,17.28634],[121.23601,17.28681],[121.23938,17.28643],[121.24078,17.28679],[121.2415,17.28858],[121.24151,17.29037],[121.24216,17.29296],[121.24133,17.2948],[121.23921,17.29652],[121.23904,17.29915],[121.23997,17.30069],[121.24015,17.30348],[121.2395,17.30585],[121.23894,17.30641],[121.23749,17.30669],[121.23534,17.31143],[121.23277,17.31262],[121.23013,17.31481],[121.22838,17.31725],[121.22847,17.31813],[121.23088,17.3192],[121.23211,17.32162],[121.2293,17.32271],[121.22755,17.3239],[121.22557,17.32409],[121.22423,17.32509],[121.22488,17.32649],[121.23156,17.32823],[121.23085,17.33102],[121.23116,17.33176],[121.2309,17.33375],[121.2294,17.33487],[121.22662,17.33559],[121.22573,17.33625],[121.22504,17.3387],[121.22556,17.33952],[121.22678,17.33985],[121.22912,17.33865],[121.23173,17.33919],[121.232,17.34155],[121.23485,17.34559],[121.23637,17.34755],[121.23993,17.35019],[121.23841,17.35258],[121.23698,17.35338],[121.23695,17.35514],[121.23765,17.3575],[121.23818,17.35805],[121.24497,17.35924],[121.24891,17.36248],[121.25233,17.36312],[121.25282,17.36415],[121.25232,17.36534],[121.25241,17.36674],[121.25313,17.36791],[121.25535,17.36906],[121.25478,17.37156],[121.25531,17.37256],[121.25597,17.37309],[121.25687,17.373],[121.25776,17.37482],[121.26106,17.37668],[121.26483,17.37786],[121.26558,17.3788],[121.26481,17.37981],[121.26403,17.3834],[121.26201,17.38553],[121.26076,17.38806],[121.26079,17.38926],[121.26387,17.39242],[121.26504,17.39441],[121.26398,17.39536],[121.26189,17.39893],[121.2607,17.40104],[121.26026,17.40271],[121.25782,17.4034],[121.25747,17.40389],[121.25754,17.40446],[121.26218,17.40607]]}},{"type":"Feature","properties":{"kind":"river","name":"Taotao River"},"geometry":{"type":"MultiLineString","coordinates":[[[121.46606,16.94169],[121.46702,16.94151],[121.47046,16.94231],[121.47325,16.94135],[121.47436,16.94233],[121.47397,16.94269],[121.47216,16.94273],[121.47103,16.94414],[121.4712,16.94524],[121.47284,16.94656],[121.47498,16.94695],[121.47656,16.94628],[121.47675,16.94391],[121.47554,16.94286],[121.47547,16.94226],[121.47647,16.94107],[121.47819,16.94075],[121.47851,16.93985],[121.4758,16.9372],[121.47474,16.93735],[121.47436,16.93905],[121.47342,16.93951],[121.47207,16.93906],[121.47104,16.93704],[121.47038,16.93455],[121.47084,16.93398],[121.47165,16.93381],[121.47431,16.93446],[121.47583,16.9353],[121.47885,16.93388],[121.47878,16.93277],[121.47779,16.93213],[121.47733,16.93088],[121.47434,16.93153],[121.47319,16.93025],[121.47377,16.92978],[121.47508,16.92976],[121.47648,16.92837],[121.47851,16.92775],[121.48014,16.92896],[121.4822,16.92906],[121.48067,16.93175],[121.48161,16.93263],[121.48269,16.93248],[121.48452,16.92986],[121.48511,16.92961],[121.48772,16.93242],[121.48813,16.93354],[121.48737,16.93458],[121.48667,16.93478],[121.48557,16.93832],[121.48391,16.93912],[121.48355,16.94072],[121.48472,16.94214],[121.48886,16.94026],[121.48994,16.94092],[121.49081,16.94235],[121.48932,16.94519],[121.48974,16.94623],[121.49125,16.94714],[121.49128,16.94774],[121.49187,16.94806],[121.49346,16.94804],[121.49427,16.94742],[121.4951,16.94762],[121.49555,16.94815],[121.49602,16.95032],[121.49524,16.95329],[121.49597,16.95403],[121.49863,16.9552],[121.49956,16.95538],[121.50091,16.95439],[121.50327,16.95401],[121.50419,16.95329],[121.50235,16.95074],[121.50049,16.9502],[121.50014,16.94961],[121.50042,16.94868],[121.50233,16.9492],[121.50372,16.94896],[121.50562,16.94816],[121.50736,16.94665],[121.50889,16.94675],[121.51089,16.94847],[121.51246,16.9487],[121.51331,16.95066],[121.51421,16.95171],[121.5148,16.95173],[121.51599,16.95017],[121.51582,16.94849],[121.51495,16.94686],[121.51474,16.94531],[121.51362,16.94401],[121.51233,16.94326],[121.51141,16.94134],[121.51206,16.94084],[121.51341,16.94089],[121.51576,16.94173],[121.51844,16.94173],[121.51997,16.94076],[121.51909,16.93847],[121.52056,16.93778],[121.52126,16.938],[121.52347,16.94],[121.52538,16.94041],[121.52585,16.94013],[121.52574,16.93785],[121.52667,16.93722],[121.52957,16.93823],[121.52982,16.93897],[121.52896,16.93961],[121.52818,16.94099],[121.5282,16.94186],[121.53077,16.94194],[121.53187,16.9433],[121.53293,16.94367],[121.5332,16.94296],[121.53282,16.94138],[121.53467,16.93994],[121.53692,16.94015],[121.53809,16.93955],[121.53902,16.93959],[121.53967,16.94045],[121.5399,16.94341],[121.54086,16.94429],[121.54488,16.94317],[121.54587,16.94341],[121.54515,16.94561],[121.54564,16.94649],[121.54785,16.94561],[121.54945,16.9455],[121.54992,16.94653],[121.54929,16.9475],[121.54724,16.9486],[121.54702,16.94944],[121.54781,16.95005],[121.54956,16.94944],[121.55105,16.95313],[121.55349,16.95335],[121.55587,16.95449],[121.55718,16.95324],[121.55653,16.95126],[121.55675,16.95041],[121.5598,16.95227],[121.56061,16.95352],[121.56128,16.95369],[121.56112,16.95238]],[[121.5686,16.94871],[121.56984,16.94867],[121.57083,16.94982]],[[121.56112,16.95238],[121.56135,16.95139],[121.56094,16.94911],[121.56148,16.94804],[121.56248,16.94787],[121.56326,16.94837],[121.56333,16.94957],[121.56279,16.95053],[121.56276,16.95161],[121.56431,16.95353],[121.56501,16.95315],[121.56491,16.95157],[121.56547,16.9509],[121.56741,16.95049],[121.5686,16.94871]]]}},{"type":"Feature","properties":{"kind":"river","name":"Tawit River"},"geometry":{"type":"MultiLineString","coordinates":[[[121.33592,18.04493],[121.33524,18.0455],[121.33411,18.04556],[121.33245,18.04441],[121.33201,18.04386],[121.33206,18.04308],[121.33125,18.04213],[121.32812,18.04205],[121.32668,18.045],[121.32675,18.04591],[121.32783,18.04647],[121.32814,18.04783],[121.32777,18.04838],[121.32589,18.04893],[121.32259,18.04841],[121.32189,18.04908],[121.3218,18.05145],[121.32248,18.05338],[121.32181,18.05444],[121.32067,18.05485],[121.31994,18.05465],[121.31903,18.05361],[121.31831,18.05344],[121.31667,18.05388],[121.31654,18.05485],[121.3174,18.05629],[121.32204,18.0596],[121.32054,18.0612],[121.31824,18.06033],[121.31758,18.06119],[121.31745,18.06287],[121.31801,18.06337],[121.31961,18.06347],[121.32035,18.0643],[121.32099,18.06886],[121.32216,18.07048],[121.32267,18.07221],[121.32312,18.07238],[121.32424,18.07207],[121.32481,18.07061],[121.32413,18.06422],[121.32495,18.0641],[121.32688,18.06535],[121.32735,18.06649],[121.32685,18.07112],[121.32729,18.07202],[121.32752,18.075],[121.32885,18.07499],[121.33118,18.07299],[121.33292,18.07306],[121.33408,18.07357],[121.33661,18.07613],[121.33985,18.07857],[121.34386,18.08049],[121.3449,18.08168],[121.34484,18.08327],[121.34528,18.0841],[121.34729,18.08505],[121.34921,18.08525],[121.34896,18.0865],[121.34927,18.08771],[121.35195,18.08858],[121.35259,18.09091],[121.35401,18.0915],[121.3545,18.09219],[121.35457,18.0943],[121.35532,18.09418],[121.35678,18.09106],[121.35745,18.09067],[121.3595,18.09086],[121.36146,18.09021],[121.36394,18.09229],[121.36387,18.09339],[121.36308,18.09401],[121.36109,18.0945],[121.35999,18.09595],[121.36099,18.09808],[121.36334,18.09806],[121.36465,18.09739],[121.36579,18.0976],[121.36655,18.09848],[121.36603,18.1001],[121.36442,18.10166],[121.36138,18.10232],[121.35757,18.10571],[121.35722,18.10653],[121.35759,18.10767],[121.3597,18.10919],[121.36628,18.11172],[121.36931,18.11204],[121.36996,18.11279],[121.3705,18.11663],[121.37028,18.1173],[121.36964,18.11783],[121.36619,18.11845],[121.36416,18.12073],[121.36441,18.12228],[121.36563,18.12409],[121.36673,18.12446],[121.36946,18.12451],[121.37012,18.12508],[121.36923,18.12678],[121.36905,18.12929],[121.36815,18.13072],[121.36806,18.13321],[121.36541,18.13482],[121.36492,18.13615],[121.36419,18.13658]],[[121.28523,17.92138],[121.2853,17.92237],[121.28648,17.92428],[121.28696,17.92962],[121.28807,17.93041],[121.28842,17.93133],[121.28835,17.93278],[121.28793,17.93337],[121.28821,17.93416],[121.28925,17.93574],[121.29263,17.93823],[121.29249,17.94],[121.2932,17.94047],[121.2937,17.94197],[121.29456,17.9432],[121.29637,17.94407],[121.29541,17.94433],[121.29515,17.94635],[121.29678,17.94675],[121.29743,17.94745],[121.29627,17.94852],[121.29654,17.94982],[121.29591,17.9515],[121.29623,17.95465],[121.29589,17.95533],[121.29646,17.95752],[121.29822,17.95813],[121.29986,17.95751],[121.30033,17.9577],[121.30043,17.9595],[121.29977,17.9605],[121.29873,17.96099],[121.29875,17.96142],[121.29977,17.96237],[121.30129,17.96293],[121.30368,17.9629],[121.30639,17.96524]],[[121.30639,17.96524],[121.31112,17.9672],[121.31584,17.97155],[121.31641,17.97171],[121.31745,17.97071],[121.31801,17.97097],[121.31826,17.97203],[121.31762,17.97403],[121.31778,17.97487],[121.31885,17.97515],[121.31931,17.97392],[121.3202,17.9734],[121.3215,17.97377],[121.3237,17.97346],[121.32406,17.97421],[121.32381,17.97489],[121.32199,17.97551],[121.32214,17.97646],[121.32304,17.97694],[121.3256,17.97481],[121.32652,17.97538],[121.32645,17.97671],[121.32476,17.97738],[121.32414,17.97812],[121.32402,17.98032],[121.32244,17.98066],[121.32054,17.98388],[121.32041,17.98518],[121.3216,17.98654],[121.32143,17.98885],[121.32245,17.98994],[121.3239,17.98921],[121.32387,17.99014],[121.32316,17.9912],[121.32395,17.99202],[121.32472,17.99207],[121.32736,17.99101],[121.32827,17.99113],[121.32995,17.99253],[121.33042,17.99207],[121.33048,17.99099],[121.33154,17.99099],[121.3319,17.99202],[121.33096,17.99392],[121.33311,17.99572],[121.33309,17.9979],[121.33264,17.9987],[121.33109,17.99923],[121.33077,18.00014],[121.33326,18.00136],[121.33358,18.00181],[121.33334,18.00349],[121.33368,18.00405],[121.33774,18.00693],[121.33819,18.00788],[121.33821,18.00854],[121.33709,18.0096],[121.33695,18.01032],[121.33762,18.01222],[121.33756,18.01259],[121.33658,18.01305],[121.3366,18.01389],[121.3371,18.01418],[121.33838,18.01328],[121.33949,18.01328],[121.34039,18.01451],[121.34054,18.01597],[121.34093,18.01629],[121.34395,18.0168],[121.34447,18.01802],[121.34389,18.01968],[121.34474,18.02113],[121.3439,18.02268],[121.34407,18.02315],[121.34519,18.02341],[121.34757,18.02298],[121.34838,18.02402],[121.34908,18.02547],[121.34909,18.02691],[121.3477,18.03005],[121.3453,18.03047],[121.34352,18.03172],[121.3438,18.03276],[121.34583,18.0335],[121.34684,18.03431],[121.34684,18.03624],[121.34622,18.03822]],[[121.3642,18.13663],[121.36364,18.13691]],[[121.34622,18.03822],[121.34592,18.0393],[121.34362,18.04008],[121.34265,18.0415],[121.34037,18.04293],[121.33706,18.04326],[121.33592,18.04493]]]}},{"type":"Feature","properties":{"kind":"river","name":"Tiagan River"},"geometry":{"type":"MultiLineString","coordinates":[[[120.66083,17.26247],[120.66139,17.26596],[120.66065,17.26651],[120.65914,17.2665],[120.6586,17.26757],[120.65934,17.26949],[120.66125,17.27054],[120.66127,17.27166]],[[120.66127,17.27166],[120.66073,17.27319],[120.66104,17.27424],[120.66185,17.27472],[120.6628,17.27428],[120.66447,17.27469],[120.66505,17.27398],[120.66501,17.27224],[120.66665,17.27287],[120.6672,17.27243],[120.66762,17.27077],[120.67048,17.27059],[120.67232,17.26854],[120.6749,17.26923],[120.67731,17.26731]]]}},{"type":"Feature","properties":{"kind":"river","name":"Tumog River"},"geometry":{"type":"MultiLineString","coordinates":[[[121.33824,18.30447],[121.33821,18.30368],[121.33871,18.30301],[121.34023,18.3038],[121.34083,18.30268],[121.34167,18.30252],[121.34302,18.30352],[121.34484,18.30364],[121.34479,18.30427],[121.34527,18.30441],[121.34751,18.30186],[121.34847,18.30006],[121.34964,18.29954],[121.35101,18.30029],[121.35167,18.30003],[121.35222,18.29894],[121.35163,18.29891],[121.35134,18.29841],[121.35126,18.29743],[121.35181,18.29653],[121.35125,18.29545],[121.35157,18.29475],[121.35321,18.29443],[121.35323,18.2929],[121.35453,18.29259],[121.35424,18.29086],[121.35452,18.29033],[121.35646,18.29018],[121.35733,18.28936],[121.35727,18.29025],[121.35637,18.29079],[121.35703,18.29147],[121.35592,18.29142],[121.35577,18.29184],[121.35647,18.29257],[121.35818,18.29247],[121.35895,18.29339],[121.35996,18.29343],[121.35972,18.29403],[121.36025,18.29429],[121.35885,18.29581],[121.36007,18.29645],[121.36041,18.29705],[121.36173,18.29694],[121.36066,18.29603],[121.36089,18.29573],[121.36203,18.29599],[121.36143,18.29499],[121.36174,18.29473],[121.36334,18.29671],[121.36458,18.29643],[121.36719,18.29482],[121.36766,18.29369],[121.36775,18.29432],[121.3685,18.2941],[121.36975,18.29213],[121.37022,18.292],[121.37038,18.29265],[121.37123,18.29214],[121.37113,18.29131],[121.37228,18.29111],[121.37254,18.29036],[121.37509,18.29071],[121.37572,18.29038],[121.37803,18.29326],[121.37831,18.29486],[121.37763,18.29672],[121.37779,18.29747],[121.37598,18.29876],[121.37551,18.29761],[121.37505,18.29943],[121.37271,18.30033],[121.37198,18.30202],[121.37249,18.30378],[121.37171,18.30428],[121.3717,18.30485],[121.37235,18.30521],[121.37173,18.30733],[121.37199,18.3079],[121.37288,18.30753],[121.3729,18.30838],[121.37267,18.30886],[121.3717,18.30861],[121.37167,18.30912],[121.3722,18.30959],[121.37138,18.31016],[121.37153,18.31096],[121.37097,18.31183],[121.37185,18.31342],[121.37368,18.31289],[121.37515,18.31365]],[[121.37515,18.31365],[121.37835,18.31378],[121.37916,18.31455],[121.38045,18.31359],[121.38198,18.31431],[121.38423,18.31257],[121.38628,18.313],[121.38613,18.31198],[121.38749,18.31281],[121.38667,18.31365],[121.38757,18.31414],[121.39424,18.31443]],[[121.33601,18.30403],[121.33709,18.30377],[121.33716,18.30426],[121.33795,18.30486],[121.33824,18.30447]]]}},{"type":"Feature","properties":{"kind":"river","name":"Uguid"},"geometry":{"type":"LineString","coordinates":[[121.21561,17.45448],[121.2171,17.45565],[121.21852,17.45615],[121.21885,17.4569],[121.22034,17.45715],[121.22071,17.45772],[121.22019,17.45813],[121.22206,17.45957],[121.22415,17.46012],[121.22663,17.46174],[121.22927,17.46244],[121.22964,17.46286],[121.22966,17.46432],[121.23156,17.46536],[121.23281,17.46539],[121.23372,17.46609],[121.23419,17.46747],[121.23602,17.4681],[121.23713,17.46999],[121.23914,17.47104],[121.23934,17.47263],[121.24196,17.47485],[121.24281,17.47656],[121.24503,17.47704],[121.24634,17.47801],[121.24873,17.47753],[121.24946,17.47774],[121.2535,17.48176],[121.25349,17.48291],[121.2529,17.48383],[121.25523,17.48719],[121.25471,17.48928],[121.25706,17.49088],[121.25804,17.49311],[121.25804,17.49458],[121.25896,17.49529],[121.26138,17.49457],[121.26233,17.4963]]}},{"type":"Feature","properties":{"kind":"river","name":"Upper Saltan River"},"geometry":{"type":"MultiLineString","coordinates":[[[121.03205,17.47856],[121.0327,17.47881],[121.03423,17.4781],[121.03598,17.47842],[121.03647,17.47981],[121.03783,17.47936],[121.03813,17.47962],[121.0379,17.48009],[121.03664,17.48139],[121.03755,17.48137],[121.0379,17.48176],[121.038,17.48331],[121.04019,17.48306],[121.04044,17.48444],[121.04099,17.48495],[121.04286,17.48467],[121.04588,17.48577],[121.04713,17.48529],[121.04826,17.4841],[121.05256,17.48394],[121.05489,17.48488],[121.05954,17.48596],[121.06138,17.48577],[121.06398,17.48701],[121.06577,17.4865],[121.06688,17.48815],[121.06663,17.48969],[121.06909,17.49049],[121.0711,17.49238],[121.07177,17.4964],[121.07249,17.49684],[121.07337,17.49873],[121.0747,17.50029],[121.07568,17.50058],[121.07715,17.5023],[121.07795,17.5024],[121.07946,17.50202],[121.0819,17.50035],[121.08366,17.50123],[121.08571,17.50093],[121.0864,17.50236],[121.08646,17.50504],[121.08675,17.50545],[121.08965,17.50316],[121.0896,17.5025],[121.08876,17.50202],[121.08983,17.50081],[121.09168,17.5019],[121.0931,17.50207],[121.09416,17.49982],[121.09522,17.49941],[121.09721,17.50066],[121.09896,17.50054],[121.10276,17.50133],[121.10413,17.50099],[121.10462,17.49998],[121.10546,17.49991],[121.10718,17.49881],[121.10779,17.49928],[121.10724,17.50126],[121.10767,17.50182],[121.10936,17.50142],[121.11037,17.5019],[121.11312,17.50013],[121.1158,17.50108],[121.11884,17.49975],[121.1207,17.5008],[121.12159,17.50235],[121.12333,17.50381],[121.1247,17.50348],[121.12536,17.50224],[121.12607,17.502],[121.13163,17.50249],[121.1335,17.50338],[121.1362,17.50381],[121.14307,17.50741],[121.14667,17.50675],[121.14804,17.50479],[121.15182,17.50561],[121.15371,17.50544],[121.1544,17.50397],[121.15634,17.50339],[121.15795,17.50382],[121.16038,17.50341],[121.16274,17.50468],[121.16751,17.50527],[121.16848,17.50447],[121.16939,17.50221],[121.17,17.50237],[121.17162,17.50151],[121.17326,17.50129],[121.17479,17.50176],[121.17671,17.50135],[121.17911,17.50279],[121.18179,17.50314],[121.18495,17.50741],[121.18632,17.51035],[121.18733,17.51119],[121.1878,17.51278],[121.18926,17.51443],[121.19147,17.5155],[121.19388,17.51592],[121.19739,17.51802],[121.1987,17.51755],[121.20247,17.51335],[121.20445,17.51308],[121.2059,17.50882],[121.2078,17.50717],[121.21061,17.50599],[121.21207,17.50462],[121.21364,17.50469],[121.21501,17.50413],[121.2161,17.50174],[121.21895,17.49887],[121.22002,17.49906],[121.22409,17.49726],[121.22696,17.49686],[121.22993,17.49464],[121.23167,17.49392],[121.23508,17.4896],[121.23698,17.48835],[121.23717,17.48702],[121.23761,17.48652],[121.23938,17.48548],[121.24377,17.48575],[121.24634,17.48942],[121.24821,17.49102],[121.24868,17.49236],[121.25072,17.49376],[121.25287,17.49687],[121.25354,17.49705],[121.25428,17.49609],[121.25796,17.49717],[121.26233,17.4963]],[[121.26233,17.4963],[121.26371,17.49884],[121.26516,17.4993],[121.26735,17.49922],[121.26907,17.50266],[121.27338,17.50201],[121.27523,17.50229],[121.27816,17.50184],[121.2819,17.49907],[121.28298,17.4986],[121.28411,17.49891],[121.28675,17.50151],[121.28744,17.50437],[121.289,17.50653],[121.29018,17.50704],[121.29438,17.50539],[121.2961,17.50523],[121.29687,17.50593],[121.29808,17.51166],[121.30408,17.51526],[121.30408,17.51297],[121.30614,17.5115],[121.30855,17.51314],[121.31044,17.51379],[121.31198,17.51199],[121.31411,17.51335],[121.31613,17.51525],[121.31697,17.51891],[121.32256,17.52326],[121.32473,17.52777],[121.32434,17.5336],[121.32468,17.53589],[121.32554,17.53851],[121.32764,17.54067],[121.32695,17.54186],[121.32743,17.54309],[121.32873,17.54315],[121.33285,17.54554],[121.33449,17.54396],[121.33641,17.54554],[121.33704,17.54849],[121.33703,17.55081],[121.33941,17.55309],[121.3379,17.55852],[121.34026,17.55963],[121.34317,17.5603],[121.34487,17.55827],[121.34824,17.56133],[121.35094,17.56054],[121.35219,17.56075],[121.35174,17.57018],[121.35398,17.57372],[121.35616,17.5756],[121.35756,17.57449],[121.35676,17.57236],[121.35802,17.57051],[121.35935,17.57101],[121.3622,17.57545],[121.36371,17.57592],[121.36858,17.57944],[121.37297,17.5814],[121.37581,17.58478],[121.37666,17.58774],[121.37754,17.58921],[121.37699,17.59448],[121.37721,17.59841],[121.37678,17.60722],[121.37892,17.61094],[121.37917,17.61296]]]}},{"type":"Feature","properties":{"kind":"river","name":"Utip River"},"geometry":{"type":"MultiLineString","coordinates":[[[120.82773,17.25305],[120.82652,17.25348],[120.82501,17.255],[120.81961,17.255],[120.81902,17.2553],[120.81865,17.25634],[120.82098,17.25776],[120.82143,17.2586],[120.8209,17.26016],[120.81935,17.26088],[120.81662,17.26075],[120.81315,17.25777],[120.81117,17.25792],[120.8108,17.26053],[120.80991,17.26161],[120.80798,17.26216],[120.80548,17.26221],[120.80579,17.26573],[120.80513,17.2675],[120.8045,17.26754],[120.80322,17.26665],[120.80162,17.26741],[120.79935,17.27006],[120.79875,17.2718],[120.79609,17.2752],[120.79503,17.27611],[120.79301,17.27672],[120.79172,17.27958],[120.79057,17.27978],[120.78767,17.28163],[120.78533,17.28246],[120.78252,17.28533],[120.78141,17.28549],[120.77995,17.28456],[120.77867,17.28437],[120.77737,17.28488],[120.77548,17.28485],[120.77277,17.2858],[120.77078,17.28719],[120.76881,17.28658],[120.76563,17.28815],[120.7649,17.2878],[120.76483,17.28721],[120.7656,17.28545],[120.76551,17.28473],[120.76484,17.28368],[120.76337,17.283],[120.76098,17.283],[120.7576,17.28472],[120.75519,17.28343],[120.75398,17.2814],[120.75281,17.28037],[120.74826,17.28065],[120.74584,17.27963],[120.7456,17.27589],[120.7462,17.27362],[120.74599,17.27305],[120.74521,17.27232],[120.74281,17.2724],[120.74073,17.27175],[120.74039,17.27142],[120.74029,17.26878],[120.73987,17.26814],[120.73824,17.26728],[120.73719,17.26726],[120.73596,17.26793],[120.73491,17.26759],[120.73427,17.26666],[120.73494,17.26411],[120.73385,17.26304],[120.73271,17.25956],[120.7326,17.25663],[120.73163,17.2556],[120.72961,17.25582],[120.72888,17.25627],[120.72677,17.25931],[120.72605,17.25939],[120.7241,17.2586],[120.72138,17.2553],[120.71948,17.25408],[120.71827,17.25651],[120.71458,17.25906],[120.71297,17.25927],[120.71026,17.25675],[120.7082,17.25862],[120.70725,17.26015],[120.7052,17.26058],[120.70291,17.25816],[120.70258,17.25715],[120.70033,17.25599],[120.69871,17.25237],[120.69652,17.25018],[120.69586,17.24814],[120.69495,17.24709],[120.69392,17.24647],[120.69047,17.24583],[120.69028,17.24609],[120.69109,17.24801],[120.6908,17.24895],[120.68931,17.24987],[120.68755,17.25179],[120.68538,17.25173],[120.6844,17.25112],[120.68423,17.24713],[120.68229,17.24401]],[[120.9133,17.26058],[120.90733,17.26312],[120.90282,17.26396],[120.89939,17.27009],[120.89967,17.27283],[120.89814,17.27412],[120.89655,17.27368],[120.89397,17.27192],[120.89295,17.27167],[120.89165,17.27272],[120.88857,17.27304],[120.88726,17.27452],[120.88648,17.27486],[120.88573,17.2747],[120.88503,17.27394],[120.88444,17.27406],[120.88261,17.27543],[120.87986,17.27917],[120.87896,17.27986],[120.87816,17.27972],[120.87725,17.28012],[120.87655,17.27938],[120.87628,17.27837],[120.87469,17.27787],[120.87317,17.27836],[120.8719,17.2783],[120.87149,17.27879],[120.87089,17.27832],[120.8704,17.27859],[120.86971,17.27672],[120.86842,17.2758],[120.86346,17.27609],[120.86244,17.27472],[120.85922,17.27312],[120.8587,17.2716],[120.85975,17.27051],[120.86001,17.26979],[120.85961,17.26923],[120.85861,17.26938],[120.85755,17.27035],[120.85698,17.27036],[120.8551,17.26926],[120.84982,17.26775],[120.84912,17.26625],[120.84717,17.2657],[120.84567,17.26576],[120.84395,17.26032],[120.84264,17.25903],[120.84087,17.25829]],[[120.84057,17.25833],[120.83972,17.25836],[120.83702,17.25511],[120.8352,17.25645],[120.83358,17.25511],[120.83159,17.25542],[120.83176,17.25413],[120.83113,17.25374],[120.83003,17.2539],[120.82773,17.25305]],[[120.84087,17.25829],[120.84057,17.25833]]]}},{"type":"Feature","properties":{"kind":"river","name":"Viga River"},"geometry":{"type":"MultiLineString","coordinates":[[[121.32459,17.30682],[121.32513,17.3059],[121.32583,17.30715],[121.32741,17.30659],[121.32746,17.30755],[121.32864,17.3083],[121.32898,17.30792],[121.32875,17.30679],[121.32919,17.30654],[121.33125,17.30961],[121.33244,17.31382],[121.33387,17.31564],[121.33459,17.31571],[121.33562,17.31464],[121.33676,17.3151],[121.3392,17.31876],[121.34187,17.32075],[121.34477,17.32206],[121.34718,17.32552],[121.34848,17.32513],[121.34878,17.32376],[121.35151,17.32235],[121.35476,17.32347],[121.35437,17.3248],[121.35515,17.3253],[121.35573,17.32506],[121.35783,17.32226],[121.35882,17.32198],[121.3593,17.3223],[121.35991,17.32291],[121.36021,17.32552],[121.36185,17.32684],[121.36196,17.32761],[121.36103,17.32763],[121.36038,17.32838],[121.36007,17.32996],[121.35837,17.33189],[121.35853,17.33341],[121.35956,17.33356],[121.36136,17.33258],[121.36248,17.33276],[121.36316,17.33459],[121.36459,17.33653],[121.36533,17.33662],[121.36571,17.33635],[121.36543,17.33462],[121.36569,17.33413],[121.36751,17.33287],[121.37204,17.33425],[121.37569,17.33275],[121.37593,17.33328],[121.3747,17.33665],[121.37493,17.33684],[121.37637,17.33547],[121.3771,17.3354],[121.3793,17.33831],[121.38271,17.34032],[121.38412,17.33981],[121.38524,17.33857],[121.38659,17.33807],[121.38896,17.33754],[121.3903,17.33815],[121.39311,17.33767],[121.39437,17.33466],[121.39367,17.33442],[121.39049,17.3353],[121.38931,17.33492],[121.38889,17.33352],[121.38965,17.33316],[121.39122,17.33404],[121.39433,17.33374],[121.39417,17.33172],[121.39461,17.33079],[121.39684,17.33157],[121.39721,17.33086],[121.39697,17.33006],[121.39794,17.32945],[121.40117,17.33069],[121.40258,17.3288],[121.40299,17.32767],[121.40133,17.32708],[121.40072,17.32616],[121.401,17.32538],[121.40196,17.32472],[121.40219,17.32381],[121.40023,17.32081],[121.40124,17.31858],[121.40246,17.31727],[121.40153,17.31396],[121.40281,17.314],[121.40302,17.31351],[121.40219,17.31229],[121.40126,17.31182],[121.40169,17.31101],[121.40272,17.31107],[121.40336,17.31193],[121.40474,17.31058],[121.40757,17.3106],[121.40767,17.31151],[121.40725,17.31225],[121.40581,17.31349],[121.40592,17.31437],[121.40647,17.31454],[121.40938,17.31318],[121.4101,17.31254],[121.41101,17.31022],[121.41292,17.30944],[121.41316,17.3078],[121.41416,17.30573],[121.41588,17.30534],[121.41704,17.30622],[121.42099,17.30629],[121.42234,17.3075],[121.42226,17.30795],[121.42082,17.30907],[121.41915,17.30918],[121.41442,17.31083],[121.41449,17.3116],[121.41675,17.3126],[121.41655,17.31358],[121.41612,17.31409],[121.41452,17.31413],[121.4135,17.31491],[121.41244,17.3181],[121.41328,17.3183],[121.41458,17.31742],[121.4158,17.31647],[121.41606,17.31541],[121.41692,17.31521],[121.41813,17.31582],[121.42256,17.31374],[121.42337,17.31419],[121.42399,17.31564],[121.42511,17.31685],[121.42408,17.31891],[121.42543,17.31993],[121.42765,17.31939],[121.42957,17.31813],[121.42814,17.31402],[121.42872,17.31292],[121.4307,17.31314],[121.43191,17.31371],[121.43367,17.31376],[121.43407,17.31344],[121.43366,17.31254],[121.43223,17.31167],[121.42999,17.30943],[121.42974,17.30824],[121.43064,17.30807],[121.43094,17.30911],[121.43154,17.30929],[121.4333,17.30802],[121.4337,17.30809],[121.43386,17.30849],[121.43327,17.30945],[121.43346,17.31059],[121.43485,17.31136],[121.43615,17.31304]],[[121.31402,17.31171],[121.31551,17.30991],[121.31418,17.30927],[121.31409,17.30889],[121.31594,17.30923],[121.31608,17.30881],[121.31575,17.30853],[121.31649,17.3078],[121.31599,17.30718],[121.31652,17.30593],[121.31749,17.30528],[121.31846,17.30484],[121.31967,17.30491],[121.32046,17.30616],[121.32099,17.30583],[121.32207,17.30659],[121.32277,17.30627],[121.32459,17.30682]]]}},{"type":"Feature","properties":{"kind":"river","name":"Wangwang-Ibulao"},"geometry":{"type":"LineString","coordinates":[[120.9415,16.82156],[120.94089,16.8205],[120.94095,16.8191],[120.94247,16.81773],[120.94306,16.81781],[120.94475,16.81692],[120.9446,16.81582],[120.94519,16.81548],[120.94537,16.81458],[120.9435,16.81393],[120.94402,16.81178],[120.94104,16.80954],[120.94099,16.80733],[120.94218,16.80603],[120.94248,16.80409],[120.94161,16.80187],[120.94043,16.80064],[120.93958,16.80043],[120.9392,16.79974],[120.93921,16.79736],[120.93778,16.79574],[120.93773,16.79468],[120.93719,16.79435],[120.93673,16.79238],[120.93608,16.79153],[120.93456,16.79229],[120.93253,16.78994],[120.93271,16.78838],[120.93243,16.78776],[120.93361,16.78542],[120.9331,16.7846],[120.93302,16.78293],[120.93371,16.78259],[120.93421,16.78174],[120.93379,16.78109],[120.93418,16.77995],[120.93402,16.77854],[120.93563,16.7765],[120.93493,16.77538],[120.93607,16.77402],[120.93591,16.77328],[120.93625,16.7727],[120.94045,16.7709],[120.94121,16.7671],[120.94257,16.76543],[120.9451,16.76548],[120.94642,16.76464],[120.94709,16.76501],[120.94899,16.76469],[120.9494,16.76363],[120.95197,16.7631],[120.9529,16.76357],[120.9574,16.76328],[120.95942,16.76445],[120.96081,16.76342],[120.96259,16.7635],[120.96501,16.76209],[120.96538,16.76205],[120.96565,16.76258],[120.96692,16.76251],[120.9675,16.76158],[120.96915,16.76111],[120.97076,16.76142],[120.97319,16.76297],[120.97619,16.76396],[120.97693,16.76409],[120.97853,16.76331],[120.97887,16.76375],[120.97986,16.76367],[120.98079,16.76436],[120.98224,16.76418],[120.98306,16.76453],[120.98353,16.76538],[120.98402,16.76542],[120.98485,16.76637],[120.98562,16.76559],[120.9867,16.7654],[120.99062,16.76833],[120.99165,16.7687],[120.9923,16.7699],[120.99331,16.76986],[120.99323,16.77246],[120.9923,16.77471],[120.9925,16.77597],[120.99366,16.77784],[120.99546,16.77945],[120.99674,16.78284],[120.99853,16.78377],[120.99665,16.78558],[120.99648,16.78658],[120.99701,16.78683],[120.998,16.78651],[121.00052,16.7886],[120.99884,16.7895],[121.00012,16.79171],[120.99967,16.79246],[120.9982,16.79336],[121.00082,16.79385],[121.00302,16.79636],[121.00371,16.79783],[121.00622,16.79785],[121.00504,16.80085],[121.0069,16.80229],[121.00576,16.8035],[121.00558,16.80544],[121.00681,16.80596],[121.0103,16.8104],[121.01296,16.81113],[121.01321,16.81163],[121.01294,16.81271],[121.01342,16.81331],[121.01484,16.81373],[121.0166,16.81223],[121.01885,16.81284],[121.0202,16.81373],[121.02099,16.81292],[121.02362,16.81262],[121.02456,16.81177],[121.02584,16.81159],[121.02671,16.81085],[121.02897,16.81249],[121.03101,16.8126],[121.03376,16.81165],[121.03896,16.81106],[121.04433,16.81139],[121.04855,16.81026],[121.05142,16.81004],[121.05659,16.80813],[121.05942,16.80771],[121.06047,16.80811],[121.06074,16.80959],[121.06134,16.81024],[121.06291,16.80901],[121.06475,16.81022],[121.06687,16.80893],[121.06754,16.80897],[121.06847,16.80922],[121.07026,16.81126],[121.07195,16.81188],[121.07286,16.81051],[121.07382,16.81042]]}},{"type":"Feature","properties":{"kind":"river","name":"Zimigui River"},"geometry":{"type":"LineString","coordinates":[[121.25091,18.32391],[121.25042,18.32639],[121.25043,18.32954],[121.25117,18.3326],[121.25241,18.33337],[121.25548,18.33332],[121.25973,18.33443],[121.26047,18.33718],[121.26165,18.33874],[121.26381,18.34317],[121.26526,18.34316],[121.2675,18.34162],[121.27077,18.34235],[121.27252,18.34396],[121.27718,18.34529],[121.27777,18.35049],[121.28087,18.35698],[121.28032,18.35879],[121.28197,18.36046],[121.28314,18.361],[121.28888,18.36177],[121.29185,18.3652],[121.29193,18.36634],[121.291,18.3667],[121.28682,18.36567],[121.28541,18.3656],[121.2847,18.3662],[121.28917,18.37256],[121.28869,18.37451],[121.28781,18.37508],[121.28645,18.37513],[121.28552,18.37596],[121.28644,18.37909],[121.28727,18.38026],[121.29272,18.38372],[121.29597,18.38491],[121.30085,18.38579],[121.30187,18.38695],[121.30072,18.3899]]}},{"type":"Feature","properties":{"kind":"river","name":"Ziuanan River"},"geometry":{"type":"MultiLineString","coordinates":[[[121.21654,18.45944],[121.21773,18.45937]],[[121.21773,18.45937],[121.21878,18.45893]],[[121.21878,18.45893],[121.22011,18.45683]],[[121.22011,18.45683],[121.22063,18.45546]],[[121.22063,18.45546],[121.22217,18.45455]],[[121.22217,18.45455],[121.22612,18.45227]],[[121.22612,18.45227],[121.22744,18.45124]],[[121.22744,18.45124],[121.22783,18.45024],[121.22683,18.44694],[121.22715,18.4438],[121.2277,18.44337],[121.22953,18.44454]]]}},{"type":"Feature","properties":{"kind":"water","water":"lake","name":"Ambuklao Reservoir"},"geometry":{"type":"Polygon","coordinates":[[[120.75168,16.47525],[120.75225,16.47458],[120.75098,16.47313],[120.75052,16.47221],[120.75076,16.47189],[120.75007,16.47115],[120.75049,16.4703],[120.75171,16.46974],[120.75141,16.46912],[120.75247,16.46887],[120.75265,16.46832],[120.75186,16.46765],[120.75105,16.46571],[120.74957,16.46526],[120.74843,16.46349],[120.74698,16.46288],[120.7466,16.46104],[120.74727,16.46071],[120.74724,16.46025],[120.74825,16.45913],[120.74646,16.45863],[120.74557,16.4595],[120.74576,16.45994],[120.74506,16.46077],[120.74228,16.4617],[120.74096,16.46457],[120.74075,16.46577],[120.74106,16.46685],[120.74214,16.46826],[120.74181,16.46873],[120.74182,16.47038],[120.74082,16.47062],[120.74027,16.47164],[120.73945,16.47142],[120.73756,16.47239],[120.73702,16.47322],[120.73661,16.47254],[120.73694,16.47183],[120.73638,16.47109],[120.73525,16.47091],[120.73472,16.47169],[120.73582,16.47338],[120.73575,16.47427],[120.73647,16.47487],[120.73835,16.47352],[120.73938,16.47333],[120.73978,16.4742],[120.74225,16.47365],[120.74281,16.4726],[120.74393,16.4722],[120.74471,16.47626],[120.74368,16.47562],[120.74255,16.47682],[120.74123,16.47705],[120.74005,16.47815],[120.74007,16.47857],[120.73869,16.47804],[120.73799,16.47817],[120.73816,16.47916],[120.73913,16.47997],[120.74071,16.48023],[120.74145,16.47982],[120.74189,16.47872],[120.7437,16.47835],[120.74386,16.47987],[120.74552,16.48055],[120.74431,16.48124],[120.74429,16.48316],[120.74383,16.48383],[120.74499,16.48428],[120.74465,16.48486],[120.74478,16.48595],[120.74555,16.487],[120.74511,16.4873],[120.74507,16.48825],[120.7456,16.48873],[120.74573,16.48968],[120.74655,16.49035],[120.74827,16.4902],[120.74879,16.48973],[120.74797,16.48875],[120.74729,16.48881],[120.74701,16.48933],[120.74675,16.48914],[120.74701,16.48831],[120.74675,16.48774],[120.7478,16.48641],[120.74741,16.48509],[120.74665,16.48493],[120.74726,16.48406],[120.74732,16.48321],[120.74613,16.4827],[120.74812,16.48265],[120.74844,16.48472],[120.74885,16.48467],[120.74988,16.48566],[120.75073,16.48578],[120.75124,16.48718],[120.752,16.48644],[120.754,16.48747],[120.75273,16.48606],[120.75303,16.48517],[120.7514,16.48414],[120.75171,16.48269],[120.75325,16.48345],[120.7535,16.48517],[120.7542,16.48443],[120.75569,16.48563],[120.75582,16.48478],[120.75543,16.48401],[120.75616,16.48408],[120.75614,16.48304],[120.75733,16.48291],[120.75856,16.48202],[120.75928,16.4826],[120.75979,16.48201],[120.76177,16.48204],[120.7633,16.48504],[120.76246,16.48678],[120.76294,16.48818],[120.76551,16.49048],[120.768,16.49169],[120.76807,16.49254],[120.7687,16.4921],[120.76923,16.4924],[120.76975,16.49556],[120.7687,16.49703],[120.76917,16.4985],[120.76889,16.50014],[120.77128,16.5023],[120.77118,16.504],[120.77151,16.50483],[120.77335,16.50519],[120.77557,16.50829],[120.77713,16.50827],[120.77961,16.50746],[120.77957,16.50604],[120.77898,16.50498],[120.77974,16.50411],[120.77836,16.5044],[120.7778,16.50316],[120.7746,16.49922],[120.77257,16.49883],[120.77378,16.49749],[120.77454,16.49724],[120.77391,16.4957],[120.77429,16.49514],[120.77371,16.49367],[120.77427,16.49367],[120.7742,16.49318],[120.77465,16.49357],[120.77502,16.4934],[120.77478,16.49264],[120.77328,16.49109],[120.77344,16.49042],[120.77415,16.49017],[120.77366,16.48954],[120.77252,16.49022],[120.77237,16.48919],[120.77165,16.48853],[120.77184,16.48766],[120.7699,16.48701],[120.76889,16.4862],[120.76796,16.48617],[120.76698,16.4852],[120.76616,16.48512],[120.76642,16.48437],[120.76474,16.48312],[120.76594,16.4834],[120.76667,16.48295],[120.76564,16.48231],[120.76728,16.48104],[120.76726,16.47931],[120.76849,16.47928],[120.76981,16.47855],[120.76998,16.47775],[120.77085,16.4775],[120.77293,16.47848],[120.77314,16.47748],[120.77448,16.47584],[120.77658,16.47493],[120.7774,16.47515],[120.77787,16.47485],[120.77762,16.47361],[120.77628,16.47277],[120.77499,16.47394],[120.77293,16.47455],[120.77174,16.47597],[120.77186,16.47467],[120.77126,16.47447],[120.77022,16.476],[120.76568,16.47776],[120.76328,16.47971],[120.76216,16.47813],[120.76021,16.47779],[120.75701,16.47801],[120.75619,16.47846],[120.75586,16.47963],[120.7555,16.47975],[120.7553,16.47857],[120.75479,16.47865],[120.75424,16.47796],[120.7519,16.4782],[120.75275,16.47692],[120.75223,16.47658],[120.75259,16.4764],[120.75168,16.47525]],[[120.7432,16.46532],[120.74508,16.46325],[120.7456,16.46498],[120.74937,16.46838],[120.74807,16.47063],[120.74801,16.4718],[120.75008,16.47533],[120.75,16.47925],[120.75061,16.48003],[120.75198,16.48063],[120.75072,16.48089],[120.74984,16.48204],[120.74867,16.48073],[120.74758,16.4803],[120.74716,16.47938],[120.74568,16.47809],[120.74649,16.47732],[120.74676,16.47638],[120.74596,16.47153],[120.74514,16.47023],[120.74381,16.46988],[120.7432,16.46532]],[[120.75465,16.48161],[120.7542,16.48195],[120.75286,16.48095],[120.75465,16.48161]]]}},{"type":"Feature","properties":{"kind":"water","water":"lake","name":"Bakut Lake"},"geometry":{"type":"Polygon","coordinates":[[[121.46392,18.24793],[121.46428,18.24564],[121.4636,18.24605],[121.46327,18.24581],[121.46375,18.24544],[121.46333,18.24516],[121.463,18.24553],[121.46284,18.24472],[121.4623,18.24474],[121.4624,18.24433],[121.46192,18.24401],[121.46211,18.2432],[121.46168,18.2435],[121.46139,18.24289],[121.46151,18.24211],[121.46108,18.24297],[121.46094,18.24231],[121.46076,18.24269],[121.46148,18.24402],[121.46027,18.24272],[121.46016,18.24184],[121.45989,18.24233],[121.45907,18.24205],[121.45934,18.2423],[121.45908,18.24247],[121.46,18.24264],[121.46125,18.24433],[121.46078,18.24454],[121.46033,18.24405],[121.46032,18.24446],[121.45945,18.24324],[121.45944,18.24401],[121.46006,18.24453],[121.45983,18.24479],[121.46041,18.24471],[121.46011,18.24496],[121.45998,18.24537],[121.46099,18.24474],[121.46206,18.24517],[121.46241,18.24565],[121.46135,18.24522],[121.46055,18.24557],[121.4618,18.24565],[121.46066,18.24639],[121.46204,18.24599],[121.462,18.24651],[121.46233,18.24625],[121.46283,18.24655],[121.46264,18.24706],[121.45941,18.2471],[121.45956,18.24613],[121.459,18.2459],[121.45905,18.24497],[121.45879,18.24531],[121.45839,18.24495],[121.45869,18.24375],[121.45824,18.24305],[121.4583,18.2443],[121.45752,18.24397],[121.45695,18.24304],[121.4569,18.2435],[121.45638,18.24354],[121.45706,18.24362],[121.45737,18.24432],[121.45813,18.24456],[121.45724,18.24525],[121.45801,18.2451],[121.4586,18.24551],[121.45862,18.24603],[121.45828,18.24606],[121.45888,18.24663],[121.45857,18.24726],[121.45796,18.24669],[121.45762,18.24696],[121.45735,18.24615],[121.45661,18.24617],[121.45653,18.24534],[121.45627,18.24587],[121.45616,18.24481],[121.45558,18.2448],[121.45616,18.24617],[121.45529,18.24548],[121.45459,18.24576],[121.45516,18.24569],[121.45552,18.24638],[121.45638,18.24635],[121.45713,18.24698],[121.45531,18.24728],[121.45561,18.24747],[121.45523,18.24797],[121.45618,18.24744],[121.4561,18.2479],[121.45667,18.24728],[121.45682,18.24761],[121.45725,18.24728],[121.45819,18.24752],[121.45657,18.24836],[121.45706,18.24854],[121.45655,18.24891],[121.4571,18.24892],[121.45759,18.24831],[121.45782,18.24878],[121.45791,18.24807],[121.45824,18.24836],[121.45833,18.24788],[121.45903,18.24757],[121.45979,18.24771],[121.45908,18.24835],[121.45903,18.24894],[121.45838,18.24878],[121.45854,18.24917],[121.45816,18.24968],[121.45889,18.24919],[121.45902,18.2498],[121.45935,18.24868],[121.45977,18.24897],[121.45984,18.24827],[121.46023,18.24849],[121.46011,18.24761],[121.46098,18.24806],[121.46091,18.24851],[121.46134,18.24851],[121.46149,18.24807],[121.46392,18.24793]]]}},{"type":"Feature","properties":{"kind":"water","water":"river","name":""},"geometry":{"type":"Polygon","coordinates":[[[121.34637,16.77182],[121.34621,16.7695],[121.34541,16.76754],[121.34359,16.76534],[121.33289,16.76306],[121.33174,16.76155],[121.33151,16.76212],[121.33034,16.76153],[121.33004,16.76079],[121.33054,16.75998],[121.33002,16.75929],[121.32933,16.75976],[121.32937,16.75844],[121.32879,16.75822],[121.32874,16.7577],[121.32567,16.75907],[121.32565,16.75963],[121.3269,16.76014],[121.32755,16.7617],[121.32716,16.76259],[121.32741,16.76344],[121.32642,16.76397],[121.32765,16.76397],[121.32833,16.7631],[121.33178,16.76498],[121.33182,16.76561],[121.33215,16.76509],[121.33491,16.76621],[121.33461,16.76693],[121.33535,16.76684],[121.33554,16.76782],[121.33587,16.76667],[121.33795,16.76743],[121.33764,16.76851],[121.33804,16.76948],[121.33683,16.76937],[121.33717,16.76996],[121.33664,16.77132],[121.33799,16.77081],[121.33763,16.77014],[121.33883,16.76974],[121.33932,16.76855],[121.3393,16.76728],[121.34243,16.76876],[121.34275,16.77046],[121.34249,16.77195],[121.34214,16.77207],[121.34115,16.7712],[121.34018,16.77181],[121.34119,16.77163],[121.3416,16.77278],[121.34098,16.77331],[121.34131,16.77382],[121.34171,16.77388],[121.34232,16.77307],[121.34207,16.77393],[121.34561,16.77525],[121.34637,16.77182]]]}},{"type":"Feature","properties":{"kind":"water","water":"reservoir","name":""},"geometry":{"type":"Polygon","coordinates":[[[120.55037,17.38622],[120.55084,17.38411],[120.55026,17.38374],[120.55123,17.37846],[120.55115,17.37594],[120.55155,17.37524],[120.55059,17.3734],[120.54861,17.37292],[120.54871,17.37353],[120.54957,17.37378],[120.54981,17.37444],[120.55035,17.37828],[120.54921,17.38224],[120.5482,17.38282],[120.54798,17.38338],[120.54984,17.38625],[120.55037,17.38622]]]}},{"type":"Feature","properties":{"kind":"water","water":"river","name":""},"geometry":{"type":"Polygon","coordinates":[[[121.32565,16.7587],[121.32874,16.7577],[121.33032,16.75598],[121.33215,16.75547],[121.33328,16.75574],[121.33512,16.75693],[121.33877,16.75647],[121.33615,16.75456],[121.33507,16.75422],[121.33231,16.75178],[121.33369,16.75118],[121.33405,16.75059],[121.33489,16.75113],[121.33457,16.75043],[121.33497,16.74979],[121.33364,16.75006],[121.33294,16.7507],[121.33317,16.7497],[121.33405,16.74924],[121.33371,16.74912],[121.33393,16.74854],[121.33301,16.74859],[121.33316,16.74803],[121.3329,16.74705],[121.33234,16.74673],[121.3324,16.74593],[121.33206,16.74663],[121.33239,16.74754],[121.33223,16.7494],[121.33163,16.7491],[121.33171,16.7495],[121.33098,16.74933],[121.33129,16.75031],[121.33068,16.75051],[121.33059,16.75128],[121.32977,16.75135],[121.3304,16.75192],[121.32697,16.75477],[121.32663,16.75576],[121.32569,16.75665],[121.3261,16.75811],[121.32565,16.7587]]]}},{"type":"Feature","properties":{"kind":"water","water":"reservoir","name":""},"geometry":{"type":"Polygon","coordinates":[[[120.6797,16.39795],[120.67839,16.39341],[120.6771,16.39297],[120.67678,16.39332],[120.67742,16.39494],[120.67694,16.39541],[120.67784,16.39684],[120.67858,16.39724],[120.67828,16.39873],[120.67873,16.39927],[120.6786,16.39977],[120.67931,16.40005],[120.67968,16.39958],[120.6797,16.39795]]]}},{"type":"Feature","properties":{"kind":"water","water":"river","name":""},"geometry":{"type":"Polygon","coordinates":[[[121.22432,16.64666],[121.2218,16.6453],[121.21943,16.64539],[121.21861,16.64479],[121.21856,16.64512],[121.21938,16.64549],[121.22042,16.64577],[121.22177,16.64554],[121.2236,16.64642],[121.22406,16.64669],[121.22435,16.64788],[121.22755,16.64967],[121.23176,16.64885],[121.2323,16.65002],[121.23253,16.64962],[121.23301,16.64978],[121.23147,16.64838],[121.22894,16.64825],[121.23019,16.64854],[121.22929,16.64907],[121.22629,16.64847],[121.22465,16.64753],[121.22432,16.64666]]]}},{"type":"Feature","properties":{"kind":"water","water":"river","name":""},"geometry":{"type":"Polygon","coordinates":[[[121.48183,17.31753],[121.48227,17.31682],[121.48263,17.31077],[121.4839,17.30812],[121.48314,17.30663],[121.48175,17.30565],[121.48145,17.30573],[121.48166,17.30607],[121.48302,17.30703],[121.48357,17.30804],[121.4822,17.31104],[121.48203,17.31621],[121.48144,17.31749],[121.48183,17.31753]]]}},{"type":"Feature","properties":{"kind":"water","water":"river","name":""},"geometry":{"type":"Polygon","coordinates":[[[121.45368,17.32935],[121.45307,17.32741],[121.45341,17.32693],[121.45454,17.32667],[121.45718,17.32816],[121.45875,17.32976],[121.4602,17.32997],[121.46142,17.32963],[121.46128,17.32932],[121.45946,17.32958],[121.45619,17.32693],[121.45451,17.3263],[121.45311,17.32665],[121.45254,17.32739],[121.4533,17.3295],[121.45368,17.32935]]]}},{"type":"Feature","properties":{"kind":"water","water":"river","name":""},"geometry":{"type":"Polygon","coordinates":[[[121.46142,17.32963],[121.46386,17.32861],[121.46583,17.32951],[121.46688,17.32916],[121.46604,17.32635],[121.46444,17.32395],[121.46419,17.32192],[121.46388,17.32193],[121.46415,17.32401],[121.46566,17.32652],[121.46648,17.329],[121.46606,17.32921],[121.46366,17.32836],[121.46128,17.32932],[121.46142,17.32963]]]}},{"type":"Feature","properties":{"kind":"water","water":"river","name":""},"geometry":{"type":"Polygon","coordinates":[[[121.42088,17.28618],[121.42295,17.28601],[121.42474,17.2875],[121.42673,17.28815],[121.43147,17.28808],[121.43321,17.28891],[121.43178,17.28792],[121.4263,17.2877],[121.42268,17.28566],[121.42148,17.28566],[121.42032,17.28624],[121.42048,17.28652],[121.42088,17.28618]]]}},{"type":"Feature","properties":{"kind":"water","water":"river","name":""},"geometry":{"type":"Polygon","coordinates":[[[121.44777,17.32142],[121.44887,17.32401],[121.44784,17.32608],[121.44861,17.32823],[121.45082,17.33049],[121.45355,17.33022],[121.45368,17.32935],[121.45323,17.32981],[121.45147,17.33016],[121.44945,17.32864],[121.44829,17.32657],[121.44932,17.32364],[121.44777,17.32142]]]}},{"type":"Feature","properties":{"kind":"water","water":"river","name":""},"geometry":{"type":"Polygon","coordinates":[[[121.47772,17.11891],[121.46979,17.12209],[121.469,17.12569],[121.46921,17.12761],[121.46987,17.12915],[121.47021,17.12895],[121.46965,17.12771],[121.46958,17.12573],[121.47008,17.12262],[121.47666,17.11975],[121.47789,17.11954],[121.47772,17.11891]]]}},{"type":"Feature","properties":{"kind":"water","water":"river","name":""},"geometry":{"type":"Polygon","coordinates":[[[121.18972,16.7559],[121.19235,16.7573],[121.19357,16.75914],[121.19454,16.75987],[121.19597,16.76028],[121.19817,16.75986],[121.19939,16.7601],[121.20032,16.75964],[121.2017,16.75988],[121.20318,16.75898],[121.20432,16.75801],[121.20308,16.75887],[121.20385,16.75775],[121.20314,16.75773],[121.20169,16.75955],[121.2003,16.75933],[121.19905,16.75988],[121.19793,16.7596],[121.19654,16.75993],[121.19492,16.75869],[121.19398,16.75722],[121.19196,16.75612],[121.18975,16.75562],[121.18972,16.7559]]]}},{"type":"Feature","properties":{"kind":"water","water":"river","name":""},"geometry":{"type":"Polygon","coordinates":[[[121.20397,16.75802],[121.20671,16.75804],[121.20976,16.75893],[121.20927,16.759],[121.21336,16.75895],[121.21577,16.75782],[121.21744,16.75546],[121.21584,16.75716],[121.21347,16.75868],[121.21237,16.75883],[121.20983,16.75776],[121.20767,16.75742],[121.20385,16.75775],[121.20397,16.75802]]]}},{"type":"Feature","properties":{"kind":"water","water":"river","name":""},"geometry":{"type":"Polygon","coordinates":[[[121.2444,16.71343],[121.24898,16.71127],[121.25322,16.70807],[121.25258,16.7081],[121.25098,16.70945],[121.25105,16.70852],[121.25189,16.70758],[121.25202,16.7063],[121.25184,16.70733],[121.25156,16.70741],[121.2513,16.70683],[121.25023,16.70995],[121.24598,16.71244],[121.24488,16.71254],[121.24542,16.71199],[121.24505,16.71208],[121.24385,16.71312],[121.2444,16.71343]]]}},{"type":"Feature","properties":{"kind":"water","water":"river","name":""},"geometry":{"type":"Polygon","coordinates":[[[120.70366,17.17729],[120.70323,17.17909],[120.70339,17.18029],[120.70369,17.18115],[120.70453,17.18151],[120.7056,17.1818],[120.71066,17.18121],[120.71273,17.18262],[120.71382,17.18287],[120.71593,17.18272],[120.71781,17.18201],[120.71784,17.18169],[120.7153,17.18245],[120.71374,17.18228],[120.71048,17.18078],[120.7058,17.1814],[120.70445,17.18122],[120.70368,17.18061],[120.70357,17.17878],[120.7041,17.17733],[120.70366,17.17729]]]}},{"type":"Feature","properties":{"kind":"water","water":"river","name":""},"geometry":{"type":"Polygon","coordinates":[[[120.52104,17.5443],[120.52741,17.54415],[120.53388,17.53819],[120.53583,17.53724],[120.53745,17.53845],[120.53932,17.54122],[120.53976,17.54513],[120.53878,17.54846],[120.53737,17.55777],[120.53739,17.56148],[120.53676,17.5667],[120.53696,17.57039],[120.53743,17.57233],[120.53792,17.57241],[120.53783,17.57522],[120.53946,17.57611],[120.54153,17.57838],[120.54274,17.57659],[120.53917,17.574],[120.53865,17.57328],[120.53878,17.57215],[120.53841,17.57099],[120.53828,17.56598],[120.53953,17.5541],[120.54154,17.54732],[120.53982,17.53945],[120.53809,17.53758],[120.53593,17.53643],[120.53367,17.53729],[120.52661,17.54301],[120.52124,17.54417],[120.52195,17.54366],[120.52102,17.54397],[120.52104,17.5443]]]}},{"type":"Feature","properties":{"kind":"water","water":"river","name":""},"geometry":{"type":"Polygon","coordinates":[[[120.5433,17.57969],[120.54669,17.58063],[120.54797,17.58057],[120.55292,17.57889],[120.5534,17.57905],[120.55499,17.57759],[120.55325,17.57677],[120.55157,17.57841],[120.54971,17.57857],[120.5492,17.57976],[120.5478,17.58014],[120.54568,17.57967],[120.54589,17.57951],[120.54446,17.57865],[120.54274,17.57659],[120.54153,17.57838],[120.5433,17.57969]]]}},{"type":"Feature","properties":{"kind":"water","water":"river","name":""},"geometry":{"type":"Polygon","coordinates":[[[120.59379,17.57095],[120.59515,17.5718],[120.59486,17.57218],[120.59592,17.57431],[120.59662,17.57879],[120.59498,17.58277],[120.59051,17.58962],[120.59089,17.59022],[120.59221,17.5896],[120.59249,17.58922],[120.5919,17.58954],[120.59395,17.58753],[120.59664,17.58327],[120.59778,17.58004],[120.59786,17.57772],[120.59702,17.57657],[120.59698,17.57456],[120.59634,17.57223],[120.59538,17.57021],[120.59449,17.56994],[120.59381,17.56917],[120.58951,17.57231],[120.58456,17.57496],[120.58174,17.57758],[120.5803,17.57819],[120.5765,17.57828],[120.57017,17.5744],[120.56924,17.57356],[120.56819,17.57162],[120.56794,17.5718],[120.56854,17.57342],[120.56665,17.56978],[120.56681,17.56883],[120.56594,17.56764],[120.56376,17.56624],[120.56145,17.56586],[120.55969,17.56649],[120.55814,17.5681],[120.55606,17.57093],[120.55637,17.57197],[120.55586,17.57131],[120.55461,17.57325],[120.55489,17.57141],[120.55463,17.5709],[120.55434,17.57072],[120.55459,17.5713],[120.55412,17.57197],[120.55407,17.57418],[120.55325,17.57677],[120.55499,17.57759],[120.55608,17.57537],[120.5563,17.57345],[120.55773,17.57069],[120.56106,17.56714],[120.56198,17.56688],[120.56323,17.56691],[120.56525,17.56836],[120.56507,17.56954],[120.56918,17.57637],[120.56896,17.57658],[120.57739,17.57979],[120.58111,17.57942],[120.58086,17.57928],[120.58543,17.57644],[120.58784,17.57536],[120.59161,17.57185],[120.59379,17.57095]]]}},{"type":"Feature","properties":{"kind":"water","water":"lake","name":"Lubo Lake"},"geometry":{"type":"Polygon","coordinates":[[[120.67807,16.63903],[120.6783,16.63742],[120.6781,16.63672],[120.67755,16.63641],[120.67634,16.63694],[120.6752,16.6388],[120.67529,16.63941],[120.6762,16.64005],[120.67807,16.63903]]]}},{"type":"Feature","properties":{"kind":"water","water":"river","name":""},"geometry":{"type":"Polygon","coordinates":[[[120.98556,17.09515],[120.99123,17.09527],[120.99192,17.09595],[120.99192,17.09855],[120.99539,17.10046],[120.99525,17.10187],[120.99572,17.10335],[120.99778,17.104],[120.99979,17.10385],[121.00222,17.10539],[121.00523,17.10636],[121.0063,17.1074],[121.00722,17.10921],[121.00832,17.10993],[121.00966,17.11023],[121.01355,17.11017],[121.01422,17.11115],[121.01408,17.11172],[121.01485,17.11303],[121.01532,17.11583],[121.01561,17.11621],[121.01735,17.11638],[121.01939,17.11602],[121.01568,17.11608],[121.01526,17.11318],[121.01386,17.11006],[121.00849,17.10981],[121.00754,17.10927],[121.00642,17.10728],[121.00491,17.10595],[121.00231,17.10522],[121.0,17.10384],[120.99579,17.10321],[120.99537,17.10139],[120.99553,17.10025],[120.99227,17.09859],[120.99222,17.09603],[120.99154,17.09506],[120.98549,17.09472],[120.98556,17.09515]]]}},{"type":"Feature","properties":{"kind":"water","water":"river","name":""},"geometry":{"type":"MultiPolygon","coordinates":[[[[121.09396,18.53222],[121.09236,18.53022],[121.09069,18.52659],[121.08964,18.52659],[121.08767,18.52711],[121.08651,18.52665],[121.08441,18.52696],[121.08299,18.52617],[121.08126,18.52417],[121.08267,18.52606],[121.08416,18.52709],[121.08553,18.52722],[121.08612,18.52681],[121.08756,18.52729],[121.09058,18.52675],[121.09222,18.53037],[121.09387,18.53282],[121.09396,18.53222]]],[[[121.09297,18.53709],[121.09259,18.53878],[121.09288,18.54111],[121.0937,18.54123],[121.09314,18.53864],[121.09331,18.53714],[121.09297,18.53709]]]]}},{"type":"Feature","properties":{"kind":"water","water":"river","name":""},"geometry":{"type":"Polygon","coordinates":[[[120.78117,17.78373],[120.78417,17.78703],[120.78463,17.78855],[120.78135,17.79303],[120.78171,17.79434],[120.78285,17.79568],[120.78329,17.79766],[120.78482,17.79893],[120.78845,17.79981],[120.78939,17.8006],[120.79195,17.80062],[120.79198,17.80196],[120.7912,17.80492],[120.7904,17.80681],[120.79006,17.80721],[120.78955,17.80709],[120.78952,17.80762],[120.79129,17.80967],[120.79516,17.81118],[120.79506,17.81477],[120.79578,17.81518],[120.79714,17.81479],[120.79726,17.81434],[120.79815,17.81462],[120.79819,17.8142],[120.79727,17.81378],[120.79662,17.81383],[120.79679,17.81436],[120.7964,17.81467],[120.7953,17.81438],[120.79565,17.81185],[120.79539,17.81081],[120.79126,17.80927],[120.78998,17.8079],[120.79214,17.80281],[120.79226,17.80022],[120.78954,17.80015],[120.78825,17.79934],[120.78481,17.7985],[120.78343,17.79728],[120.78327,17.79571],[120.78202,17.79413],[120.78187,17.79325],[120.78558,17.78864],[120.78473,17.787],[120.78155,17.78354],[120.78117,17.78373]]]}},{"type":"Feature","properties":{"kind":"water","water":"river","name":""},"geometry":{"type":"Polygon","coordinates":[[[121.23902,18.07157],[121.23826,18.07224],[121.23924,18.07481],[121.23915,18.07697],[121.2397,18.07762],[121.24568,18.07901],[121.24992,18.08068],[121.25106,18.08174],[121.25244,18.08225],[121.25621,18.08271],[121.25835,18.0842],[121.26194,18.08474],[121.26811,18.08429],[121.26944,18.08385],[121.2735,18.08414],[121.2746,18.08389],[121.27812,18.08498],[121.27984,18.08438],[121.28055,18.08256],[121.28138,18.08195],[121.28531,18.08167],[121.2854,18.08083],[121.28406,18.08125],[121.28221,18.0805],[121.28116,18.08071],[121.2801,18.08169],[121.27966,18.0829],[121.27844,18.08428],[121.27753,18.08374],[121.27678,18.08403],[121.27327,18.08259],[121.27228,18.083],[121.27143,18.08257],[121.26838,18.08384],[121.26725,18.08332],[121.26537,18.08393],[121.25874,18.08373],[121.25635,18.08232],[121.25127,18.08142],[121.24908,18.07954],[121.24665,18.07908],[121.24605,18.07848],[121.24246,18.07731],[121.24087,18.07711],[121.24,18.07595],[121.23989,18.07317],[121.23902,18.07157]]]}},{"type":"Feature","properties":{"kind":"water","water":"river","name":""},"geometry":{"type":"Polygon","coordinates":[[[121.3076,18.10134],[121.30221,18.10154],[121.30193,18.09967],[121.30211,18.09577],[121.30233,18.09465],[121.30327,18.09327],[121.30314,18.09117],[121.30248,18.08969],[121.3011,18.08833],[121.29792,18.08692],[121.2988,18.08389],[121.2995,18.08318],[121.29891,18.08093],[121.29717,18.08045],[121.29092,18.08024],[121.28882,18.07981],[121.2854,18.08083],[121.28531,18.08167],[121.28876,18.0807],[121.29334,18.08133],[121.29548,18.08132],[121.29659,18.08092],[121.29814,18.08161],[121.2985,18.08276],[121.29637,18.08747],[121.29724,18.0888],[121.29815,18.08844],[121.2988,18.0892],[121.29999,18.08932],[121.30167,18.09052],[121.30186,18.09269],[121.30128,18.09384],[121.30075,18.09821],[121.3016,18.10286],[121.30202,18.10326],[121.30355,18.10258],[121.30762,18.10239],[121.3076,18.10134]]]}},{"type":"Feature","properties":{"kind":"water","water":"river","name":""},"geometry":{"type":"Polygon","coordinates":[[[121.23895,18.07147],[121.23784,18.07003],[121.23724,18.0681],[121.23479,18.06713],[121.23124,18.06678],[121.23045,18.06612],[121.23013,18.06352],[121.23114,18.06106],[121.23114,18.05815],[121.23147,18.0576],[121.231,18.05429],[121.22959,18.05201],[121.22515,18.04976],[121.22271,18.04915],[121.22232,18.04767],[121.22241,18.04506],[121.22283,18.04397],[121.22244,18.04141],[121.22077,18.03962],[121.21502,18.03639],[121.21426,18.03721],[121.21656,18.03891],[121.2194,18.0403],[121.22132,18.04308],[121.22123,18.04449],[121.21996,18.04492],[121.22006,18.04625],[121.2192,18.04888],[121.22028,18.04997],[121.22391,18.05058],[121.22802,18.05251],[121.22974,18.05436],[121.23027,18.05795],[121.22986,18.06108],[121.22904,18.06255],[121.22932,18.06377],[121.22911,18.06612],[121.23153,18.06797],[121.23359,18.06802],[121.23613,18.0687],[121.23694,18.06941],[121.23717,18.07066],[121.23821,18.07199],[121.23895,18.07147]]]}},{"type":"Feature","properties":{"kind":"water","water":"river","name":""},"geometry":{"type":"Polygon","coordinates":[[[121.21489,18.0363],[121.21309,18.03543],[121.21094,18.03359],[121.21051,18.03261],[121.20885,18.03231],[121.20655,18.03251],[121.2036,18.03152],[121.20357,18.02914],[121.20295,18.02661],[121.20182,18.02516],[121.20165,18.02418],[121.20027,18.02403],[121.19851,18.0242],[121.19723,18.02508],[121.19594,18.02751],[121.19569,18.02926],[121.19733,18.03137],[121.19917,18.03271],[121.20082,18.03458],[121.20139,18.03629],[121.2012,18.0375],[121.20023,18.0382],[121.19879,18.03823],[121.19672,18.03668],[121.19421,18.03572],[121.19212,18.03575],[121.19184,18.03716],[121.19563,18.03875],[121.19774,18.03898],[121.19919,18.03962],[121.20086,18.03981],[121.20174,18.03906],[121.20243,18.03691],[121.20235,18.03433],[121.19867,18.0299],[121.19769,18.02771],[121.19829,18.02628],[121.20001,18.02563],[121.20069,18.02577],[121.20115,18.02638],[121.20191,18.03174],[121.2028,18.03297],[121.20402,18.03279],[121.20613,18.0338],[121.20972,18.03412],[121.21194,18.0362],[121.21426,18.03721],[121.21489,18.0363]]]}},{"type":"Feature","properties":{"kind":"water","water":"river","name":""},"geometry":{"type":"Polygon","coordinates":[[[121.32435,16.73301],[121.32603,16.73148],[121.32291,16.72744],[121.32056,16.72316],[121.31607,16.71962],[121.31421,16.71723],[121.31423,16.71545],[121.31632,16.70747],[121.3163,16.70404],[121.3142,16.69737],[121.31314,16.69781],[121.31464,16.7035],[121.31495,16.7077],[121.31435,16.71106],[121.31277,16.71538],[121.31294,16.71659],[121.3137,16.71852],[121.31661,16.72209],[121.32098,16.72649],[121.32401,16.73167],[121.32435,16.73301]]]}},{"type":"Feature","properties":{"kind":"water","water":"river","name":""},"geometry":{"type":"Polygon","coordinates":[[[121.31314,16.69781],[121.3142,16.69737],[121.31255,16.69527],[121.31219,16.69547],[121.30706,16.69235],[121.30164,16.69187],[121.29837,16.69307],[121.29557,16.69306],[121.29225,16.69119],[121.28937,16.68852],[121.28845,16.68674],[121.28854,16.68567],[121.29336,16.68185],[121.29472,16.67998],[121.29485,16.67878],[121.29471,16.67683],[121.29392,16.6761],[121.29392,16.67488],[121.2925,16.6734],[121.29198,16.67107],[121.29077,16.67104],[121.29104,16.67317],[121.29318,16.67674],[121.29323,16.67934],[121.29178,16.68212],[121.28769,16.68575],[121.28801,16.68741],[121.28962,16.69031],[121.29235,16.69295],[121.29425,16.69418],[121.29633,16.69463],[121.30144,16.69325],[121.30462,16.69309],[121.3101,16.69464],[121.31187,16.69592],[121.31314,16.69781]]]}},{"type":"Feature","properties":{"kind":"water","water":"river","name":""},"geometry":{"type":"Polygon","coordinates":[[[121.27776,18.35177],[121.27858,18.35247],[121.27846,18.35305],[121.27893,18.35343],[121.27902,18.35418],[121.28077,18.35683],[121.28019,18.35876],[121.28116,18.36003],[121.28426,18.36156],[121.28823,18.36171],[121.2904,18.36349],[121.29051,18.36389],[121.28985,18.36359],[121.29124,18.36466],[121.29157,18.36571],[121.291,18.36645],[121.28795,18.36521],[121.28739,18.36462],[121.28755,18.36531],[121.29126,18.36731],[121.29221,18.36671],[121.29255,18.36601],[121.29198,18.36463],[121.29081,18.36393],[121.29081,18.36334],[121.28911,18.3617],[121.28788,18.36103],[121.28526,18.36113],[121.28297,18.36072],[121.28059,18.35895],[121.281,18.35748],[121.28088,18.3561],[121.27859,18.35133],[121.27776,18.35177]]]}},{"type":"Feature","properties":{"kind":"water","water":"lake","name":""},"geometry":{"type":"Polygon","coordinates":[[[121.46535,18.24591],[121.46663,18.24368],[121.46598,18.24294],[121.46671,18.24192],[121.46626,18.24175],[121.46638,18.24157],[121.46614,18.24055],[121.4651,18.24001],[121.46555,18.24044],[121.46526,18.24047],[121.46498,18.24066],[121.46496,18.24078],[121.46607,18.24067],[121.46579,18.24097],[121.46622,18.2414],[121.46589,18.24156],[121.46593,18.24212],[121.46495,18.24148],[121.46481,18.24186],[121.46399,18.24153],[121.46334,18.24152],[121.46528,18.2421],[121.46593,18.2427],[121.46528,18.24305],[121.46527,18.24358],[121.46465,18.24309],[121.46538,18.24399],[121.46519,18.2445],[121.46453,18.24439],[121.46415,18.24349],[121.46364,18.24368],[121.46367,18.243],[121.46284,18.24301],[121.46228,18.24233],[121.46268,18.24322],[121.46338,18.24336],[121.46318,18.24406],[121.46384,18.24401],[121.46404,18.24499],[121.46441,18.24473],[121.46511,18.24507],[121.46528,18.24539],[121.46485,18.24589],[121.46535,18.24591]]]}},{"type":"Feature","properties":{"kind":"water","water":"reservoir","name":""},"geometry":{"type":"MultiPolygon","coordinates":[[[[120.68122,16.18199],[120.68127,16.18372],[120.67998,16.18365],[120.67687,16.18465],[120.67772,16.18514],[120.67979,16.18454],[120.67933,16.18493],[120.67974,16.18576],[120.67945,16.18643],[120.68138,16.18604],[120.68162,16.18653],[120.68248,16.1865],[120.68209,16.18568],[120.68256,16.1843],[120.68248,16.1832],[120.68361,16.183],[120.68374,16.18366],[120.68424,16.18315],[120.68537,16.18346],[120.68259,16.18203],[120.68122,16.18199]]],[[[120.68557,16.18341],[120.68559,16.18382],[120.68621,16.18412],[120.6856,16.18585],[120.68637,16.18535],[120.68689,16.1859],[120.68877,16.18479],[120.68557,16.18341]]],[[[120.70354,16.18956],[120.69673,16.18887],[120.69644,16.1894],[120.69541,16.18881],[120.69553,16.1897],[120.69497,16.18978],[120.69504,16.1903],[120.69437,16.18984],[120.69446,16.19046],[120.69392,16.19048],[120.69461,16.19106],[120.6929,16.19026],[120.69288,16.19117],[120.69135,16.19176],[120.69165,16.1927],[120.69187,16.19214],[120.69257,16.19232],[120.69293,16.192],[120.69307,16.19245],[120.69351,16.19215],[120.69463,16.19232],[120.69532,16.19322],[120.6947,16.19325],[120.69494,16.19383],[120.69657,16.19413],[120.69573,16.19647],[120.69367,16.19831],[120.69405,16.19852],[120.6939,16.19944],[120.69212,16.20056],[120.69212,16.20129],[120.69115,16.20128],[120.69257,16.20254],[120.6941,16.2049],[120.69511,16.20471],[120.69643,16.20506],[120.69748,16.20631],[120.69431,16.2057],[120.69357,16.2066],[120.69294,16.20654],[120.6918,16.20733],[120.69214,16.20769],[120.69143,16.20841],[120.69274,16.20819],[120.69254,16.20901],[120.69329,16.21095],[120.69195,16.21051],[120.69041,16.21113],[120.68829,16.21082],[120.68996,16.21195],[120.68969,16.21286],[120.68904,16.213],[120.68918,16.21325],[120.69052,16.2136],[120.6916,16.21477],[120.69201,16.21475],[120.69196,16.21531],[120.69261,16.21517],[120.69366,16.21552],[120.6937,16.21591],[120.69425,16.21567],[120.69609,16.21615],[120.69581,16.21659],[120.69695,16.21676],[120.69684,16.2177],[120.69772,16.21893],[120.69884,16.21972],[120.70138,16.22056],[120.70063,16.22151],[120.69918,16.22226],[120.69519,16.22208],[120.69377,16.22321],[120.69519,16.22549],[120.69794,16.22805],[120.69819,16.22981],[120.69695,16.23071],[120.69675,16.23145],[120.69713,16.23287],[120.69687,16.23353],[120.69721,16.23383],[120.69811,16.2335],[120.69784,16.23162],[120.69946,16.22993],[120.69939,16.2285],[120.69871,16.22722],[120.6959,16.22426],[120.69588,16.22321],[120.69937,16.22384],[120.70134,16.22266],[120.70165,16.22284],[120.70301,16.2207],[120.70463,16.22054],[120.70304,16.21999],[120.70229,16.21921],[120.70273,16.21861],[120.70175,16.21884],[120.70051,16.21841],[120.69913,16.21725],[120.69869,16.21599],[120.69843,16.21613],[120.69659,16.21459],[120.69538,16.21437],[120.69437,16.21364],[120.69441,16.21317],[120.69536,16.21322],[120.6947,16.21267],[120.69518,16.21217],[120.69528,16.21029],[120.69433,16.2078],[120.69492,16.20732],[120.69563,16.20805],[120.69668,16.20777],[120.69697,16.20826],[120.69752,16.20794],[120.69808,16.20847],[120.69967,16.20612],[120.69955,16.20376],[120.69894,16.20433],[120.69751,16.20357],[120.69665,16.20227],[120.69486,16.20145],[120.69598,16.19988],[120.69646,16.19989],[120.69621,16.19923],[120.69687,16.19896],[120.69757,16.19692],[120.6985,16.19641],[120.69948,16.19657],[120.70021,16.19796],[120.70085,16.19816],[120.70086,16.19866],[120.70302,16.19928],[120.70248,16.19785],[120.70284,16.1973],[120.70365,16.19728],[120.7028,16.19667],[120.70417,16.19515],[120.70408,16.19394],[120.70564,16.19547],[120.70651,16.19533],[120.70654,16.1962],[120.70754,16.19558],[120.70636,16.19481],[120.70654,16.19433],[120.70565,16.19456],[120.70518,16.19376],[120.7039,16.19301],[120.70332,16.19342],[120.70319,16.19412],[120.70194,16.19422],[120.70203,16.19531],[120.70142,16.19591],[120.70137,16.19528],[120.69945,16.19406],[120.70018,16.19336],[120.69957,16.19307],[120.70001,16.19272],[120.69965,16.1926],[120.69947,16.19142],[120.70224,16.19124],[120.70354,16.18956]]]]}},{"type":"Feature","properties":{"kind":"water","water":"river","name":""},"geometry":{"type":"MultiPolygon","coordinates":[[[[121.50518,16.83531],[121.50746,16.83548],[121.51034,16.83688],[121.5133,16.83916],[121.51577,16.84042],[121.51736,16.8423],[121.51789,16.84371],[121.51946,16.84538],[121.52178,16.84692],[121.52452,16.84782],[121.52918,16.85085],[121.5306,16.85242],[121.5317,16.85485],[121.53083,16.8593],[121.53174,16.86323],[121.53398,16.86771],[121.53682,16.86982],[121.53397,16.86298],[121.53374,16.85073],[121.52891,16.8448],[121.52185,16.84153],[121.51473,16.8374],[121.50815,16.8346],[121.50669,16.8335],[121.49978,16.83269],[121.49314,16.83336],[121.48246,16.83376],[121.48261,16.83421],[121.48037,16.83581],[121.47849,16.83447],[121.47831,16.83476],[121.47896,16.83515],[121.47857,16.83564],[121.47706,16.8342],[121.4771,16.83367],[121.47842,16.83291],[121.47408,16.82973],[121.47217,16.82906],[121.47214,16.82976],[121.46922,16.82924],[121.47144,16.82892],[121.47049,16.82859],[121.46966,16.82911],[121.46876,16.82898],[121.46888,16.82944],[121.4667,16.82886],[121.46169,16.82615],[121.45856,16.82567],[121.45651,16.82439],[121.4566,16.82513],[121.45747,16.82584],[121.45587,16.8266],[121.4563,16.82756],[121.45857,16.82664],[121.46088,16.82762],[121.45976,16.82805],[121.45856,16.82795],[121.45736,16.82855],[121.45784,16.8304],[121.45935,16.83042],[121.46021,16.8297],[121.46319,16.82899],[121.46572,16.8298],[121.47025,16.83241],[121.47639,16.838],[121.4789,16.83891],[121.48365,16.83853],[121.48497,16.83897],[121.48783,16.8362],[121.49469,16.83567],[121.50163,16.8359],[121.50518,16.83531]]],[[[121.54267,16.87698],[121.54432,16.88019],[121.54545,16.8809],[121.54563,16.88173],[121.54513,16.88569],[121.54327,16.88815],[121.54246,16.89005],[121.54218,16.89149],[121.54269,16.89291],[121.54929,16.90052],[121.55158,16.90245],[121.55462,16.90401],[121.5592,16.90509],[121.56096,16.90599],[121.56498,16.90983],[121.56871,16.91191],[121.57022,16.91418],[121.57022,16.91108],[121.5685,16.90937],[121.56751,16.90754],[121.56585,16.90604],[121.55929,16.9038],[121.55981,16.90326],[121.5628,16.9029],[121.56582,16.90364],[121.56561,16.90154],[121.56301,16.89989],[121.55983,16.89912],[121.55755,16.89908],[121.55535,16.89819],[121.55271,16.8966],[121.55182,16.8952],[121.55116,16.895],[121.55116,16.89433],[121.54875,16.89054],[121.55087,16.88497],[121.5511,16.88292],[121.55026,16.88059],[121.54676,16.87671],[121.54341,16.87451],[121.54152,16.87559],[121.54267,16.87698]],[[121.54981,16.8832],[121.54978,16.88436],[121.54885,16.88567],[121.54773,16.88587],[121.5469,16.88516],[121.54714,16.88337],[121.54784,16.88262],[121.54919,16.88246],[121.54981,16.8832]],[[121.55476,16.9],[121.5578,16.90169],[121.55807,16.90279],[121.55676,16.90312],[121.55441,16.90275],[121.55138,16.90125],[121.54884,16.89879],[121.54582,16.89478],[121.5435,16.89275],[121.54313,16.89163],[121.54331,16.89035],[121.54627,16.88623],[121.54685,16.88591],[121.54754,16.8862],[121.54705,16.89176],[121.54809,16.89483],[121.54993,16.89654],[121.55238,16.89738],[121.55476,16.9]]]]}},{"type":"Feature","properties":{"kind":"water","water":"river","name":""},"geometry":{"type":"MultiPolygon","coordinates":[[[[121.35144,18.11523],[121.35174,18.11686],[121.35378,18.12013],[121.35776,18.12212],[121.36025,18.12443],[121.3612,18.12582],[121.36241,18.12967],[121.36237,18.13131],[121.36197,18.13139],[121.36326,18.13563],[121.36306,18.13683],[121.36086,18.13753],[121.35701,18.13609],[121.35038,18.1352],[121.34785,18.13574],[121.34638,18.13648],[121.34513,18.13764],[121.34384,18.14012],[121.34522,18.14353],[121.34727,18.14602],[121.35208,18.14851],[121.35682,18.14985],[121.35771,18.15103],[121.35774,18.15215],[121.35379,18.15575],[121.35243,18.15869],[121.35419,18.16152],[121.3573,18.16339],[121.35897,18.16368],[121.36128,18.16488],[121.36256,18.1677],[121.36325,18.17056],[121.3632,18.17535],[121.36244,18.18092],[121.36182,18.18356],[121.36102,18.18465],[121.35971,18.18901],[121.35953,18.19209],[121.36363,18.19729],[121.36549,18.19886],[121.36652,18.20059],[121.36787,18.2003],[121.36919,18.20076],[121.37443,18.20489],[121.37696,18.20569],[121.38509,18.207],[121.39148,18.20944],[121.39335,18.21074],[121.39433,18.21186],[121.3954,18.21448],[121.39768,18.21797],[121.40259,18.22254],[121.40379,18.22451],[121.40535,18.22566],[121.40827,18.23031],[121.40818,18.23136],[121.40736,18.2322],[121.40385,18.2331],[121.40205,18.23396],[121.40081,18.2371],[121.40126,18.2389],[121.40507,18.24324],[121.40484,18.24349],[121.40682,18.24714],[121.40663,18.24838],[121.40581,18.24985],[121.40425,18.25124],[121.40405,18.252],[121.40386,18.25333],[121.40475,18.25625],[121.40471,18.25749],[121.40276,18.2596],[121.40177,18.25996],[121.40105,18.26115],[121.40123,18.26557],[121.40157,18.26663],[121.4035,18.26933],[121.40633,18.26977],[121.40924,18.27123],[121.41125,18.27445],[121.41125,18.27522],[121.40855,18.2782],[121.40737,18.28014],[121.40485,18.28577],[121.40564,18.28961],[121.40781,18.29407],[121.40773,18.29542],[121.40678,18.2973],[121.40502,18.29846],[121.40333,18.30118],[121.40141,18.30266],[121.39958,18.30294],[121.39755,18.3024],[121.39594,18.30165],[121.39388,18.29979],[121.39201,18.29863],[121.39137,18.29849],[121.39069,18.29857],[121.3898,18.29892],[121.38893,18.29977],[121.38835,18.30125],[121.38847,18.30269],[121.38901,18.30422],[121.39042,18.3059],[121.39066,18.30908],[121.39122,18.31082],[121.39346,18.31446],[121.39637,18.31572],[121.39955,18.31642],[121.40301,18.31546],[121.40437,18.31563],[121.40529,18.31508],[121.40774,18.31163],[121.40912,18.31077],[121.41034,18.31067],[121.41384,18.31594],[121.41738,18.31975],[121.41788,18.32137],[121.41734,18.32531],[121.41926,18.32493],[121.41995,18.32214],[121.41962,18.31948],[121.41756,18.31683],[121.41454,18.31409],[121.41281,18.31125],[121.4133,18.31161],[121.41298,18.31073],[121.41304,18.31044],[121.41371,18.31191],[121.41353,18.30847],[121.41633,18.30327],[121.41939,18.29954],[121.41943,18.2982],[121.41792,18.2955],[121.41557,18.29508],[121.41417,18.294],[121.4135,18.29149],[121.41202,18.2884],[121.41132,18.28841],[121.41019,18.28686],[121.40933,18.2847],[121.40792,18.28343],[121.40932,18.28029],[121.41298,18.27457],[121.415,18.27342],[121.41568,18.27344],[121.41679,18.27421],[121.41787,18.27406],[121.41937,18.27289],[121.41997,18.27108],[121.41975,18.26905],[121.41789,18.26723],[121.41517,18.26708],[121.41339,18.26765],[121.41236,18.26748],[121.41037,18.26634],[121.40932,18.26454],[121.40935,18.26405],[121.41012,18.26345],[121.40991,18.26175],[121.41029,18.25741],[121.41125,18.25623],[121.4132,18.25532],[121.41273,18.2542],[121.41069,18.25271],[121.41067,18.25154],[121.41118,18.25079],[121.41488,18.2484],[121.41633,18.24688],[121.41706,18.24544],[121.41565,18.23854],[121.41519,18.23803],[121.41508,18.23623],[121.41593,18.23319],[121.41681,18.2317],[121.41712,18.22941],[121.41693,18.22587],[121.41462,18.22146],[121.41242,18.21935],[121.41152,18.21934],[121.41095,18.21867],[121.40835,18.21812],[121.40746,18.21717],[121.40575,18.21699],[121.40538,18.21656],[121.40391,18.21648],[121.40284,18.21334],[121.4003,18.21039],[121.39835,18.2091],[121.39672,18.20665],[121.39533,18.20658],[121.39193,18.205],[121.38872,18.20435],[121.3823,18.20473],[121.37868,18.20389],[121.37814,18.20424],[121.37783,18.20264],[121.37581,18.19981],[121.37465,18.19734],[121.37501,18.19545],[121.37452,18.18935],[121.37186,18.18476],[121.37097,18.18502],[121.36969,18.1809],[121.36706,18.17693],[121.36597,18.17275],[121.36607,18.17127],[121.36555,18.17004],[121.36405,18.16854],[121.36209,18.16447],[121.36115,18.16333],[121.3598,18.16249],[121.35551,18.16135],[121.35365,18.15927],[121.35412,18.15754],[121.35744,18.15377],[121.35753,18.1529],[121.35894,18.15132],[121.35839,18.15101],[121.35749,18.14907],[121.35685,18.14867],[121.35492,18.14849],[121.34876,18.14597],[121.34477,18.14144],[121.34483,18.13983],[121.34571,18.13814],[121.34808,18.13658],[121.35514,18.13643],[121.35707,18.13684],[121.35794,18.13755],[121.36087,18.13807],[121.36229,18.1379],[121.36419,18.13679],[121.36307,18.13218],[121.36293,18.12815],[121.36129,18.12407],[121.35983,18.12246],[121.35713,18.12068],[121.35415,18.11936],[121.35325,18.11722],[121.35318,18.11511],[121.35144,18.11523]],[[121.3638,18.17597],[121.36427,18.17506],[121.36481,18.17502],[121.36639,18.17674],[121.36915,18.18324],[121.36942,18.18564],[121.36787,18.18647],[121.36752,18.18609],[121.36745,18.19119],[121.36892,18.19398],[121.36885,18.19471],[121.36841,18.19492],[121.3638,18.19508],[121.36168,18.19324],[121.3611,18.19222],[121.36092,18.18994],[121.36339,18.18008],[121.3638,18.17597]],[[121.37375,18.19134],[121.3736,18.19309],[121.37284,18.19325],[121.37256,18.19407],[121.37165,18.19479],[121.37068,18.19275],[121.36877,18.19048],[121.36836,18.18881],[121.36859,18.187],[121.37035,18.18589],[121.37226,18.18613],[121.37421,18.18989],[121.37403,18.19157],[121.37333,18.19039],[121.37375,18.19134]],[[121.37348,18.19577],[121.37172,18.19514],[121.3729,18.19388],[121.37307,18.19327],[121.37349,18.1935],[121.37453,18.19263],[121.37428,18.1943],[121.37474,18.19584],[121.37447,18.19717],[121.37348,18.19577]],[[121.36806,18.19548],[121.36841,18.19513],[121.36879,18.19499],[121.36822,18.1963],[121.36806,18.19548]],[[121.3669,18.19825],[121.36521,18.19626],[121.3661,18.1963],[121.36772,18.19773],[121.3669,18.19825]],[[121.36839,18.19988],[121.36776,18.19821],[121.37147,18.19535],[121.37334,18.19591],[121.37523,18.20022],[121.3776,18.2027],[121.37769,18.20374],[121.37468,18.20341],[121.37166,18.20192],[121.36839,18.19988]],[[121.3979,18.2089],[121.39557,18.20679],[121.39558,18.20664],[121.39673,18.20696],[121.3979,18.2089]],[[121.40122,18.2125],[121.39946,18.21173],[121.39846,18.21053],[121.39907,18.21054],[121.40051,18.21155],[121.39986,18.21041],[121.40122,18.2125]],[[121.39112,18.20872],[121.38914,18.20793],[121.38776,18.20677],[121.3891,18.2065],[121.39177,18.20696],[121.39291,18.2064],[121.39435,18.20743],[121.4009,18.21467],[121.40156,18.21581],[121.40231,18.22069],[121.4009,18.21984],[121.39748,18.2164],[121.39444,18.21122],[121.39112,18.20872]],[[121.39194,18.29888],[121.39141,18.29858],[121.39209,18.29883],[121.39194,18.29888]],[[121.39275,18.29931],[121.39012,18.2989],[121.39129,18.29862],[121.39275,18.29931]],[[121.39005,18.2993],[121.38999,18.29922],[121.39011,18.29922],[121.39005,18.2993]],[[121.40281,18.30199],[121.40224,18.30247],[121.40286,18.3018],[121.40281,18.30199]],[[121.39309,18.3137],[121.39297,18.31359],[121.39298,18.31355],[121.39309,18.3137]],[[121.39386,18.31437],[121.39333,18.31406],[121.39328,18.31387],[121.39386,18.31437]],[[121.40721,18.21903],[121.40441,18.21927],[121.404,18.21682],[121.40534,18.21661],[121.40553,18.21723],[121.40692,18.21722],[121.4079,18.21775],[121.40816,18.2182],[121.40721,18.21903]],[[121.4145,18.23609],[121.41599,18.24639],[121.41383,18.24838],[121.41136,18.24959],[121.41011,18.25113],[121.41001,18.25259],[121.41163,18.25431],[121.41121,18.25533],[121.4099,18.25653],[121.40947,18.25839],[121.40853,18.25626],[121.40743,18.25144],[121.40779,18.2489],[121.40755,18.24579],[121.40615,18.24306],[121.40371,18.24017],[121.40256,18.23625],[121.4033,18.23419],[121.40439,18.23392],[121.4068,18.23418],[121.40829,18.23377],[121.41049,18.23218],[121.41085,18.23072],[121.41078,18.22887],[121.40881,18.22609],[121.40762,18.22616],[121.40642,18.22561],[121.40408,18.22307],[121.40432,18.22253],[121.40543,18.22217],[121.40551,18.22038],[121.40735,18.21961],[121.40878,18.2196],[121.40963,18.22002],[121.41089,18.21977],[121.41333,18.22093],[121.41449,18.22227],[121.41621,18.22703],[121.41576,18.23258],[121.41471,18.23454],[121.4145,18.23609]],[[121.40705,18.25468],[121.40532,18.25442],[121.40477,18.25309],[121.40612,18.25363],[121.40691,18.25313],[121.40705,18.25468]],[[121.41275,18.25519],[121.41116,18.2558],[121.41179,18.2543],[121.41275,18.25519]],[[121.40831,18.25934],[121.40753,18.2587],[121.40698,18.25657],[121.40826,18.25737],[121.40858,18.25839],[121.40831,18.25934]],[[121.40876,18.25887],[121.40908,18.26078],[121.40888,18.26156],[121.40851,18.25961],[121.40876,18.25887]],[[121.41218,18.27416],[121.41143,18.27195],[121.40945,18.27037],[121.40582,18.26888],[121.4042,18.26897],[121.40354,18.26842],[121.4016,18.26515],[121.40124,18.2617],[121.40205,18.2603],[121.40296,18.26026],[121.40584,18.25837],[121.40801,18.26053],[121.40803,18.26337],[121.40856,18.26535],[121.4096,18.26699],[121.41288,18.26858],[121.41536,18.26764],[121.4184,18.26901],[121.41878,18.27146],[121.41824,18.27226],[121.41719,18.27271],[121.41443,18.27274],[121.41218,18.27416]],[[121.40519,18.26925],[121.40569,18.26902],[121.40613,18.26917],[121.40591,18.26927],[121.40519,18.26925]],[[121.40754,18.29045],[121.406,18.28767],[121.40679,18.28529],[121.40749,18.28633],[121.40763,18.28736],[121.40907,18.28683],[121.41126,18.28937],[121.4124,18.28993],[121.41334,18.29368],[121.40992,18.29235],[121.40754,18.29045]],[[121.406,18.29872],[121.40565,18.29893],[121.40606,18.29847],[121.406,18.29872]],[[121.40453,18.30033],[121.40388,18.30104],[121.40452,18.30025],[121.40453,18.30033]],[[121.40016,18.30332],[121.40325,18.30234],[121.40765,18.29751],[121.40857,18.29521],[121.40828,18.29254],[121.41658,18.29643],[121.41806,18.29745],[121.41881,18.29874],[121.41414,18.304],[121.41285,18.30686],[121.41204,18.3102],[121.41112,18.31105],[121.41013,18.31019],[121.40819,18.31082],[121.40645,18.3125],[121.40458,18.31536],[121.40297,18.31515],[121.40021,18.31575],[121.39708,18.31526],[121.39518,18.3146],[121.39337,18.31341],[121.39155,18.3098],[121.39114,18.30653],[121.38928,18.30326],[121.38898,18.3011],[121.38979,18.29985],[121.39216,18.29972],[121.39342,18.30022],[121.39672,18.30271],[121.3985,18.3033],[121.40016,18.30332]],[[121.4196,18.32016],[121.41907,18.31961],[121.41893,18.31891],[121.41958,18.31976],[121.4196,18.32016]]],[[[121.41693,18.32581],[121.41652,18.32655],[121.4164,18.32684],[121.41693,18.32581]]],[[[121.41587,18.32776],[121.41313,18.33027],[121.41283,18.33187],[121.41444,18.3306],[121.41587,18.32776]]]]}},{"type":"Feature","properties":{"kind":"water","water":"river","name":""},"geometry":{"type":"Polygon","coordinates":[[[120.51132,16.23041],[120.51219,16.23129],[120.51262,16.23307],[120.51352,16.23368],[120.51362,16.23481],[120.51585,16.23625],[120.51696,16.23748],[120.52,16.23794],[120.52332,16.24033],[120.52708,16.24011],[120.53012,16.24066],[120.53215,16.24145],[120.53446,16.24377],[120.53909,16.24443],[120.54181,16.24527],[120.54205,16.24604],[120.5413,16.24714],[120.54175,16.24828],[120.54962,16.2524],[120.54979,16.25408],[120.5506,16.25486],[120.55032,16.25717],[120.55142,16.2586],[120.55332,16.25893],[120.55551,16.26006],[120.5584,16.26045],[120.56004,16.26153],[120.56123,16.26374],[120.56412,16.26703],[120.5646,16.27014],[120.56614,16.27281],[120.56509,16.27543],[120.56652,16.27732],[120.5702,16.27794],[120.57148,16.27861],[120.57179,16.27985],[120.5734,16.28191],[120.57435,16.28251],[120.5757,16.28249],[120.57813,16.28395],[120.57979,16.28596],[120.58191,16.28621],[120.58492,16.28857],[120.58711,16.2895],[120.58892,16.29231],[120.59013,16.29292],[120.58981,16.29241],[120.59016,16.29184],[120.59147,16.29156],[120.59447,16.29357],[120.59426,16.29434],[120.59458,16.29473],[120.59678,16.29421],[120.59834,16.2963],[120.59899,16.29643],[120.59995,16.29593],[120.60122,16.29656],[120.60315,16.2987],[120.60357,16.29991],[120.60588,16.29988],[120.6088,16.30103],[120.60975,16.3037],[120.61234,16.30676],[120.61201,16.3082],[120.61315,16.30886],[120.61336,16.3098],[120.61682,16.31339],[120.6162,16.31478],[120.61757,16.31684],[120.61649,16.31711],[120.61577,16.31795],[120.6144,16.31862],[120.6145,16.31965],[120.61489,16.32038],[120.61528,16.32076],[120.61576,16.32241],[120.61504,16.32335],[120.61475,16.32526],[120.61305,16.32652],[120.61463,16.32881],[120.61734,16.3299],[120.61655,16.33121],[120.61658,16.33362],[120.61706,16.3348],[120.61677,16.3311],[120.61756,16.32991],[120.61465,16.32869],[120.61477,16.3284],[120.6132,16.32661],[120.61498,16.32526],[120.61512,16.32352],[120.61598,16.32218],[120.61529,16.32062],[120.61475,16.32009],[120.61451,16.31892],[120.61575,16.31837],[120.61652,16.31738],[120.6174,16.31722],[120.61804,16.31628],[120.6166,16.31497],[120.61712,16.31359],[120.61652,16.31228],[120.61357,16.30954],[120.61335,16.30873],[120.61233,16.30829],[120.61251,16.30668],[120.60997,16.30353],[120.60866,16.30042],[120.60623,16.29963],[120.60375,16.29961],[120.6032,16.29808],[120.60179,16.29631],[120.59987,16.29559],[120.59841,16.29621],[120.59681,16.294],[120.59516,16.29437],[120.5941,16.29284],[120.59125,16.29094],[120.59016,16.29106],[120.58977,16.29188],[120.58929,16.29204],[120.58761,16.2894],[120.582,16.28556],[120.57986,16.2856],[120.57845,16.28356],[120.57638,16.2829],[120.57556,16.28202],[120.57338,16.28153],[120.57167,16.27821],[120.57045,16.27751],[120.56753,16.27702],[120.56635,16.27645],[120.56572,16.27529],[120.56654,16.27246],[120.56517,16.27069],[120.56459,16.26719],[120.56191,16.26402],[120.56,16.2609],[120.55928,16.26036],[120.55619,16.25978],[120.55146,16.2581],[120.55079,16.2568],[120.55116,16.25387],[120.55012,16.25208],[120.54837,16.25147],[120.5421,16.24795],[120.54177,16.24728],[120.54256,16.24612],[120.54231,16.24515],[120.53517,16.24341],[120.53226,16.24096],[120.52713,16.23972],[120.52468,16.24025],[120.5231,16.24011],[120.52008,16.23765],[120.51764,16.23697],[120.51546,16.23549],[120.51359,16.23322],[120.51208,16.23022],[120.51132,16.23041]],[[120.57477,16.28195],[120.57439,16.28206],[120.57434,16.28201],[120.57477,16.28195]],[[120.61525,16.31846],[120.61531,16.3183],[120.6154,16.31832],[120.61525,16.31846]]]}},{"type":"Feature","properties":{"kind":"water","water":"river","name":""},"geometry":{"type":"Polygon","coordinates":[[[121.30585,17.81419],[121.30524,17.81595],[121.3064,17.81677],[121.31764,17.8158],[121.3192,17.81607],[121.31959,17.81703],[121.31938,17.81809],[121.31738,17.81988],[121.31704,17.82095],[121.31724,17.82378],[121.31572,17.82769],[121.31817,17.829],[121.32049,17.82667],[121.32276,17.82626],[121.3225,17.82531],[121.31892,17.82639],[121.3184,17.82726],[121.31849,17.82791],[121.31775,17.82814],[121.31678,17.8272],[121.31834,17.82586],[121.31901,17.82467],[121.31885,17.82296],[121.31815,17.82269],[121.31765,17.82157],[121.31894,17.81949],[121.31998,17.81881],[121.3202,17.81785],[121.32022,17.81666],[121.31915,17.81468],[121.30851,17.81579],[121.30737,17.81543],[121.30671,17.81433],[121.30935,17.81387],[121.31105,17.813],[121.31134,17.81018],[121.31373,17.80794],[121.31595,17.8067],[121.31834,17.80626],[121.32367,17.80375],[121.32544,17.80328],[121.32692,17.80096],[121.3244,17.79873],[121.32243,17.79796],[121.32017,17.7983],[121.31911,17.79937],[121.31664,17.80055],[121.31274,17.80099],[121.31285,17.80167],[121.31525,17.80151],[121.31672,17.80078],[121.31898,17.80032],[121.32021,17.79895],[121.3217,17.79847],[121.32572,17.80017],[121.32631,17.80108],[121.32555,17.80173],[121.32544,17.80241],[121.32316,17.80341],[121.32147,17.80387],[121.31932,17.80377],[121.31576,17.80502],[121.31328,17.80755],[121.31026,17.80939],[121.30896,17.80958],[121.30723,17.81342],[121.30585,17.81419]],[[121.3156,17.80669],[121.31659,17.80529],[121.3175,17.80483],[121.31892,17.80452],[121.31975,17.80539],[121.3156,17.80669]],[[121.30753,17.81377],[121.30839,17.8125],[121.30885,17.81033],[121.31047,17.81046],[121.31014,17.81296],[121.30753,17.81377]],[[121.31039,17.813],[121.31062,17.81232],[121.31087,17.81226],[121.31091,17.81294],[121.31039,17.813]],[[121.31916,17.82725],[121.31942,17.8268],[121.31988,17.82656],[121.31959,17.82703],[121.31916,17.82725]]]}},{"type":"Feature","properties":{"kind":"water","water":"river","name":""},"geometry":{"type":"Polygon","coordinates":[[[121.28778,17.80676],[121.28856,17.80623],[121.28832,17.80698],[121.2889,17.80657],[121.2888,17.80592],[121.29006,17.80381],[121.29271,17.80435],[121.29627,17.80864],[121.29758,17.80924],[121.29934,17.8114],[121.30306,17.81233],[121.30561,17.814],[121.30614,17.81374],[121.30379,17.81231],[121.29935,17.81107],[121.29856,17.80964],[121.29911,17.80978],[121.29608,17.80774],[121.29282,17.80414],[121.29242,17.80314],[121.29054,17.80343],[121.29012,17.80271],[121.2901,17.80316],[121.28943,17.80339],[121.28887,17.80528],[121.28762,17.80654],[121.28778,17.80676]]]}},{"type":"Feature","properties":{"kind":"water","water":"river","name":""},"geometry":{"type":"Polygon","coordinates":[[[121.5014,17.13975],[121.50236,17.13784],[121.50484,17.13697],[121.50636,17.13589],[121.50734,17.13454],[121.50779,17.13318],[121.50639,17.13064],[121.50599,17.13084],[121.50729,17.13258],[121.50714,17.13401],[121.50574,17.13578],[121.50234,17.13734],[121.50136,17.13888],[121.5014,17.13975]]]}},{"type":"Feature","properties":{"kind":"water","water":"river","name":""},"geometry":{"type":"Polygon","coordinates":[[[121.48044,17.10579],[121.47713,17.1063],[121.47413,17.10462],[121.47389,17.10497],[121.47697,17.1065],[121.48114,17.1062],[121.48361,17.10644],[121.48433,17.10719],[121.48464,17.10876],[121.48392,17.10982],[121.48274,17.11039],[121.48317,17.1109],[121.48478,17.10936],[121.48502,17.10781],[121.48372,17.106],[121.48044,17.10579]]]}},{"type":"Feature","properties":{"kind":"water","water":"reservoir","name":"Mount Kabuyao Dam Reservoir"},"geometry":{"type":"Polygon","coordinates":[[[120.55301,16.36239],[120.55317,16.36307],[120.55486,16.36366],[120.55651,16.36192],[120.55602,16.36104],[120.55532,16.36068],[120.55301,16.36239]]]}},{"type":"Feature","properties":{"kind":"water","water":"river","name":""},"geometry":{"type":"Polygon","coordinates":[[[120.70681,16.43384],[120.70468,16.43382],[120.70377,16.43466],[120.70305,16.43658],[120.70101,16.43836],[120.70031,16.44033],[120.69889,16.44048],[120.70042,16.44077],[120.70173,16.43822],[120.70352,16.43709],[120.70558,16.4347],[120.70715,16.43443],[120.70681,16.43384]],[[120.70461,16.43455],[120.70523,16.43417],[120.70456,16.43496],[120.70461,16.43455]]]}},{"type":"Feature","properties":{"kind":"water","water":"river","name":""},"geometry":{"type":"Polygon","coordinates":[[[121.22954,16.74657],[121.22733,16.75188],[121.22773,16.75156],[121.2275,16.75226],[121.22547,16.75276],[121.22506,16.75302],[121.22751,16.75229],[121.22766,16.75264],[121.22768,16.7533],[121.22603,16.75562],[121.22596,16.75634],[121.2252,16.75698],[121.22486,16.75684],[121.22393,16.75725],[121.22509,16.7571],[121.22602,16.75638],[121.22592,16.75737],[121.22437,16.75801],[121.22114,16.7578],[121.21741,16.75565],[121.21994,16.75751],[121.22306,16.75906],[121.22563,16.75809],[121.22646,16.75687],[121.22631,16.75567],[121.22803,16.75475],[121.23003,16.75037],[121.23005,16.74897],[121.22928,16.74867],[121.22902,16.74808],[121.22954,16.74657]],[[121.22788,16.75433],[121.22743,16.7543],[121.22798,16.75283],[121.22768,16.75205],[121.22834,16.75144],[121.22896,16.74838],[121.22931,16.74888],[121.22984,16.74896],[121.22988,16.74947],[121.22924,16.75196],[121.22788,16.75433]],[[121.22346,16.75877],[121.22326,16.75838],[121.22419,16.75843],[121.22346,16.75877]]]}},{"type":"Feature","properties":{"kind":"water","water":"river","name":""},"geometry":{"type":"Polygon","coordinates":[[[121.25158,16.70627],[121.2513,16.70683],[121.2533,16.70512],[121.25255,16.70514],[121.2528,16.70454],[121.254,16.70387],[121.25451,16.7032],[121.25508,16.70149],[121.2548,16.7005],[121.25539,16.69951],[121.25627,16.69877],[121.25697,16.69877],[121.25894,16.69776],[121.25975,16.69681],[121.26222,16.69568],[121.26352,16.69438],[121.26298,16.69401],[121.26251,16.69474],[121.25971,16.69661],[121.25864,16.69768],[121.25724,16.69781],[121.2557,16.69863],[121.2547,16.70012],[121.25447,16.70255],[121.25246,16.70437],[121.25247,16.70502],[121.25174,16.70597],[121.25158,16.70627]],[[121.25787,16.69819],[121.25736,16.69848],[121.25669,16.69834],[121.25728,16.69808],[121.25787,16.69819]],[[121.25449,16.7029],[121.25414,16.70356],[121.25385,16.70359],[121.25407,16.70329],[121.25449,16.7029]],[[121.25172,16.70633],[121.25169,16.70616],[121.25177,16.70611],[121.25172,16.70633]]]}},{"type":"Feature","properties":{"kind":"water","water":"river","name":""},"geometry":{"type":"Polygon","coordinates":[[[121.17963,16.75079],[121.17796,16.74947],[121.17933,16.74938],[121.18219,16.75058],[121.18464,16.75344],[121.18551,16.75388],[121.1865,16.75554],[121.18867,16.75511],[121.1894,16.7554],[121.18915,16.75392],[121.18922,16.75505],[121.18598,16.75332],[121.18514,16.75244],[121.18842,16.75311],[121.18907,16.75393],[121.18904,16.75334],[121.18742,16.75263],[121.18417,16.75166],[121.18223,16.74991],[121.17916,16.74876],[121.17753,16.74751],[121.17634,16.74733],[121.16748,16.74133],[121.16597,16.74079],[121.16512,16.74092],[121.1625,16.74244],[121.16251,16.74346],[121.16338,16.74236],[121.16571,16.7413],[121.16755,16.74189],[121.17166,16.74533],[121.17429,16.74655],[121.1752,16.74827],[121.17814,16.75074],[121.17886,16.75111],[121.17963,16.75079]],[[121.17909,16.75098],[121.1769,16.74949],[121.17695,16.74937],[121.17909,16.75098]]]}},{"type":"Feature","properties":{"kind":"water","water":"river","name":""},"geometry":{"type":"Polygon","coordinates":[[[121.24126,16.74348],[121.24357,16.74218],[121.24285,16.73936],[121.24381,16.73647],[121.24567,16.73381],[121.24544,16.7309],[121.24364,16.72957],[121.24535,16.73136],[121.24528,16.73367],[121.24399,16.73553],[121.24311,16.73777],[121.24263,16.73987],[121.24321,16.74143],[121.24123,16.74253],[121.24091,16.74312],[121.24126,16.74348]],[[121.2419,16.74277],[121.2431,16.74174],[121.24348,16.74197],[121.2419,16.74277]]]}},{"type":"Feature","properties":{"kind":"water","water":"river","name":""},"geometry":{"type":"Polygon","coordinates":[[[121.22954,16.74657],[121.23176,16.7454],[121.23501,16.74547],[121.23748,16.74602],[121.24126,16.74348],[121.24091,16.74312],[121.23802,16.74509],[121.23139,16.74505],[121.22954,16.74657]]]}},{"type":"Feature","properties":{"kind":"water","water":"river","name":""},"geometry":{"type":"Polygon","coordinates":[[[120.60935,16.35261],[120.61002,16.35301],[120.61123,16.35187],[120.61246,16.35145],[120.61316,16.35046],[120.61542,16.3499],[120.61632,16.34841],[120.61659,16.3471],[120.61621,16.3471],[120.61499,16.34963],[120.61172,16.35026],[120.60971,16.35184],[120.60935,16.35261]]]}},{"type":"Feature","properties":{"kind":"water","water":"river","name":""},"geometry":{"type":"Polygon","coordinates":[[[120.60293,16.36211],[120.60376,16.36388],[120.60421,16.36416],[120.60393,16.36499],[120.60515,16.36689],[120.60484,16.36805],[120.60594,16.36994],[120.60575,16.37072],[120.60591,16.37168],[120.6048,16.37237],[120.60512,16.37324],[120.60492,16.37437],[120.60544,16.37522],[120.60545,16.37623],[120.607,16.37808],[120.60656,16.37851],[120.60648,16.37894],[120.60686,16.37983],[120.60746,16.38077],[120.60692,16.38162],[120.60573,16.38125],[120.60512,16.38197],[120.60499,16.38261],[120.60381,16.38365],[120.60384,16.38397],[120.60513,16.38258],[120.60567,16.38137],[120.60707,16.38167],[120.60753,16.38105],[120.60747,16.38053],[120.60654,16.37896],[120.60707,16.37804],[120.60598,16.37654],[120.60528,16.3745],[120.60557,16.37361],[120.60505,16.37245],[120.60604,16.37196],[120.60608,16.37006],[120.60497,16.36779],[120.60525,16.36675],[120.60412,16.365],[120.6044,16.36422],[120.60392,16.36387],[120.60409,16.36307],[120.60319,16.36233],[120.60323,16.36209],[120.60389,16.36193],[120.60477,16.36112],[120.60449,16.36039],[120.60343,16.35999],[120.60345,16.35863],[120.60497,16.35764],[120.6066,16.35911],[120.60838,16.35897],[120.60772,16.35766],[120.6079,16.35632],[120.60909,16.35494],[120.61002,16.35301],[120.6093,16.35257],[120.60742,16.35675],[120.60794,16.35875],[120.60749,16.35882],[120.60598,16.35767],[120.60477,16.35737],[120.60319,16.35816],[120.60285,16.35921],[120.60306,16.3601],[120.60424,16.36056],[120.60463,16.36111],[120.60293,16.36211]]]}},{"type":"Feature","properties":{"kind":"water","water":"river","name":""},"geometry":{"type":"Polygon","coordinates":[[[120.70356,17.69889],[120.70417,17.70173],[120.7079,17.70796],[120.70814,17.70894],[120.70773,17.71001],[120.70782,17.7116],[120.70925,17.71449],[120.70968,17.72166],[120.70932,17.7219],[120.70879,17.72161],[120.70844,17.72201],[120.70807,17.72374],[120.70683,17.72494],[120.7069,17.72572],[120.70835,17.72659],[120.70901,17.72823],[120.71288,17.73004],[120.71645,17.73348],[120.71771,17.73677],[120.71785,17.73899],[120.71626,17.74157],[120.71428,17.74354],[120.71446,17.74441],[120.71357,17.74629],[120.71341,17.74837],[120.71238,17.74955],[120.71204,17.75212],[120.71059,17.75498],[120.7107,17.75645],[120.7095,17.75816],[120.70922,17.76274],[120.70843,17.76359],[120.70785,17.76312],[120.70572,17.76423],[120.70566,17.76605],[120.70993,17.76646],[120.70991,17.76517],[120.71187,17.76101],[120.71337,17.76005],[120.71563,17.75968],[120.71906,17.75774],[120.71961,17.75781],[120.72132,17.75366],[120.72268,17.7525],[120.72417,17.75196],[120.72466,17.75078],[120.72746,17.74965],[120.72698,17.74736],[120.72841,17.7468],[120.72835,17.74562],[120.72911,17.74457],[120.73003,17.74775],[120.7314,17.74955],[120.73233,17.75198],[120.735,17.75346],[120.73635,17.75566],[120.73926,17.75556],[120.74133,17.75628],[120.74358,17.75768],[120.74368,17.75882],[120.74464,17.75933],[120.74622,17.75899],[120.74729,17.75939],[120.75129,17.75941],[120.74984,17.75866],[120.74871,17.75729],[120.74913,17.75702],[120.74844,17.75613],[120.74861,17.75535],[120.74706,17.75506],[120.74586,17.7568],[120.7438,17.75631],[120.73867,17.75331],[120.73499,17.74951],[120.73401,17.74695],[120.73438,17.74531],[120.73312,17.74552],[120.731,17.74411],[120.72732,17.73831],[120.72598,17.73725],[120.72445,17.73469],[120.72425,17.72882],[120.72592,17.72677],[120.72606,17.72512],[120.72702,17.72451],[120.72769,17.72125],[120.72761,17.71968],[120.72665,17.71691],[120.72572,17.71594],[120.72518,17.71346],[120.72312,17.70943],[120.72306,17.70846],[120.72256,17.70724],[120.72257,17.7064],[120.72324,17.70527],[120.72359,17.70251],[120.72342,17.70145],[120.72232,17.6996],[120.72075,17.69877],[120.71817,17.69593],[120.71779,17.69328],[120.71689,17.69078],[120.71667,17.6881],[120.71558,17.6864],[120.71544,17.68587],[120.7155,17.6856],[120.7155,17.68546],[120.71546,17.68525],[120.71496,17.6839],[120.71346,17.68402],[120.71242,17.68288],[120.71163,17.68366],[120.71116,17.68148],[120.71137,17.67803],[120.7127,17.67622],[120.71326,17.67471],[120.71409,17.67426],[120.7169,17.67156],[120.71771,17.66984],[120.71742,17.6692],[120.71766,17.66769],[120.71872,17.66797],[120.71963,17.66887],[120.71941,17.66998],[120.72014,17.67127],[120.7215,17.67247],[120.72257,17.67266],[120.7204,17.67086],[120.71995,17.66915],[120.71901,17.66784],[120.71675,17.66603],[120.71144,17.65784],[120.71,17.65418],[120.70973,17.65389],[120.70856,17.6544],[120.70575,17.6494],[120.70531,17.64721],[120.70344,17.6448],[120.70106,17.64374],[120.69997,17.64201],[120.69827,17.6404],[120.69645,17.63521],[120.69656,17.63145],[120.68944,17.62988],[120.68374,17.62934],[120.68081,17.62832],[120.67542,17.62251],[120.66903,17.61973],[120.66737,17.61947],[120.66602,17.61982],[120.66467,17.62161],[120.65656,17.62384],[120.6548,17.62404],[120.65305,17.62362],[120.65175,17.62228],[120.6501,17.62169],[120.64892,17.62068],[120.64362,17.61438],[120.63983,17.61352],[120.63731,17.6144],[120.63288,17.61876],[120.63019,17.61979],[120.62842,17.6199],[120.62589,17.61897],[120.62422,17.62043],[120.623,17.62083],[120.62099,17.62101],[120.61852,17.62063],[120.61841,17.62089],[120.61737,17.62057],[120.61522,17.619],[120.61442,17.6191],[120.61106,17.61771],[120.59936,17.62217],[120.60793,17.6243],[120.61474,17.62673],[120.61754,17.62643],[120.61875,17.62672],[120.625,17.62918],[120.62748,17.63068],[120.62969,17.63427],[120.63464,17.63869],[120.63919,17.64143],[120.64067,17.64166],[120.64448,17.64043],[120.65005,17.63959],[120.6546,17.64029],[120.65833,17.64251],[120.66039,17.64237],[120.66524,17.64002],[120.67009,17.63826],[120.67475,17.63761],[120.67636,17.63804],[120.68334,17.64344],[120.68666,17.64546],[120.6884,17.64617],[120.6891,17.64544],[120.69348,17.64683],[120.69462,17.64737],[120.69609,17.6491],[120.69963,17.65041],[120.70517,17.65557],[120.70562,17.65659],[120.70575,17.65955],[120.70515,17.66276],[120.70565,17.66525],[120.70563,17.67004],[120.70612,17.67259],[120.70529,17.6749],[120.70531,17.67682],[120.70479,17.67822],[120.70492,17.6813],[120.70651,17.68654],[120.70688,17.69072],[120.70472,17.69509],[120.7045,17.69693],[120.70356,17.69889]],[[120.63965,17.61445],[120.64175,17.6144],[120.64343,17.61624],[120.64203,17.61682],[120.63874,17.61673],[120.63678,17.61726],[120.63793,17.6153],[120.63965,17.61445]],[[120.67362,17.62568],[120.67672,17.62926],[120.67996,17.63174],[120.67376,17.63438],[120.66798,17.63238],[120.66761,17.63137],[120.66278,17.62984],[120.66059,17.62779],[120.66003,17.62661],[120.66604,17.6239],[120.66844,17.62368],[120.67362,17.62568]],[[120.66183,17.63239],[120.66832,17.63388],[120.66904,17.63524],[120.66872,17.63622],[120.66333,17.6369],[120.65329,17.6355],[120.64476,17.63528],[120.63674,17.63366],[120.63538,17.63285],[120.63557,17.63225],[120.63712,17.63245],[120.63954,17.63208],[120.6422,17.63361],[120.64739,17.6341],[120.65214,17.63153],[120.65444,17.63103],[120.65828,17.63152],[120.66023,17.63136],[120.66183,17.63239]],[[120.69024,17.64112],[120.69063,17.64398],[120.68954,17.6442],[120.6882,17.64379],[120.68572,17.64004],[120.68261,17.63864],[120.67884,17.63455],[120.68337,17.63401],[120.68753,17.63494],[120.6907,17.63661],[120.69135,17.63726],[120.69024,17.64112]],[[120.69257,17.6385],[120.69698,17.64144],[120.7009,17.64599],[120.7005,17.64638],[120.69339,17.64376],[120.69175,17.64176],[120.69257,17.6385]],[[120.70781,17.66307],[120.70712,17.66381],[120.7069,17.66333],[120.70718,17.66161],[120.70781,17.66307]],[[120.70692,17.67922],[120.7064,17.67924],[120.70599,17.67809],[120.70712,17.67492],[120.7075,17.67743],[120.70692,17.67922]],[[120.70883,17.67944],[120.70855,17.67914],[120.70859,17.67902],[120.70883,17.67944]],[[120.70575,17.67939],[120.70602,17.68028],[120.70594,17.68068],[120.70573,17.68033],[120.70575,17.67939]],[[120.70674,17.68175],[120.70686,17.68126],[120.70689,17.68068],[120.70691,17.68142],[120.70674,17.68175]],[[120.70917,17.68065],[120.70843,17.68252],[120.70773,17.68344],[120.70719,17.68249],[120.70756,17.68152],[120.70895,17.68005],[120.70917,17.68065]],[[120.706,17.69316],[120.70614,17.6923],[120.70652,17.69234],[120.7064,17.69305],[120.706,17.69316]],[[120.7051,17.69529],[120.70549,17.69453],[120.7052,17.6954],[120.7051,17.69529]],[[120.70603,17.7017],[120.70567,17.70176],[120.70483,17.70044],[120.70468,17.69946],[120.70533,17.69705],[120.70684,17.69548],[120.70603,17.7017]],[[120.70927,17.70111],[120.70841,17.70232],[120.70732,17.70074],[120.70731,17.69786],[120.70775,17.69646],[120.70927,17.70111]],[[120.70678,17.70454],[120.70596,17.70272],[120.7066,17.70309],[120.7073,17.70433],[120.70678,17.70454]],[[120.7079,17.70434],[120.70776,17.70444],[120.70786,17.70429],[120.7079,17.70434]],[[120.70723,17.70487],[120.70705,17.70481],[120.70718,17.70475],[120.70723,17.70487]],[[120.70746,17.70511],[120.70739,17.7048],[120.70754,17.70464],[120.70767,17.7048],[120.70746,17.70511]],[[120.70731,17.7051],[120.70714,17.70521],[120.70716,17.70502],[120.70731,17.7051]],[[120.70752,17.70596],[120.70767,17.70613],[120.70765,17.70626],[120.70752,17.70596]],[[120.70855,17.70665],[120.70844,17.70588],[120.70849,17.70575],[120.70863,17.70637],[120.70855,17.70665]],[[120.70902,17.7227],[120.70966,17.7244],[120.7095,17.72477],[120.70893,17.72369],[120.70902,17.7227]],[[120.71028,17.72686],[120.70828,17.72525],[120.70913,17.72566],[120.71028,17.72686]],[[120.71273,17.6741],[120.71175,17.67525],[120.71101,17.67517],[120.71102,17.67393],[120.71039,17.67223],[120.70872,17.66997],[120.71048,17.6634],[120.712,17.66156],[120.71585,17.66623],[120.71655,17.66771],[120.71558,17.66878],[120.71387,17.66905],[120.71312,17.66962],[120.71273,17.6741]],[[120.71374,17.67005],[120.71715,17.66865],[120.71737,17.66955],[120.71696,17.67107],[120.71424,17.67362],[120.71342,17.67141],[120.71374,17.67005]],[[120.71331,17.67133],[120.71369,17.67258],[120.7135,17.67311],[120.71314,17.67283],[120.71331,17.67133]],[[120.7139,17.67384],[120.71384,17.6734],[120.71408,17.67373],[120.7139,17.67384]],[[120.71153,17.67714],[120.71137,17.67718],[120.71149,17.67705],[120.71153,17.67714]],[[120.71167,17.67728],[120.71152,17.67719],[120.71163,17.67714],[120.71167,17.67728]],[[120.7115,17.67751],[120.71141,17.67752],[120.7115,17.67746],[120.7115,17.67751]],[[120.71131,17.67776],[120.7112,17.67764],[120.7113,17.67756],[120.71131,17.67776]],[[120.71223,17.69149],[120.71086,17.69284],[120.70986,17.69104],[120.7106,17.68844],[120.71055,17.68615],[120.71135,17.68697],[120.71253,17.6905],[120.71223,17.69149]],[[120.71041,17.70532],[120.70903,17.70262],[120.70976,17.70092],[120.70794,17.69604],[120.70875,17.69333],[120.71237,17.69783],[120.71556,17.70049],[120.71766,17.70437],[120.71994,17.70751],[120.71953,17.70997],[120.71796,17.71323],[120.71647,17.71471],[120.7158,17.71462],[120.71528,17.71718],[120.71476,17.7162],[120.71441,17.71709],[120.71394,17.71692],[120.71369,17.7149],[120.71264,17.71309],[120.71268,17.70987],[120.71199,17.70911],[120.71136,17.70926],[120.71079,17.70849],[120.71041,17.70532]],[[120.71234,17.71504],[120.71485,17.71915],[120.71562,17.72127],[120.71693,17.72246],[120.71865,17.72314],[120.72012,17.72511],[120.72085,17.72751],[120.72043,17.73024],[120.72113,17.73213],[120.72022,17.73305],[120.71922,17.73296],[120.71921,17.73327],[120.71611,17.73216],[120.71358,17.72879],[120.7114,17.72324],[120.71154,17.72423],[120.71127,17.72372],[120.71193,17.72093],[120.71186,17.71919],[120.71151,17.71899],[120.71234,17.71504]],[[120.71108,17.72441],[120.71127,17.7246],[120.71178,17.7261],[120.71143,17.72562],[120.71108,17.72441]],[[120.71098,17.72623],[120.71221,17.72805],[120.71338,17.73031],[120.71136,17.72746],[120.71098,17.72623]],[[120.71503,17.74329],[120.71593,17.74265],[120.71518,17.74342],[120.71503,17.74329]],[[120.71503,17.74515],[120.71492,17.74601],[120.71418,17.74698],[120.71462,17.74563],[120.71503,17.74515]],[[120.71374,17.75135],[120.71509,17.74775],[120.71533,17.74578],[120.71794,17.74185],[120.71814,17.7429],[120.717,17.74391],[120.7161,17.74723],[120.71487,17.74908],[120.71482,17.75006],[120.71374,17.75135]],[[120.71274,17.74957],[120.71344,17.74893],[120.71334,17.74998],[120.71247,17.75081],[120.71274,17.74957]],[[120.71457,17.75175],[120.71393,17.75488],[120.71325,17.75289],[120.71673,17.74688],[120.71713,17.74869],[120.71536,17.75006],[120.71457,17.75175]],[[120.71556,17.75136],[120.71608,17.7505],[120.71711,17.74937],[120.71587,17.75318],[120.71556,17.75136]],[[120.71133,17.7554],[120.71273,17.75193],[120.71351,17.75119],[120.71272,17.75334],[120.71311,17.75463],[120.71184,17.75735],[120.71133,17.7554]],[[120.71413,17.75635],[120.71486,17.75512],[120.7158,17.75447],[120.71463,17.75661],[120.71413,17.75635]],[[120.7135,17.75545],[120.71258,17.75788],[120.71255,17.75703],[120.7135,17.75545]],[[120.71352,17.75681],[120.71341,17.75745],[120.71299,17.75785],[120.7132,17.75738],[120.71352,17.75681]],[[120.7101,17.75847],[120.71115,17.75679],[120.71159,17.75857],[120.71137,17.75947],[120.71017,17.76093],[120.7101,17.75847]],[[120.71725,17.70025],[120.7163,17.69785],[120.71328,17.69601],[120.7119,17.69334],[120.71314,17.69025],[120.71152,17.6852],[120.71163,17.68441],[120.71246,17.68344],[120.71364,17.68454],[120.71488,17.68404],[120.71554,17.68645],[120.7164,17.68793],[120.71662,17.6907],[120.71732,17.69235],[120.71707,17.69255],[120.71772,17.69354],[120.71774,17.69498],[120.71843,17.69658],[120.7216,17.6998],[120.72242,17.70002],[120.72341,17.70164],[120.723,17.70532],[120.72259,17.7062],[120.72233,17.7071],[120.72299,17.70925],[120.72245,17.70934],[120.72142,17.70834],[120.72046,17.70389],[120.71725,17.70025]],[[120.71824,17.70401],[120.71771,17.70316],[120.71729,17.70211],[120.71895,17.70345],[120.71869,17.70404],[120.71824,17.70401]],[[120.72215,17.71004],[120.72148,17.71001],[120.72122,17.70866],[120.72183,17.70892],[120.72215,17.71004]],[[120.72322,17.711],[120.72203,17.71021],[120.72295,17.71031],[120.72388,17.71145],[120.72311,17.71058],[120.72322,17.711]],[[120.7208,17.71249],[120.72053,17.71304],[120.72067,17.71244],[120.7208,17.71249]],[[120.71676,17.71611],[120.71737,17.71709],[120.71732,17.71777],[120.71657,17.71711],[120.71676,17.71611]],[[120.71952,17.72114],[120.71936,17.72181],[120.71781,17.71904],[120.71855,17.71641],[120.71794,17.71467],[120.71979,17.7122],[120.71988,17.71594],[120.72118,17.71983],[120.72021,17.72159],[120.71952,17.72114]],[[120.72586,17.71854],[120.72591,17.72041],[120.72368,17.72284],[120.7228,17.72541],[120.72273,17.72256],[120.72226,17.72309],[120.72242,17.72409],[120.7218,17.72461],[120.72065,17.72261],[120.72075,17.72141],[120.72166,17.71963],[120.7209,17.71661],[120.7203,17.71546],[120.72125,17.71277],[120.72135,17.71004],[120.72314,17.71109],[120.72447,17.71345],[120.72485,17.71456],[120.72456,17.71502],[120.72586,17.71854]],[[120.71679,17.71814],[120.71659,17.71776],[120.71656,17.7175],[120.71683,17.71764],[120.71679,17.71814]],[[120.72147,17.71924],[120.72137,17.71899],[120.72151,17.71906],[120.72147,17.71924]],[[120.71711,17.72002],[120.71671,17.71965],[120.71621,17.71846],[120.71734,17.71964],[120.71711,17.72002]],[[120.72155,17.71971],[120.72139,17.71945],[120.72151,17.7193],[120.72155,17.71971]],[[120.71748,17.73351],[120.71678,17.73302],[120.71795,17.73353],[120.71748,17.73351]],[[120.72293,17.73617],[120.71993,17.73363],[120.72166,17.73484],[120.72293,17.73617]],[[120.71785,17.73512],[120.7181,17.73587],[120.7179,17.73627],[120.71785,17.73512]],[[120.72043,17.73824],[120.72041,17.73575],[120.72065,17.73535],[120.72229,17.73674],[120.72152,17.73616],[120.72165,17.73707],[120.72128,17.73787],[120.72043,17.73824]],[[120.71785,17.73477],[120.71777,17.73427],[120.71855,17.73429],[120.72053,17.73531],[120.7199,17.73624],[120.72021,17.73774],[120.71866,17.74],[120.71862,17.73909],[120.71916,17.73801],[120.71847,17.73654],[120.71871,17.73528],[120.71785,17.73477]],[[120.71899,17.74249],[120.7185,17.74075],[120.72082,17.73902],[120.72114,17.74002],[120.72088,17.74103],[120.71899,17.74249]],[[120.71723,17.74124],[120.71764,17.7404],[120.71697,17.74221],[120.71723,17.74124]],[[120.71685,17.74124],[120.71644,17.74273],[120.71613,17.74271],[120.7162,17.74212],[120.71685,17.74124]],[[120.71829,17.74473],[120.71933,17.74244],[120.72095,17.7414],[120.72117,17.74322],[120.72085,17.74508],[120.72013,17.74634],[120.7183,17.74756],[120.71829,17.74473]],[[120.71907,17.7478],[120.71712,17.75069],[120.71739,17.7491],[120.71907,17.7478]],[[120.71711,17.75123],[120.71778,17.74996],[120.71818,17.74965],[120.71791,17.75065],[120.71711,17.75123]],[[120.71882,17.75163],[120.71674,17.75454],[120.71627,17.75493],[120.71648,17.75273],[120.71735,17.75157],[120.72033,17.74992],[120.7205,17.75049],[120.7201,17.75101],[120.71882,17.75163]],[[120.72595,17.71848],[120.72581,17.71806],[120.72581,17.7176],[120.72611,17.71803],[120.72595,17.71848]],[[120.72381,17.72885],[120.7233,17.72858],[120.72296,17.72561],[120.7242,17.72278],[120.72625,17.72029],[120.72628,17.71785],[120.72755,17.72014],[120.72692,17.72389],[120.7257,17.72474],[120.72512,17.72728],[120.72381,17.72885]],[[120.72336,17.73672],[120.72312,17.73625],[120.72368,17.73698],[120.72336,17.73672]],[[120.72875,17.74275],[120.7293,17.74348],[120.72918,17.74436],[120.729,17.74425],[120.72875,17.74275]],[[120.72984,17.74374],[120.72972,17.74378],[120.72964,17.74354],[120.72984,17.74374]],[[120.73007,17.74389],[120.72996,17.74367],[120.72998,17.74364],[120.73007,17.74389]],[[120.72805,17.7441],[120.72759,17.744],[120.72772,17.74382],[120.72805,17.7441]],[[120.73016,17.74393],[120.73036,17.74413],[120.7304,17.74436],[120.73014,17.74431],[120.73016,17.74393]],[[120.7277,17.74461],[120.72762,17.74424],[120.72782,17.74452],[120.7277,17.74461]],[[120.72819,17.74458],[120.72792,17.74455],[120.72808,17.74433],[120.72819,17.74458]],[[120.72742,17.74565],[120.72717,17.74598],[120.72736,17.74553],[120.72742,17.74565]],[[120.72707,17.74628],[120.72687,17.74632],[120.72711,17.74591],[120.72707,17.74628]],[[120.73293,17.74686],[120.73376,17.74915],[120.73256,17.74919],[120.73169,17.74841],[120.73089,17.74696],[120.7304,17.74468],[120.73293,17.74686]],[[120.72628,17.74679],[120.72623,17.74731],[120.72411,17.74949],[120.7241,17.74856],[120.72628,17.74679]],[[120.72651,17.74949],[120.72346,17.75068],[120.72678,17.74721],[120.72651,17.74949]],[[120.7332,17.74996],[120.73227,17.74975],[120.73225,17.74971],[120.7332,17.74996]],[[120.7343,17.75024],[120.73551,17.75205],[120.73528,17.75257],[120.73372,17.75193],[120.73235,17.75048],[120.7343,17.75024]],[[120.73285,17.75201],[120.73241,17.75164],[120.73245,17.75153],[120.73285,17.75201]],[[120.73694,17.75287],[120.73559,17.7514],[120.73508,17.7509],[120.73551,17.75124],[120.73694,17.75287]],[[120.73654,17.7551],[120.73637,17.75512],[120.73639,17.75503],[120.73654,17.7551]],[[120.73669,17.75511],[120.73662,17.75513],[120.73663,17.75509],[120.73669,17.75511]],[[120.73703,17.75519],[120.737,17.75509],[120.73706,17.75511],[120.73703,17.75519]],[[120.73692,17.75517],[120.73677,17.75512],[120.73694,17.75513],[120.73692,17.75517]]]}},{"type":"Feature","properties":{"kind":"water","water":"river","name":""},"geometry":{"type":"Polygon","coordinates":[[[120.5903,17.58953],[120.58085,17.59595],[120.57743,17.60142],[120.57638,17.60487],[120.57604,17.60787],[120.57987,17.61494],[120.5823,17.61565],[120.58749,17.61928],[120.59164,17.62115],[120.59936,17.62217],[120.61106,17.61771],[120.61015,17.61618],[120.60346,17.61034],[120.60244,17.60891],[120.60312,17.60183],[120.59992,17.59851],[120.59832,17.59004],[120.60036,17.58471],[120.60053,17.58282],[120.59947,17.58125],[120.6007,17.57982],[120.60095,17.57822],[120.6018,17.57645],[120.60148,17.57458],[120.59878,17.5705],[120.59836,17.5682],[120.59722,17.56746],[120.59524,17.5689],[120.59449,17.56994],[120.59538,17.57021],[120.59652,17.57277],[120.59702,17.57657],[120.59786,17.57772],[120.59768,17.58064],[120.59557,17.58504],[120.59357,17.58807],[120.5919,17.58954],[120.59249,17.58922],[120.59221,17.5896],[120.59089,17.59022],[120.59051,17.58962],[120.59498,17.58277],[120.59662,17.57879],[120.59592,17.57431],[120.59486,17.57218],[120.59504,17.5717],[120.59379,17.57095],[120.59295,17.57106],[120.59065,17.57264],[120.58784,17.57536],[120.58086,17.57928],[120.58191,17.57962],[120.58329,17.57939],[120.58456,17.57793],[120.58577,17.57941],[120.58974,17.58147],[120.59031,17.58308],[120.59048,17.58227],[120.59147,17.58453],[120.59117,17.58691],[120.5903,17.58953]],[[120.58299,17.60721],[120.57991,17.60408],[120.57973,17.60233],[120.58132,17.59875],[120.58285,17.59691],[120.5873,17.59371],[120.58963,17.59108],[120.59036,17.59242],[120.59117,17.59291],[120.5926,17.5955],[120.59243,17.59962],[120.59157,17.60265],[120.58751,17.60474],[120.58511,17.60813],[120.58299,17.60721]],[[120.59697,17.61671],[120.59209,17.61584],[120.58927,17.61372],[120.58586,17.60857],[120.58633,17.60702],[120.58747,17.6053],[120.59123,17.60445],[120.59061,17.61019],[120.59113,17.61239],[120.59247,17.61393],[120.5956,17.61505],[120.59697,17.61671]],[[120.60671,17.61623],[120.60333,17.61342],[120.60232,17.60991],[120.60695,17.61365],[120.60882,17.61609],[120.60897,17.6168],[120.60671,17.61623]]]}},{"type":"Feature","properties":{"kind":"water","water":"river","name":""},"geometry":{"type":"Polygon","coordinates":[[[121.36419,18.13658],[121.3651,18.13612],[121.36573,18.13476],[121.36829,18.13354],[121.36861,18.13013],[121.36927,18.12951],[121.36941,18.12661],[121.37028,18.12491],[121.3698,18.12446],[121.3659,18.12394],[121.36472,18.12266],[121.3643,18.12069],[121.36611,18.11861],[121.37019,18.11766],[121.37066,18.11644],[121.36986,18.11209],[121.36689,18.11175],[121.36144,18.10975],[121.3612,18.11012],[121.36624,18.11195],[121.36973,18.11244],[121.3704,18.11649],[121.36994,18.11754],[121.36596,18.11841],[121.364,18.12069],[121.36479,18.12352],[121.36589,18.12461],[121.36915,18.12472],[121.36995,18.12513],[121.36914,18.1266],[121.36882,18.12952],[121.36788,18.13102],[121.36832,18.13285],[121.36809,18.13339],[121.36779,18.13358],[121.36792,18.13227],[121.36759,18.13361],[121.36534,18.13463],[121.36476,18.13615],[121.36419,18.13658]]]}},{"type":"Feature","properties":{"kind":"water","water":"river","name":""},"geometry":{"type":"Polygon","coordinates":[[[120.98326,17.09568],[120.98542,17.09526],[120.98549,17.09472],[120.98472,17.0947],[120.98376,17.09392],[120.9813,17.09372],[120.98056,17.09142],[120.98021,17.09082],[120.9798,17.09091],[120.98053,17.09305],[120.98145,17.09465],[120.98326,17.09568]],[[120.98111,17.09369],[120.98314,17.09422],[120.98367,17.09466],[120.98228,17.09493],[120.98088,17.09358],[120.98111,17.09369]],[[120.9841,17.09459],[120.98472,17.0952],[120.98352,17.09549],[120.9834,17.09503],[120.9841,17.09459]]]}},{"type":"Feature","properties":{"kind":"water","water":"river","name":""},"geometry":{"type":"Polygon","coordinates":[[[121.05411,18.24479],[121.05525,18.24622],[121.05157,18.24682],[121.04795,18.2492],[121.04765,18.24996],[121.04739,18.25491],[121.04682,18.25633],[121.04513,18.25692],[121.03968,18.25609],[121.03681,18.258],[121.0367,18.25877],[121.03724,18.25876],[121.03645,18.26051],[121.03696,18.26129],[121.03686,18.26207],[121.03575,18.2638],[121.03755,18.26228],[121.03762,18.26179],[121.03668,18.26041],[121.03746,18.25918],[121.03849,18.25907],[121.04047,18.26001],[121.04413,18.2608],[121.04538,18.26048],[121.04621,18.25914],[121.04733,18.25852],[121.04827,18.25706],[121.04856,18.25394],[121.05153,18.24779],[121.0524,18.24724],[121.05526,18.24723],[121.05581,18.24666],[121.05491,18.24461],[121.05411,18.24479]],[[121.04806,18.25347],[121.04791,18.24943],[121.051,18.24758],[121.04978,18.25003],[121.04911,18.25248],[121.04806,18.25347]],[[121.041,18.2567],[121.04496,18.25698],[121.04598,18.2569],[121.04655,18.2566],[121.04715,18.25602],[121.04738,18.25517],[121.04752,18.25546],[121.04742,18.25621],[121.04634,18.25744],[121.04525,18.25777],[121.04221,18.25764],[121.041,18.2567]],[[121.04589,18.25848],[121.04575,18.25809],[121.04662,18.25784],[121.04768,18.25639],[121.04717,18.25833],[121.04652,18.25813],[121.04589,18.25848]],[[121.04049,18.25966],[121.03744,18.25835],[121.04005,18.25665],[121.04245,18.25826],[121.04569,18.25882],[121.04528,18.25987],[121.04447,18.26031],[121.04049,18.25966]]]}},{"type":"Feature","properties":{"kind":"water","water":"reservoir","name":"Binga Dam Reservoir"},"geometry":{"type":"Polygon","coordinates":[[[120.73008,16.42936],[120.73372,16.42947],[120.73507,16.43003],[120.73533,16.43162],[120.7345,16.43255],[120.73504,16.43509],[120.73604,16.43636],[120.73691,16.43655],[120.73812,16.4376],[120.73971,16.43822],[120.74018,16.43934],[120.73989,16.43994],[120.73889,16.44021],[120.73747,16.43899],[120.73635,16.43875],[120.73468,16.43953],[120.73505,16.44081],[120.73496,16.44307],[120.73144,16.4478],[120.73022,16.45036],[120.73037,16.4523],[120.73284,16.45423],[120.73625,16.45465],[120.7377,16.45431],[120.73803,16.45403],[120.73757,16.45142],[120.74064,16.45057],[120.74154,16.44881],[120.74214,16.44867],[120.74294,16.4495],[120.74407,16.45185],[120.7462,16.45243],[120.74664,16.4529],[120.74471,16.45655],[120.74354,16.45711],[120.74339,16.45773],[120.74447,16.45862],[120.74527,16.45789],[120.74518,16.45668],[120.74696,16.4528],[120.74597,16.45189],[120.7443,16.45175],[120.74255,16.44855],[120.74122,16.44832],[120.74096,16.44941],[120.74016,16.4503],[120.73728,16.45128],[120.7378,16.45376],[120.73688,16.45434],[120.73331,16.45387],[120.73106,16.45096],[120.73096,16.44975],[120.7316,16.44835],[120.73603,16.44337],[120.73651,16.44188],[120.73602,16.44096],[120.73634,16.44035],[120.73713,16.43996],[120.73782,16.44123],[120.73883,16.44136],[120.73772,16.44157],[120.73896,16.4416],[120.74041,16.44057],[120.74118,16.43892],[120.74087,16.43798],[120.7386,16.43604],[120.7376,16.43462],[120.73703,16.43148],[120.73759,16.43085],[120.73767,16.42947],[120.73718,16.4281],[120.73601,16.42843],[120.73448,16.42795],[120.73367,16.42814],[120.73247,16.42685],[120.73332,16.42411],[120.73482,16.4226],[120.73536,16.42093],[120.7356,16.41756],[120.73478,16.41475],[120.73424,16.41383],[120.73337,16.41322],[120.73167,16.41308],[120.72886,16.41484],[120.72791,16.4162],[120.72686,16.41619],[120.72681,16.41496],[120.72839,16.41374],[120.72889,16.41321],[120.72918,16.41279],[120.7293,16.41098],[120.72843,16.40924],[120.72699,16.40875],[120.72684,16.4081],[120.72558,16.40806],[120.72394,16.40615],[120.72384,16.40415],[120.72419,16.40347],[120.72942,16.40418],[120.7305,16.40408],[120.73109,16.4036],[120.73227,16.40095],[120.72907,16.39821],[120.72708,16.39767],[120.72728,16.39573],[120.72859,16.396],[120.72979,16.39557],[120.72936,16.39484],[120.72859,16.39477],[120.72835,16.39288],[120.72643,16.39322],[120.72458,16.39093],[120.72352,16.3914],[120.72285,16.39121],[120.72279,16.39179],[120.72113,16.39218],[120.71866,16.39226],[120.71869,16.39321],[120.71771,16.39369],[120.71757,16.39673],[120.7185,16.39712],[120.71905,16.3981],[120.71938,16.399],[120.71894,16.39965],[120.71952,16.40068],[120.72034,16.40024],[120.72122,16.40088],[120.72234,16.40039],[120.72372,16.40061],[120.72526,16.40019],[120.72603,16.40108],[120.72512,16.40104],[120.72279,16.40206],[120.72216,16.4054],[120.72265,16.40771],[120.72667,16.41159],[120.72656,16.4125],[120.72502,16.41384],[120.72452,16.4152],[120.72519,16.41708],[120.7264,16.41816],[120.72896,16.4181],[120.73187,16.41678],[120.73243,16.41891],[120.7324,16.42111],[120.73058,16.42454],[120.73011,16.42446],[120.72907,16.42718],[120.7292,16.42783],[120.72824,16.42968],[120.72652,16.42858],[120.72422,16.42816],[120.72215,16.42813],[120.71972,16.42893],[120.71648,16.42824],[120.71525,16.42928],[120.71472,16.42793],[120.71403,16.42756],[120.71268,16.42852],[120.71147,16.428],[120.71117,16.42829],[120.71251,16.42887],[120.71411,16.42799],[120.71462,16.42961],[120.71505,16.42983],[120.71683,16.42908],[120.71809,16.42978],[120.72062,16.42977],[120.72263,16.4291],[120.72539,16.42891],[120.727,16.42947],[120.72868,16.4308],[120.7294,16.43075],[120.73008,16.42936]],[[120.72666,16.3969],[120.72618,16.39726],[120.72618,16.39699],[120.72666,16.3969]],[[120.72728,16.41428],[120.72784,16.41334],[120.72914,16.41276],[120.72847,16.41362],[120.72728,16.41428]],[[120.73366,16.41387],[120.73372,16.41409],[120.73341,16.41369],[120.73366,16.41387]],[[120.73385,16.4143],[120.73315,16.41433],[120.73283,16.41403],[120.73301,16.41398],[120.73385,16.4143]],[[120.72881,16.41802],[120.72853,16.41759],[120.72907,16.41697],[120.73089,16.41644],[120.73149,16.4166],[120.72881,16.41802]],[[120.73258,16.42289],[120.73238,16.42263],[120.73277,16.42205],[120.73258,16.42289]],[[120.73234,16.4238],[120.73233,16.42329],[120.7326,16.42311],[120.7326,16.42323],[120.73234,16.4238]],[[120.73335,16.42373],[120.73334,16.42404],[120.73324,16.42406],[120.73335,16.42373]],[[120.72941,16.42851],[120.72921,16.42868],[120.72927,16.42848],[120.72941,16.42851]],[[120.73106,16.45179],[120.73063,16.4518],[120.73054,16.45086],[120.73072,16.45095],[120.73106,16.45179]],[[120.73434,16.41433],[120.73412,16.41415],[120.73414,16.41404],[120.73423,16.4141],[120.73434,16.41433]],[[120.73498,16.41726],[120.7342,16.4151],[120.73344,16.41453],[120.73446,16.41506],[120.73498,16.41726]],[[120.735,16.42014],[120.73438,16.41952],[120.73521,16.41877],[120.73523,16.41978],[120.735,16.42014]],[[120.73348,16.42065],[120.73358,16.42028],[120.73377,16.42004],[120.73418,16.42003],[120.73348,16.42065]],[[120.7337,16.4214],[120.7337,16.42061],[120.7341,16.42044],[120.73414,16.42066],[120.7337,16.4214]],[[120.73439,16.42286],[120.73467,16.42227],[120.7348,16.42225],[120.73471,16.42258],[120.73439,16.42286]],[[120.73723,16.42955],[120.73698,16.42973],[120.73722,16.42952],[120.73723,16.42955]],[[120.73737,16.43096],[120.73661,16.43087],[120.73734,16.43045],[120.73737,16.43096]],[[120.73819,16.43728],[120.7381,16.43753],[120.73767,16.43708],[120.73819,16.43728]],[[120.73821,16.44082],[120.73843,16.44123],[120.73811,16.44081],[120.73821,16.44082]],[[120.728,16.40179],[120.72814,16.40091],[120.72948,16.40182],[120.728,16.40179]],[[120.72115,16.39873],[120.71989,16.39449],[120.72014,16.39408],[120.72428,16.39323],[120.7263,16.39412],[120.72527,16.39563],[120.72505,16.39788],[120.7255,16.399],[120.72115,16.39873]]]}},{"type":"Feature","properties":{"kind":"water","water":"river","name":""},"geometry":{"type":"Polygon","coordinates":[[[120.96794,17.07785],[120.96862,17.07893],[120.96945,17.08135],[120.97053,17.08211],[120.97237,17.08197],[120.97535,17.08083],[120.97781,17.08159],[120.97797,17.08101],[120.97767,17.08079],[120.97445,17.08051],[120.9735,17.0807],[120.97139,17.08174],[120.96932,17.08014],[120.96874,17.07857],[120.96794,17.07785]],[[120.97368,17.08079],[120.97414,17.08087],[120.97392,17.08112],[120.97368,17.08079]],[[120.97423,17.08067],[120.97491,17.08072],[120.97497,17.08078],[120.97402,17.08119],[120.97423,17.08067]],[[120.97021,17.08129],[120.97076,17.08175],[120.97077,17.08184],[120.9701,17.08158],[120.97021,17.08129]],[[120.97165,17.08199],[120.97154,17.0819],[120.9717,17.08194],[120.97165,17.08199]]]}},{"type":"Feature","properties":{"kind":"water","water":"river","name":""},"geometry":{"type":"Polygon","coordinates":[[[120.57968,16.3452],[120.58321,16.3469],[120.5839,16.34673],[120.58539,16.34727],[120.58591,16.34887],[120.58785,16.34893],[120.58927,16.34953],[120.59146,16.35104],[120.59206,16.35198],[120.59353,16.35183],[120.59256,16.35319],[120.59225,16.35448],[120.59328,16.35588],[120.59361,16.35592],[120.59395,16.35543],[120.59511,16.35593],[120.59473,16.35786],[120.59483,16.35867],[120.59626,16.35856],[120.59608,16.3575],[120.59672,16.35736],[120.59695,16.35665],[120.59762,16.35624],[120.59904,16.35657],[120.59806,16.35752],[120.59917,16.35844],[120.59821,16.3575],[120.59915,16.35684],[120.59915,16.35636],[120.59781,16.35609],[120.59695,16.35629],[120.59666,16.35727],[120.59602,16.35732],[120.59617,16.35843],[120.59483,16.35848],[120.59539,16.35591],[120.59397,16.35539],[120.59337,16.35571],[120.5925,16.35425],[120.59282,16.35295],[120.5937,16.35166],[120.59212,16.35185],[120.59158,16.35097],[120.58937,16.34933],[120.58781,16.3487],[120.58606,16.34877],[120.58523,16.3469],[120.57968,16.3452]],[[120.58318,16.34658],[120.58261,16.34642],[120.58256,16.3463],[120.58318,16.34658]]]}},{"type":"Feature","properties":{"kind":"water","water":"river","name":""},"geometry":{"type":"Polygon","coordinates":[[[120.82089,17.83016],[120.82111,17.8343],[120.82325,17.83564],[120.8243,17.83564],[120.82519,17.83507],[120.82609,17.83361],[120.82582,17.83346],[120.82612,17.83288],[120.82595,17.83093],[120.82542,17.83016],[120.82638,17.82937],[120.82695,17.82937],[120.82796,17.83041],[120.83005,17.83484],[120.83358,17.83741],[120.83598,17.83738],[120.83712,17.83945],[120.8385,17.84019],[120.84021,17.83918],[120.84016,17.8384],[120.84086,17.83749],[120.84221,17.83748],[120.84536,17.83837],[120.84656,17.84085],[120.8489,17.84194],[120.85547,17.83908],[120.8552,17.83888],[120.84898,17.84166],[120.84679,17.84072],[120.84555,17.83788],[120.84086,17.83709],[120.8402,17.83762],[120.83989,17.83905],[120.83812,17.83989],[120.8374,17.83936],[120.8362,17.83717],[120.8336,17.83691],[120.83106,17.83503],[120.82913,17.83113],[120.82714,17.82898],[120.82629,17.829],[120.82509,17.83],[120.82581,17.83286],[120.8241,17.83536],[120.82335,17.83527],[120.82204,17.83422],[120.82132,17.83234],[120.82147,17.83087],[120.82089,17.83016]],[[120.82125,17.83311],[120.82177,17.83451],[120.82123,17.83418],[120.82125,17.83311]]]}},{"type":"Feature","properties":{"kind":"water","water":"river","name":""},"geometry":{"type":"Polygon","coordinates":[[[120.79833,17.81435],[120.79884,17.81673],[120.79949,17.81761],[120.79841,17.8196],[120.79812,17.81955],[120.79838,17.81983],[120.79785,17.82113],[120.79749,17.82112],[120.79794,17.82241],[120.80217,17.82277],[120.80506,17.82348],[120.80599,17.82437],[120.80663,17.82684],[120.80791,17.82738],[120.80952,17.82658],[120.81079,17.82376],[120.81203,17.82376],[120.81406,17.82308],[120.81452,17.82391],[120.81387,17.82698],[120.81477,17.829],[120.81454,17.83035],[120.81595,17.83115],[120.82076,17.83047],[120.82056,17.8299],[120.81894,17.83007],[120.8187,17.82967],[120.81675,17.82929],[120.81469,17.82831],[120.81454,17.82667],[120.81526,17.82452],[120.81534,17.82285],[120.81489,17.82116],[120.81374,17.82059],[120.81243,17.82107],[120.8115,17.82272],[120.81042,17.8234],[120.80843,17.82626],[120.80733,17.8268],[120.80689,17.82442],[120.806,17.82333],[120.80217,17.82232],[120.79804,17.82197],[120.7989,17.81973],[120.80027,17.81761],[120.79998,17.81635],[120.79833,17.81435]],[[120.79938,17.81635],[120.79976,17.81664],[120.79971,17.81702],[120.79958,17.81695],[120.79938,17.81635]],[[120.81319,17.82134],[120.8134,17.82113],[120.81425,17.82139],[120.81387,17.82161],[120.81319,17.82134]],[[120.81218,17.82222],[120.81302,17.8216],[120.81396,17.82185],[120.8138,17.8222],[120.81218,17.82222]],[[120.81165,17.82352],[120.81207,17.82317],[120.81215,17.82331],[120.81165,17.82352]],[[120.81184,17.82366],[120.81171,17.82361],[120.81189,17.82363],[120.81184,17.82366]],[[120.81486,17.82943],[120.81499,17.82901],[120.8153,17.82914],[120.81533,17.82994],[120.81486,17.82943]]]}},{"type":"Feature","properties":{"kind":"water","water":"river","name":""},"geometry":{"type":"Polygon","coordinates":[[[120.74871,17.75729],[120.74984,17.75866],[120.75181,17.75956],[120.75218,17.75998],[120.75284,17.76027],[120.75934,17.76161],[120.76116,17.76281],[120.76392,17.76603],[120.76637,17.76806],[120.77281,17.77621],[120.77259,17.77756],[120.77021,17.78077],[120.77028,17.78209],[120.77087,17.78277],[120.77188,17.78324],[120.77322,17.78323],[120.78008,17.78206],[120.78117,17.78373],[120.78155,17.78354],[120.78119,17.78259],[120.78009,17.78163],[120.77646,17.78243],[120.77307,17.78237],[120.7717,17.78293],[120.77123,17.78272],[120.77062,17.78183],[120.77079,17.78076],[120.7723,17.77889],[120.77328,17.77668],[120.7725,17.7742],[120.7716,17.77292],[120.76872,17.7707],[120.76774,17.76879],[120.7664,17.76732],[120.76061,17.76192],[120.75667,17.75987],[120.75263,17.75958],[120.74967,17.75786],[120.74913,17.75702],[120.74871,17.75729]],[[120.75224,17.75997],[120.75239,17.75994],[120.7524,17.75999],[120.75224,17.75997]],[[120.75368,17.76041],[120.75381,17.76037],[120.7538,17.76045],[120.75368,17.76041]]]}},{"type":"Feature","properties":{"kind":"water","water":"river","name":""},"geometry":{"type":"Polygon","coordinates":[[[121.0046,18.25614],[121.00408,18.25773],[121.00456,18.25794],[121.00556,18.25657],[121.00726,18.2557],[121.00887,18.25537],[121.01229,18.25557],[121.01511,18.25431],[121.01598,18.25326],[121.01584,18.25216],[121.01501,18.25124],[121.01403,18.24896],[121.01436,18.24786],[121.01483,18.24761],[121.01695,18.24788],[121.01993,18.24888],[121.0247,18.24869],[121.03275,18.24977],[121.03358,18.25124],[121.03234,18.25914],[121.03287,18.25964],[121.03335,18.25918],[121.03483,18.25933],[121.0367,18.25877],[121.03664,18.25827],[121.03302,18.2587],[121.03287,18.25658],[121.0339,18.25403],[121.03406,18.25171],[121.03359,18.25024],[121.03264,18.24924],[121.03018,18.24866],[121.02322,18.24803],[121.02048,18.24861],[121.0152,18.24698],[121.01417,18.24698],[121.01365,18.24805],[121.01388,18.25013],[121.01459,18.25117],[121.0145,18.25203],[121.01492,18.253],[121.0146,18.25398],[121.01174,18.25528],[121.00596,18.25493],[121.0046,18.25614]],[[121.01531,18.25345],[121.01467,18.25206],[121.01483,18.25166],[121.01562,18.25242],[121.01568,18.25337],[121.01531,18.25345]],[[121.03327,18.25487],[121.03323,18.25435],[121.03355,18.25394],[121.03361,18.25434],[121.03327,18.25487]],[[121.00476,18.25659],[121.00592,18.25531],[121.00733,18.25535],[121.00636,18.25597],[121.00476,18.25659]]]}},{"type":"Feature","properties":{"kind":"water","water":"river","name":""},"geometry":{"type":"Polygon","coordinates":[[[121.05491,18.24461],[121.05444,18.24314],[121.05498,18.24172],[121.05706,18.24171],[121.05757,18.24102],[121.059,18.24042],[121.06081,18.23899],[121.06102,18.23831],[121.06091,18.23752],[121.05967,18.23662],[121.05433,18.23675],[121.05399,18.23622],[121.05422,18.23568],[121.05535,18.23596],[121.05579,18.23571],[121.05627,18.23339],[121.05594,18.23293],[121.05341,18.23556],[121.05353,18.23675],[121.05534,18.23827],[121.0589,18.23743],[121.05981,18.23766],[121.0599,18.23819],[121.05863,18.23966],[121.05399,18.24161],[121.05404,18.24238],[121.05333,18.24357],[121.05392,18.24472],[121.05491,18.24461]],[[121.05449,18.23726],[121.05686,18.23684],[121.05761,18.23709],[121.05697,18.23774],[121.05578,18.23803],[121.05449,18.23726]]]}},{"type":"Feature","properties":{"kind":"water","water":"river","name":""},"geometry":{"type":"Polygon","coordinates":[[[121.12081,18.03357],[121.12248,18.03541],[121.1245,18.0363],[121.12484,18.03747],[121.12442,18.03818],[121.1226,18.03798],[121.121,18.03831],[121.1201,18.0397],[121.11862,18.04052],[121.11674,18.04025],[121.11468,18.03917],[121.11149,18.03956],[121.10985,18.04113],[121.10931,18.04348],[121.11094,18.04599],[121.11638,18.0465],[121.11832,18.04735],[121.1194,18.0486],[121.12086,18.04941],[121.12785,18.05107],[121.12913,18.05099],[121.13109,18.05212],[121.13139,18.05417],[121.12989,18.05605],[121.12838,18.05683],[121.12415,18.0557],[121.12264,18.05745],[121.12268,18.05954],[121.12441,18.06134],[121.12675,18.06261],[121.1293,18.06285],[121.13008,18.06368],[121.12875,18.06402],[121.12671,18.06379],[121.12585,18.06453],[121.12529,18.06599],[121.1236,18.0668],[121.1228,18.06784],[121.12136,18.07261],[121.12192,18.07419],[121.12296,18.07477],[121.12342,18.07604],[121.1246,18.07585],[121.12462,18.0755],[121.12345,18.07377],[121.12239,18.073],[121.12246,18.07171],[121.12357,18.06839],[121.12598,18.06697],[121.12657,18.06506],[121.12742,18.06468],[121.13012,18.06506],[121.13097,18.06441],[121.13125,18.06365],[121.13056,18.06254],[121.12712,18.06148],[121.1243,18.05999],[121.12366,18.05943],[121.12345,18.05851],[121.12468,18.05729],[121.12904,18.05761],[121.13229,18.05588],[121.1326,18.05522],[121.13241,18.05463],[121.13294,18.05377],[121.13277,18.05172],[121.12966,18.04989],[121.12577,18.04922],[121.1207,18.04756],[121.11434,18.0441],[121.11212,18.04486],[121.11055,18.04325],[121.11088,18.04194],[121.11257,18.04064],[121.11364,18.04032],[121.11589,18.04092],[121.1175,18.04291],[121.11828,18.04317],[121.12073,18.04095],[121.12127,18.0396],[121.1236,18.03903],[121.12507,18.03927],[121.12568,18.03886],[121.12656,18.03723],[121.12558,18.03556],[121.12344,18.03454],[121.12231,18.03302],[121.12081,18.03357]],[[121.11347,18.04585],[121.11325,18.04558],[121.11362,18.04573],[121.11347,18.04585]]]}},{"type":"Feature","properties":{"kind":"water","water":"river","name":""},"geometry":{"type":"Polygon","coordinates":[[[121.06073,18.23201],[121.06168,18.22986],[121.06018,18.22843],[121.05995,18.22672],[121.0605,18.2266],[121.06175,18.22758],[121.06338,18.22805],[121.06447,18.22734],[121.06524,18.22615],[121.06521,18.22383],[121.06244,18.2212],[121.06364,18.2183],[121.06332,18.21695],[121.06455,18.21493],[121.06759,18.21362],[121.07082,18.21309],[121.07183,18.2112],[121.07167,18.2082],[121.07092,18.2084],[121.07067,18.21168],[121.0646,18.21418],[121.06283,18.21618],[121.06162,18.22168],[121.06188,18.22236],[121.06403,18.22435],[121.06431,18.22568],[121.06416,18.22642],[121.06354,18.2268],[121.06012,18.2258],[121.05901,18.22643],[121.05893,18.22771],[121.05996,18.22969],[121.0601,18.23171],[121.06073,18.23201]],[[121.06205,18.2215],[121.06193,18.22112],[121.06213,18.22151],[121.06205,18.2215]]]}},{"type":"Feature","properties":{"kind":"water","water":"river","name":""},"geometry":{"type":"Polygon","coordinates":[[[121.07167,18.2082],[121.07085,18.20679],[121.06895,18.20512],[121.06892,18.20463],[121.07036,18.20241],[121.07312,18.20223],[121.0735,18.20167],[121.07331,18.20095],[121.07236,18.19951],[121.06813,18.19715],[121.06676,18.19612],[121.06651,18.19541],[121.06789,18.19464],[121.07201,18.19543],[121.07373,18.19435],[121.07377,18.19322],[121.07526,18.19239],[121.0773,18.19028],[121.07676,18.1897],[121.07381,18.18923],[121.06988,18.18542],[121.06957,18.18424],[121.07073,18.18262],[121.0715,18.17928],[121.07107,18.17918],[121.07046,18.18017],[121.07018,18.18156],[121.06855,18.18238],[121.06854,18.18385],[121.06927,18.18609],[121.0718,18.18795],[121.07327,18.18961],[121.07614,18.1901],[121.0764,18.19046],[121.07328,18.19299],[121.07189,18.19472],[121.06718,18.19362],[121.06636,18.19417],[121.06584,18.19523],[121.06639,18.19659],[121.06732,18.19751],[121.0724,18.20084],[121.07235,18.2016],[121.071,18.20151],[121.06971,18.20212],[121.06818,18.20449],[121.06832,18.20526],[121.07035,18.20727],[121.07092,18.2084],[121.07167,18.2082]],[[121.07062,18.18079],[121.07048,18.18047],[121.07065,18.18021],[121.07062,18.18079]],[[121.06896,18.18236],[121.07017,18.182],[121.07052,18.18169],[121.07021,18.18286],[121.06937,18.18316],[121.06896,18.18236]],[[121.07021,18.18639],[121.06967,18.18599],[121.06952,18.18565],[121.07001,18.18604],[121.07021,18.18639]],[[121.07326,18.19347],[121.07314,18.19328],[121.07341,18.193],[121.07326,18.19347]],[[121.06886,18.19458],[121.06869,18.19424],[121.0691,18.19465],[121.06886,18.19458]],[[121.07025,18.19903],[121.07098,18.19909],[121.07133,18.19936],[121.0709,18.19945],[121.07025,18.19903]]]}},{"type":"Feature","properties":{"kind":"water","water":"river","name":""},"geometry":{"type":"Polygon","coordinates":[[[121.07107,18.17918],[121.0718,18.17872],[121.07176,18.17736],[121.07245,18.17517],[121.07209,18.17342],[121.07102,18.17269],[121.07015,18.16953],[121.07005,18.16814],[121.07077,18.16741],[121.07045,18.16589],[121.06874,18.16346],[121.06703,18.16245],[121.06651,18.16142],[121.06679,18.1601],[121.06776,18.15876],[121.07014,18.15692],[121.07123,18.15279],[121.06997,18.15086],[121.06828,18.14969],[121.06732,18.14829],[121.06752,18.1435],[121.06897,18.14147],[121.06906,18.14052],[121.06837,18.13773],[121.06684,18.13592],[121.06777,18.13495],[121.07252,18.13739],[121.07311,18.137],[121.06955,18.13441],[121.06936,18.13433],[121.06812,18.13409],[121.06673,18.13456],[121.06577,18.1354],[121.06841,18.14008],[121.06643,18.144],[121.06639,18.14578],[121.06686,18.14835],[121.07017,18.15267],[121.0703,18.15423],[121.06957,18.15577],[121.06652,18.15848],[121.06547,18.16118],[121.06598,18.1624],[121.06869,18.16445],[121.07008,18.16654],[121.06946,18.16917],[121.06988,18.17089],[121.07065,18.17296],[121.07172,18.17424],[121.0718,18.17576],[121.07109,18.17767],[121.07107,18.17918]],[[121.06955,18.13461],[121.06939,18.13437],[121.06966,18.13456],[121.06955,18.13461]],[[121.06707,18.1588],[121.06723,18.15797],[121.06826,18.15759],[121.0681,18.15802],[121.06707,18.1588]],[[121.06729,18.15904],[121.06703,18.15917],[121.06728,18.15897],[121.06729,18.15904]],[[121.06633,18.15974],[121.06626,18.15944],[121.06685,18.15867],[121.0666,18.15942],[121.06633,18.15974]],[[121.06954,18.16507],[121.06921,18.16452],[121.06975,18.1651],[121.06954,18.16507]],[[121.07016,18.17065],[121.07002,18.17088],[121.06996,18.17033],[121.07016,18.17065]],[[121.0705,18.1722],[121.07027,18.1716],[121.07059,18.17222],[121.0705,18.1722]]]}},{"type":"Feature","properties":{"kind":"water","water":"river","name":""},"geometry":{"type":"Polygon","coordinates":[[[121.07964,18.13435],[121.07558,18.13608],[121.0742,18.13722],[121.07311,18.137],[121.07252,18.13739],[121.07288,18.13774],[121.07392,18.13797],[121.07821,18.13594],[121.08082,18.13569],[121.08339,18.13735],[121.08517,18.13966],[121.08627,18.14039],[121.0874,18.1402],[121.08805,18.14052],[121.08912,18.14059],[121.09079,18.14001],[121.09193,18.1388],[121.09572,18.13756],[121.09791,18.13624],[121.10002,18.13418],[121.09982,18.13254],[121.09726,18.1315],[121.09671,18.13063],[121.10004,18.12638],[121.1,18.12485],[121.09924,18.12506],[121.09947,18.12627],[121.0974,18.12817],[121.09582,18.13103],[121.09661,18.13255],[121.09898,18.13285],[121.09899,18.134],[121.09831,18.135],[121.09577,18.13677],[121.08977,18.13919],[121.08815,18.13946],[121.08323,18.13516],[121.07964,18.13435]],[[121.07293,18.13769],[121.07279,18.13738],[121.07337,18.13771],[121.07293,18.13769]],[[121.08568,18.13996],[121.08573,18.13962],[121.08625,18.14009],[121.08568,18.13996]],[[121.08798,18.14032],[121.08785,18.14019],[121.08821,18.14037],[121.08798,18.14032]],[[121.08881,18.14043],[121.08889,18.14016],[121.08944,18.14024],[121.0892,18.14042],[121.08881,18.14043]]]}},{"type":"Feature","properties":{"kind":"water","water":"river","name":""},"geometry":{"type":"Polygon","coordinates":[[[121.11543,18.0256],[121.11557,18.02725],[121.11917,18.03023],[121.12081,18.03357],[121.12231,18.03302],[121.12069,18.03013],[121.12078,18.02882],[121.11728,18.02707],[121.11673,18.02622],[121.11813,18.02343],[121.11958,18.02222],[121.12205,18.02267],[121.12442,18.02453],[121.12536,18.02658],[121.12593,18.03081],[121.12825,18.03184],[121.12929,18.03356],[121.133,18.03476],[121.13356,18.03456],[121.134,18.03366],[121.13523,18.03417],[121.13552,18.03483],[121.13489,18.03565],[121.13454,18.03767],[121.13618,18.03924],[121.13739,18.03945],[121.13877,18.03911],[121.13921,18.03833],[121.13906,18.0372],[121.14078,18.03509],[121.14038,18.03366],[121.13786,18.03647],[121.13763,18.03719],[121.13675,18.0373],[121.13588,18.0365],[121.13684,18.03413],[121.1363,18.0321],[121.13669,18.03096],[121.13645,18.03044],[121.13551,18.03036],[121.13416,18.032],[121.13153,18.03303],[121.13036,18.03181],[121.13019,18.0305],[121.12769,18.03059],[121.12711,18.02975],[121.12635,18.02538],[121.12554,18.02352],[121.12235,18.02097],[121.11761,18.02162],[121.11639,18.02267],[121.11543,18.0256]],[[121.11824,18.02914],[121.11751,18.02848],[121.11837,18.02909],[121.11824,18.02914]],[[121.12963,18.03085],[121.12998,18.03081],[121.1299,18.03112],[121.12963,18.03085]],[[121.135,18.0318],[121.13481,18.03147],[121.13531,18.03072],[121.13631,18.03064],[121.13612,18.0318],[121.135,18.0318]],[[121.13614,18.0333],[121.13567,18.03257],[121.13537,18.03222],[121.13598,18.03253],[121.13614,18.0333]],[[121.1344,18.03346],[121.13412,18.03298],[121.13452,18.03316],[121.1344,18.03346]]]}},{"type":"Feature","properties":{"kind":"water","water":"river","name":""},"geometry":{"type":"Polygon","coordinates":[[[121.1,18.12485],[121.09775,18.12259],[121.09711,18.12019],[121.09825,18.11737],[121.0992,18.11615],[121.10389,18.11603],[121.10472,18.11704],[121.10536,18.11887],[121.1076,18.11995],[121.11111,18.11978],[121.1127,18.11841],[121.1128,18.11684],[121.11241,18.11616],[121.11288,18.11397],[121.11211,18.11235],[121.1101,18.11134],[121.10998,18.10936],[121.11213,18.10664],[121.11315,18.10597],[121.11697,18.10573],[121.11875,18.1006],[121.12172,18.09707],[121.1221,18.09596],[121.12182,18.09519],[121.11907,18.09263],[121.11455,18.09043],[121.11352,18.09058],[121.11183,18.09157],[121.10804,18.09136],[121.10376,18.09326],[121.10271,18.0929],[121.10184,18.09199],[121.10169,18.09148],[121.10217,18.09077],[121.10201,18.08555],[121.10093,18.08349],[121.09893,18.08296],[121.09852,18.07991],[121.09892,18.07873],[121.10041,18.07764],[121.10102,18.07657],[121.10229,18.07664],[121.10275,18.07726],[121.10144,18.07824],[121.10131,18.07895],[121.10171,18.0823],[121.10342,18.08245],[121.10403,18.082],[121.10579,18.08204],[121.10631,18.08123],[121.10441,18.08113],[121.10303,18.08154],[121.10221,18.08057],[121.10372,18.07843],[121.10419,18.07705],[121.10517,18.07689],[121.10507,18.07551],[121.10382,18.07452],[121.10173,18.07488],[121.09927,18.07625],[121.09811,18.0774],[121.09741,18.07951],[121.09743,18.08273],[121.09868,18.0838],[121.0999,18.08407],[121.10101,18.08566],[121.10069,18.09248],[121.1011,18.09343],[121.10246,18.09427],[121.10348,18.0943],[121.10665,18.09239],[121.10968,18.09198],[121.11136,18.09247],[121.11412,18.09098],[121.11542,18.0919],[121.11835,18.09295],[121.12058,18.0948],[121.12138,18.09604],[121.12068,18.09756],[121.11747,18.10172],[121.11738,18.10228],[121.11751,18.10293],[121.11669,18.10451],[121.11581,18.10502],[121.11284,18.1055],[121.11177,18.10628],[121.10941,18.10922],[121.10925,18.1101],[121.10963,18.11129],[121.11038,18.11204],[121.1112,18.11207],[121.11242,18.11389],[121.11198,18.11598],[121.11238,18.11791],[121.11177,18.1188],[121.10996,18.11957],[121.10755,18.11963],[121.10565,18.11874],[121.10503,18.11658],[121.10407,18.11562],[121.10342,18.11549],[121.09901,18.11578],[121.09767,18.11711],[121.09665,18.11985],[121.09695,18.12189],[121.09924,18.12506],[121.1,18.12485]],[[121.10189,18.08032],[121.10161,18.07858],[121.10259,18.07825],[121.10265,18.07928],[121.10189,18.08032]],[[121.09798,18.08294],[121.09779,18.08297],[121.09779,18.0827],[121.09798,18.08294]],[[121.11652,18.09207],[121.11764,18.09206],[121.11833,18.09275],[121.11684,18.09227],[121.11652,18.09207]],[[121.10502,18.09324],[121.10529,18.09281],[121.10582,18.09275],[121.10528,18.09321],[121.10502,18.09324]],[[121.12119,18.09693],[121.12126,18.09661],[121.12169,18.0959],[121.12164,18.09662],[121.12119,18.09693]],[[121.11781,18.10193],[121.11765,18.10183],[121.11775,18.10156],[121.11781,18.10193]],[[121.11758,18.10221],[121.11746,18.10198],[121.11758,18.10171],[121.11758,18.10221]]]}},{"type":"Feature","properties":{"kind":"water","water":"river","name":""},"geometry":{"type":"Polygon","coordinates":[[[121.10579,18.08204],[121.10781,18.0833],[121.1081,18.08433],[121.10862,18.08474],[121.10931,18.08491],[121.11172,18.08369],[121.11546,18.08595],[121.11715,18.08603],[121.11771,18.08243],[121.12023,18.07975],[121.12367,18.0786],[121.12488,18.07667],[121.1246,18.07585],[121.12342,18.07604],[121.12314,18.07722],[121.1193,18.07973],[121.11623,18.08318],[121.11646,18.08448],[121.11586,18.08504],[121.11489,18.0849],[121.11177,18.0826],[121.10888,18.08356],[121.10777,18.08191],[121.10631,18.08123],[121.10579,18.08204]],[[121.11691,18.0843],[121.11648,18.0835],[121.11655,18.08319],[121.11691,18.0843]]]}},{"type":"Feature","properties":{"kind":"water","water":"river","name":""},"geometry":{"type":"Polygon","coordinates":[[[121.30762,18.10239],[121.31138,18.10337],[121.31326,18.10202],[121.31599,18.10251],[121.32075,18.10158],[121.32372,18.1002],[121.32821,18.10068],[121.33198,18.10055],[121.33432,18.10105],[121.33832,18.10082],[121.34085,18.10211],[121.34401,18.10459],[121.34447,18.10721],[121.34616,18.11087],[121.34709,18.11106],[121.34793,18.11062],[121.35048,18.1132],[121.35144,18.11523],[121.35318,18.11511],[121.3529,18.111],[121.35367,18.10868],[121.35309,18.10704],[121.35159,18.10583],[121.35043,18.10581],[121.34641,18.1029],[121.34456,18.10303],[121.34188,18.10121],[121.33805,18.09986],[121.33649,18.09865],[121.32409,18.09962],[121.31594,18.102],[121.31474,18.10206],[121.3144,18.10183],[121.31458,18.10116],[121.31368,18.10099],[121.31281,18.10112],[121.3118,18.10217],[121.30774,18.10136],[121.30762,18.10239]],[[121.33594,18.0992],[121.3334,18.09935],[121.33397,18.09896],[121.33594,18.0992]],[[121.331,18.09981],[121.33126,18.09966],[121.33194,18.09977],[121.33128,18.0999],[121.331,18.09981]],[[121.34427,18.10402],[121.34447,18.10372],[121.34661,18.10372],[121.34758,18.10458],[121.35147,18.11063],[121.35191,18.11337],[121.35166,18.11416],[121.35053,18.11181],[121.34766,18.11014],[121.34629,18.10868],[121.34427,18.10402]],[[121.34643,18.11021],[121.34671,18.10976],[121.34761,18.11044],[121.34704,18.11079],[121.34643,18.11021]]]}},{"type":"Feature","properties":{"kind":"water","water":"river","name":""},"geometry":{"type":"MultiPolygon","coordinates":[[[[121.33792,16.75229],[121.33704,16.7541],[121.33615,16.75456],[121.33877,16.75647],[121.34009,16.75496],[121.34048,16.7536],[121.33792,16.75229]]],[[[121.33241,16.73568],[121.33075,16.73526],[121.32881,16.73411],[121.32603,16.73148],[121.32435,16.73301],[121.32467,16.73346],[121.32382,16.73427],[121.32384,16.73521],[121.32239,16.73473],[121.32382,16.73572],[121.32373,16.73705],[121.32317,16.73685],[121.32363,16.73738],[121.32343,16.73782],[121.32258,16.73841],[121.32111,16.73867],[121.32068,16.73867],[121.32044,16.73766],[121.31979,16.73793],[121.32011,16.73871],[121.31956,16.73865],[121.31978,16.73907],[121.31867,16.73979],[121.31953,16.74147],[121.32036,16.7407],[121.324,16.73921],[121.32519,16.73803],[121.32534,16.73612],[121.32613,16.73506],[121.33297,16.73809],[121.33241,16.73568]]]]}},{"type":"Feature","properties":{"kind":"water","water":"river","name":""},"geometry":{"type":"Polygon","coordinates":[[[121.29198,16.67107],[121.29155,16.66888],[121.29397,16.66573],[121.29508,16.66249],[121.29468,16.66124],[121.29373,16.65986],[121.2901,16.65755],[121.28709,16.65676],[121.28467,16.65765],[121.28003,16.66288],[121.27943,16.66587],[121.27771,16.66718],[121.27652,16.66743],[121.27535,16.66732],[121.27438,16.66651],[121.27193,16.66321],[121.26953,16.65863],[121.26785,16.65855],[121.26796,16.65911],[121.26947,16.65938],[121.27045,16.66297],[121.27401,16.6676],[121.27538,16.66847],[121.27732,16.66885],[121.27959,16.66747],[121.28186,16.66265],[121.28412,16.65982],[121.28717,16.65793],[121.28875,16.65813],[121.29151,16.65975],[121.29347,16.66294],[121.2932,16.66496],[121.29081,16.66795],[121.2903,16.66885],[121.29077,16.67104],[121.29198,16.67107]],[[121.2948,16.66306],[121.29434,16.66297],[121.29317,16.65995],[121.29378,16.66021],[121.29472,16.66163],[121.2948,16.66306]],[[121.29153,16.66714],[121.2921,16.66662],[121.29275,16.66619],[121.29189,16.66699],[121.29153,16.66714]]]}},{"type":"Feature","properties":{"kind":"water","water":"river","name":""},"geometry":{"type":"Polygon","coordinates":[[[121.26785,16.65855],[121.26547,16.65918],[121.26458,16.65891],[121.26332,16.65778],[121.26324,16.66],[121.26283,16.66002],[121.26062,16.65666],[121.26082,16.65516],[121.26166,16.65465],[121.26101,16.65153],[121.26032,16.65317],[121.26038,16.65534],[121.25956,16.65762],[121.25993,16.65898],[121.261,16.65886],[121.26367,16.6614],[121.26537,16.6617],[121.26596,16.66129],[121.2665,16.66],[121.26796,16.65911],[121.26785,16.65855]]]}},{"type":"Feature","properties":{"kind":"water","water":"river","name":""},"geometry":{"type":"Polygon","coordinates":[[[121.23113,17.39227],[121.23189,17.39334],[121.23172,17.39639],[121.2358,17.39848],[121.24038,17.39964],[121.24589,17.40186],[121.24884,17.40659],[121.24992,17.41106],[121.25167,17.41278],[121.25271,17.41302],[121.25511,17.41219],[121.26105,17.40829],[121.26291,17.40788],[121.26554,17.40831],[121.26719,17.40697],[121.26872,17.4045],[121.2696,17.40402],[121.27102,17.40435],[121.27398,17.40675],[121.27586,17.40602],[121.28064,17.40656],[121.28214,17.4059],[121.28183,17.40472],[121.28315,17.40266],[121.28408,17.402],[121.28471,17.40191],[121.28791,17.40324],[121.28933,17.40231],[121.29148,17.40196],[121.29298,17.40222],[121.29405,17.40293],[121.29597,17.40541],[121.29794,17.4062],[121.29957,17.40619],[121.30001,17.40586],[121.2998,17.40432],[121.30035,17.40261],[121.30385,17.39987],[121.30633,17.3988],[121.30987,17.3984],[121.31149,17.39862],[121.31537,17.39735],[121.31952,17.39685],[121.32194,17.39707],[121.32407,17.39814],[121.32749,17.39887],[121.33487,17.40331],[121.33702,17.40339],[121.33823,17.4044],[121.33994,17.40423],[121.34163,17.40483],[121.3454,17.40268],[121.35139,17.40019],[121.35534,17.39938],[121.35669,17.40072],[121.35825,17.40134],[121.36333,17.39896],[121.36535,17.39922],[121.3807,17.40361],[121.38348,17.40411],[121.38801,17.40384],[121.38961,17.40317],[121.39002,17.40242],[121.39525,17.39977],[121.40181,17.39285],[121.4029,17.39256],[121.40738,17.39353],[121.4089,17.3909],[121.40084,17.3915],[121.39942,17.39227],[121.39669,17.39606],[121.3953,17.39732],[121.39324,17.397],[121.38864,17.39796],[121.38655,17.39727],[121.38368,17.39734],[121.37719,17.39807],[121.37357,17.3969],[121.37004,17.39638],[121.36804,17.3953],[121.36707,17.3965],[121.36318,17.39676],[121.35923,17.39623],[121.35589,17.39472],[121.35299,17.39446],[121.35091,17.39537],[121.34981,17.39693],[121.34947,17.39874],[121.3482,17.39985],[121.34335,17.39919],[121.33697,17.40034],[121.33433,17.39962],[121.33145,17.39815],[121.33133,17.39655],[121.33207,17.3963],[121.33208,17.3959],[121.32825,17.39304],[121.32502,17.393],[121.3176,17.39523],[121.31487,17.39389],[121.31365,17.39385],[121.3084,17.39616],[121.30096,17.40034],[121.29972,17.40221],[121.2988,17.4047],[121.29774,17.40467],[121.29683,17.40414],[121.29356,17.40047],[121.29282,17.40012],[121.29126,17.40041],[121.28838,17.40178],[121.28429,17.40086],[121.28312,17.40095],[121.28128,17.40282],[121.28097,17.4048],[121.2782,17.40534],[121.27505,17.40489],[121.27023,17.40238],[121.26758,17.40173],[121.26312,17.40302],[121.26135,17.40557],[121.26104,17.40697],[121.25297,17.41162],[121.25131,17.41102],[121.25061,17.41016],[121.25037,17.40909],[121.25073,17.40814],[121.25028,17.40668],[121.24885,17.40398],[121.24732,17.40268],[121.24778,17.40149],[121.24694,17.40106],[121.24577,17.39942],[121.24414,17.39853],[121.23618,17.39742],[121.23311,17.39641],[121.23263,17.39548],[121.23307,17.39306],[121.23144,17.39163],[121.2304,17.39122],[121.23009,17.39181],[121.23113,17.39227]],[[121.32398,17.39484],[121.32463,17.39382],[121.32545,17.39356],[121.3289,17.39402],[121.32998,17.39505],[121.33111,17.39831],[121.33063,17.39856],[121.32818,17.398],[121.32398,17.39484]],[[121.35267,17.39698],[121.35349,17.39544],[121.35456,17.39522],[121.35682,17.39654],[121.35267,17.39698]],[[121.31565,17.39587],[121.31213,17.39783],[121.31091,17.39732],[121.31023,17.39679],[121.31034,17.39625],[121.31196,17.39523],[121.31348,17.39484],[121.31565,17.39587]],[[121.35807,17.39907],[121.3564,17.39876],[121.35709,17.39865],[121.35807,17.39907]],[[121.35614,17.39957],[121.35806,17.39948],[121.35846,17.3999],[121.35678,17.40012],[121.35614,17.39957]],[[121.24483,17.39935],[121.24571,17.39969],[121.24604,17.40065],[121.24499,17.40013],[121.24483,17.39935]],[[121.34278,17.40081],[121.34496,17.40034],[121.34671,17.40071],[121.34498,17.40155],[121.34278,17.40081]],[[121.33826,17.40187],[121.34188,17.40127],[121.34418,17.40229],[121.34304,17.40307],[121.34047,17.40358],[121.33863,17.40303],[121.33826,17.40187]],[[121.264,17.40539],[121.26583,17.40326],[121.26791,17.40391],[121.26633,17.40661],[121.2642,17.40695],[121.264,17.40539]],[[121.29806,17.40561],[121.29689,17.40477],[121.2991,17.40538],[121.29806,17.40561]],[[121.35793,17.39807],[121.35897,17.3975],[121.36236,17.39826],[121.35934,17.39844],[121.35793,17.39807]],[[121.37001,17.39874],[121.37026,17.39816],[121.37169,17.39806],[121.37298,17.39881],[121.37112,17.39929],[121.37001,17.39874]],[[121.38896,17.39969],[121.38917,17.39907],[121.39061,17.3983],[121.39375,17.39779],[121.39473,17.39825],[121.39422,17.3991],[121.39303,17.39982],[121.38896,17.39969]],[[121.38132,17.39899],[121.38222,17.39828],[121.38422,17.39799],[121.38571,17.39813],[121.38771,17.39925],[121.38661,17.39997],[121.38416,17.40026],[121.38166,17.39954],[121.38132,17.39899]],[[121.35959,17.39901],[121.36003,17.39871],[121.36121,17.39909],[121.36047,17.39956],[121.35959,17.39901]],[[121.37355,17.40039],[121.37291,17.39996],[121.37415,17.39976],[121.37494,17.40048],[121.37355,17.40039]],[[121.39071,17.40068],[121.39104,17.40015],[121.39305,17.40013],[121.39156,17.40083],[121.39071,17.40068]],[[121.37629,17.39917],[121.37896,17.39968],[121.38085,17.40186],[121.37871,17.40114],[121.37629,17.39917]],[[121.38078,17.40011],[121.38144,17.39998],[121.38414,17.40156],[121.38262,17.40153],[121.38078,17.40011]],[[121.38413,17.40099],[121.38536,17.40061],[121.38598,17.40076],[121.3851,17.40119],[121.38413,17.40099]]]}},{"type":"Feature","properties":{"kind":"water","water":"river","name":""},"geometry":{"type":"Polygon","coordinates":[[[120.94095,17.02465],[120.93705,17.02202],[120.93571,17.02008],[120.93424,17.0196],[120.93401,17.01864],[120.93511,17.01613],[120.93532,17.0148],[120.93402,17.01387],[120.93291,17.01419],[120.93285,17.0146],[120.93435,17.01431],[120.93488,17.01502],[120.93377,17.01888],[120.93408,17.01976],[120.93565,17.02026],[120.93703,17.02223],[120.93994,17.02438],[120.94095,17.02465]],[[120.93465,17.01623],[120.93475,17.01647],[120.93461,17.01644],[120.93465,17.01623]]]}},{"type":"Feature","properties":{"kind":"water","water":"river","name":""},"geometry":{"type":"Polygon","coordinates":[[[120.82147,17.38227],[120.82458,17.3797],[120.8291,17.37743],[120.82873,17.37684],[120.82367,17.37969],[120.8219,17.38003],[120.82085,17.38169],[120.82147,17.38227]]]}},{"type":"Feature","properties":{"kind":"water","water":"river","name":""},"geometry":{"type":"Polygon","coordinates":[[[121.06068,17.14692],[121.0607,17.14606],[121.05987,17.14481],[121.05996,17.13917],[121.05928,17.13773],[121.05971,17.13642],[121.06083,17.13575],[121.06133,17.13512],[121.06087,17.13476],[121.06083,17.13405],[121.06035,17.13346],[121.05693,17.1326],[121.05708,17.13093],[121.05662,17.1302],[121.05451,17.12966],[121.05336,17.12966],[121.05187,17.12893],[121.05117,17.12654],[121.05185,17.125],[121.05143,17.12405],[121.04786,17.12399],[121.04592,17.12478],[121.04557,17.1238],[121.04755,17.12143],[121.04722,17.11988],[121.0459,17.11974],[121.0425,17.1223],[121.04123,17.12161],[121.04019,17.12182],[121.03999,17.12278],[121.04136,17.12456],[121.04114,17.12517],[121.03916,17.12463],[121.03856,17.12405],[121.03879,17.12246],[121.03964,17.12142],[121.03946,17.12022],[121.03874,17.11977],[121.03788,17.12051],[121.03643,17.12437],[121.03413,17.12523],[121.02965,17.1228],[121.02832,17.1238],[121.02624,17.12371],[121.02454,17.12176],[121.02579,17.12041],[121.02447,17.12122],[121.02449,17.12202],[121.02625,17.12404],[121.02864,17.12415],[121.02916,17.12348],[121.02982,17.12336],[121.03361,17.12539],[121.03449,17.1255],[121.03655,17.12449],[121.03817,17.12042],[121.03881,17.12015],[121.03922,17.12041],[121.03921,17.12145],[121.03869,17.12234],[121.03827,17.12376],[121.03846,17.12436],[121.04017,17.12549],[121.04198,17.12546],[121.04225,17.12477],[121.04046,17.12334],[121.04041,17.12203],[121.04243,17.12247],[121.04441,17.12157],[121.04601,17.11996],[121.04679,17.11991],[121.04723,17.12036],[121.04711,17.12158],[121.04528,17.12387],[121.04584,17.12507],[121.04786,17.12429],[121.05144,17.1244],[121.05092,17.12698],[121.05199,17.12938],[121.05304,17.12979],[121.05624,17.13022],[121.05684,17.1308],[121.05682,17.13272],[121.06049,17.13412],[121.05943,17.13536],[121.059,17.13766],[121.05971,17.13947],[121.05956,17.14443],[121.06068,17.14692]],[[121.04153,17.12436],[121.0421,17.12483],[121.04198,17.12514],[121.04159,17.12503],[121.04153,17.12436]],[[121.06113,17.13505],[121.06069,17.1357],[121.05963,17.13606],[121.05977,17.13517],[121.06113,17.13505]]]}},{"type":"Feature","properties":{"kind":"water","water":"river","name":""},"geometry":{"type":"Polygon","coordinates":[[[120.68498,17.66587],[120.68684,17.6672],[120.68642,17.67052],[120.68691,17.6721],[120.69064,17.67369],[120.69147,17.67323],[120.69025,17.67141],[120.68931,17.6708],[120.68794,17.67064],[120.68734,17.66937],[120.68767,17.66723],[120.68701,17.66606],[120.68534,17.66529],[120.68498,17.66587]]]}},{"type":"Feature","properties":{"kind":"water","water":"river","name":""},"geometry":{"type":"Polygon","coordinates":[[[120.70566,17.76605],[120.70883,17.77369],[120.70872,17.77817],[120.70925,17.77832],[120.711,17.77378],[120.71129,17.77206],[120.71098,17.77133],[120.7095,17.77026],[120.7089,17.76904],[120.70993,17.76646],[120.70566,17.76605]]]}},{"type":"Feature","properties":{"kind":"water","water":"river","name":""},"geometry":{"type":"Polygon","coordinates":[[[121.01331,18.23867],[121.01433,18.23864],[121.01481,18.24077],[121.01769,18.24116],[121.0184,18.24154],[121.019,18.24331],[121.02124,18.24413],[121.02137,18.24799],[121.0218,18.24814],[121.02142,18.24387],[121.01999,18.24318],[121.01968,18.24207],[121.01842,18.24075],[121.01781,18.24051],[121.01584,18.24082],[121.01503,18.24029],[121.01459,18.23847],[121.01404,18.23829],[121.01331,18.23867]],[[121.01544,18.24078],[121.01498,18.24073],[121.01487,18.24048],[121.01544,18.24078]],[[121.01711,18.24089],[121.01787,18.24074],[121.01846,18.24132],[121.01785,18.24101],[121.01711,18.24089]],[[121.0201,18.24358],[121.01922,18.2431],[121.01879,18.24173],[121.01933,18.24205],[121.0201,18.24358]]]}},{"type":"Feature","properties":{"kind":"water","water":"river","name":""},"geometry":{"type":"Polygon","coordinates":[[[121.25054,18.33268],[121.25272,18.33375],[121.25551,18.33366],[121.25762,18.33436],[121.26023,18.33738],[121.26218,18.34173],[121.2637,18.34109],[121.26046,18.33656],[121.25977,18.33395],[121.25894,18.33417],[121.2555,18.33304],[121.25226,18.33316],[121.25111,18.33216],[121.25054,18.33268]]]}},{"type":"Feature","properties":{"kind":"water","water":"river","name":""},"geometry":{"type":"Polygon","coordinates":[[[121.26273,18.34368],[121.26513,18.34492],[121.26662,18.34649],[121.2683,18.34718],[121.27404,18.34755],[121.27459,18.34844],[121.27401,18.35102],[121.27478,18.35174],[121.27643,18.35122],[121.27754,18.35179],[121.27859,18.35133],[121.2778,18.34868],[121.27766,18.34584],[121.27716,18.34498],[121.27463,18.34452],[121.26942,18.34172],[121.26909,18.34105],[121.2673,18.34121],[121.26609,18.34181],[121.2637,18.34109],[121.26218,18.34173],[121.26273,18.34368]],[[121.27737,18.3503],[121.2769,18.34859],[121.27538,18.34716],[121.27347,18.34647],[121.27108,18.34684],[121.26834,18.34661],[121.2661,18.34442],[121.2678,18.34252],[121.26906,18.34218],[121.27353,18.34467],[121.27698,18.34543],[121.27737,18.3503]]]}},{"type":"Feature","properties":{"kind":"water","water":"river","name":""},"geometry":{"type":"Polygon","coordinates":[[[121.25055,18.34615],[121.25321,18.34885],[121.25692,18.34708],[121.25698,18.3462],[121.25807,18.34566],[121.25779,18.34438],[121.25619,18.34215],[121.25725,18.34074],[121.25763,18.34088],[121.25783,18.34183],[121.25972,18.34236],[121.26119,18.3437],[121.26338,18.34411],[121.26104,18.34335],[121.25931,18.34173],[121.25802,18.34164],[121.25778,18.34067],[121.25714,18.34034],[121.25593,18.34211],[121.25771,18.34538],[121.25666,18.34565],[121.25633,18.34716],[121.25401,18.34818],[121.25295,18.34819],[121.25221,18.34707],[121.25055,18.34615]]]}},{"type":"Feature","properties":{"kind":"water","water":"river","name":""},"geometry":{"type":"Polygon","coordinates":[[[121.44643,17.58888],[121.44771,17.58877],[121.45104,17.58584],[121.45477,17.58346],[121.4574,17.57988],[121.45599,17.57788],[121.45469,17.57722],[121.45371,17.57496],[121.45546,17.57255],[121.45539,17.57116],[121.45427,17.56898],[121.45662,17.56338],[121.45712,17.56088],[121.45631,17.55983],[121.45634,17.55776],[121.45576,17.55648],[121.45257,17.55293],[121.45355,17.54887],[121.45322,17.54723],[121.45436,17.54223],[121.45432,17.54091],[121.4553,17.5381],[121.4567,17.53555],[121.45701,17.5305],[121.45894,17.52599],[121.45879,17.52306],[121.4583,17.52098],[121.45748,17.51961],[121.45901,17.51644],[121.45916,17.51498],[121.45815,17.51106],[121.45817,17.50607],[121.4572,17.50437],[121.45695,17.50257],[121.45751,17.4989],[121.45746,17.49594],[121.45675,17.49454],[121.45002,17.48771],[121.44843,17.48472],[121.44796,17.48204],[121.44543,17.48215],[121.44463,17.48697],[121.44373,17.48784],[121.44302,17.48996],[121.44333,17.49311],[121.44227,17.49435],[121.44178,17.49692],[121.44366,17.49986],[121.44403,17.50147],[121.44394,17.5026],[121.44289,17.50364],[121.4429,17.50542],[121.4439,17.50636],[121.44535,17.50626],[121.44557,17.5107],[121.44538,17.5125],[121.44468,17.51339],[121.44472,17.5157],[121.44689,17.51806],[121.44812,17.52023],[121.44942,17.52142],[121.45135,17.5254],[121.45135,17.52746],[121.45195,17.52905],[121.45039,17.53175],[121.45059,17.53379],[121.45026,17.53476],[121.44866,17.53807],[121.44782,17.53881],[121.4468,17.54231],[121.44574,17.54337],[121.44538,17.54518],[121.44535,17.54606],[121.44764,17.55098],[121.44651,17.55949],[121.44603,17.56038],[121.4424,17.56311],[121.4403,17.567],[121.43802,17.56977],[121.43766,17.57211],[121.43826,17.57341],[121.43921,17.57403],[121.43721,17.57839],[121.43743,17.5843],[121.43779,17.58509],[121.43756,17.58635],[121.43855,17.58753],[121.4384,17.58998],[121.44291,17.58846],[121.4447,17.58839],[121.44643,17.58888]],[[121.44769,17.4899],[121.44733,17.48823],[121.44795,17.48779],[121.44845,17.49021],[121.44769,17.4899]],[[121.44445,17.49525],[121.44531,17.49558],[121.44547,17.49682],[121.44472,17.49627],[121.44445,17.49525]],[[121.44627,17.49933],[121.44679,17.4994],[121.44688,17.49996],[121.44673,17.49991],[121.44627,17.49933]],[[121.44283,17.49461],[121.44355,17.49426],[121.44401,17.496],[121.44572,17.49763],[121.44613,17.4995],[121.4473,17.50134],[121.4472,17.50233],[121.4454,17.50583],[121.4443,17.50532],[121.4436,17.50432],[121.44441,17.5016],[121.44373,17.49836],[121.44256,17.49576],[121.44283,17.49461]],[[121.4452,17.48931],[121.44566,17.48925],[121.44707,17.49357],[121.44862,17.4962],[121.44922,17.49835],[121.44952,17.50077],[121.44929,17.50216],[121.44871,17.50506],[121.44744,17.50788],[121.44786,17.51024],[121.44915,17.51211],[121.44902,17.51419],[121.44773,17.51274],[121.44655,17.51205],[121.44644,17.50912],[121.44571,17.50578],[121.44697,17.50448],[121.44783,17.50195],[121.4471,17.49937],[121.44596,17.49747],[121.44553,17.4955],[121.44465,17.49494],[121.44418,17.49394],[121.44434,17.49134],[121.4452,17.48931]],[[121.4508,17.50949],[121.45101,17.50679],[121.45127,17.5066],[121.45162,17.50972],[121.45125,17.51013],[121.4508,17.50949]],[[121.44942,17.50914],[121.44988,17.50949],[121.45022,17.51145],[121.44959,17.51062],[121.44942,17.50914]],[[121.44585,17.51345],[121.44721,17.5131],[121.44783,17.51351],[121.44855,17.51516],[121.44876,17.51947],[121.44605,17.51628],[121.4453,17.51418],[121.44585,17.51345]],[[121.4493,17.51936],[121.44879,17.5151],[121.4492,17.51497],[121.44992,17.51658],[121.4493,17.51936]],[[121.45024,17.51503],[121.45044,17.51453],[121.45103,17.51475],[121.45219,17.517],[121.4517,17.51803],[121.45166,17.52245],[121.45088,17.52102],[121.45068,17.51658],[121.45024,17.51503]],[[121.44808,17.54079],[121.4486,17.54062],[121.44865,17.54205],[121.44722,17.54518],[121.44678,17.54742],[121.44586,17.54588],[121.44591,17.54494],[121.44808,17.54079]],[[121.45065,17.54165],[121.45121,17.54179],[121.45206,17.5452],[121.45176,17.54735],[121.45045,17.54258],[121.45065,17.54165]],[[121.44845,17.55102],[121.44802,17.54597],[121.44966,17.54521],[121.44976,17.54754],[121.44845,17.55102]],[[121.44945,17.55561],[121.45033,17.55256],[121.45141,17.55207],[121.45105,17.5548],[121.45153,17.5563],[121.45209,17.56188],[121.45186,17.56425],[121.45125,17.56572],[121.45066,17.56374],[121.45111,17.56091],[121.45094,17.55962],[121.44945,17.55561]],[[121.44211,17.5674],[121.44407,17.56524],[121.44465,17.56602],[121.44463,17.56926],[121.44277,17.57217],[121.44161,17.57109],[121.44132,17.56987],[121.44211,17.5674]],[[121.44648,17.57473],[121.44637,17.57401],[121.44713,17.57243],[121.44722,17.57369],[121.44648,17.57473]],[[121.44677,17.57952],[121.44603,17.57693],[121.44613,17.57561],[121.44714,17.5745],[121.44743,17.57188],[121.44834,17.56948],[121.44872,17.56936],[121.44962,17.5712],[121.44958,17.57248],[121.44877,17.57521],[121.44677,17.57952]],[[121.44777,17.56338],[121.44815,17.56131],[121.45,17.56231],[121.4501,17.56696],[121.45192,17.57033],[121.4515,17.57654],[121.45192,17.57963],[121.45151,17.58126],[121.45223,17.58353],[121.44993,17.58619],[121.44662,17.58828],[121.44649,17.58748],[121.44718,17.58564],[121.44682,17.5811],[121.44799,17.579],[121.44817,17.57711],[121.44956,17.57478],[121.45028,17.57233],[121.44979,17.56872],[121.44881,17.56706],[121.44777,17.56338]],[[121.44471,17.56472],[121.44524,17.56381],[121.44701,17.56476],[121.44802,17.56959],[121.4452,17.57613],[121.44639,17.58003],[121.44601,17.58265],[121.44614,17.58583],[121.44521,17.58768],[121.44017,17.58905],[121.44095,17.58658],[121.44332,17.58207],[121.44261,17.57455],[121.44301,17.57312],[121.44512,17.57006],[121.44471,17.56472]],[[121.45061,17.49211],[121.4498,17.48866],[121.45194,17.49019],[121.45435,17.49326],[121.45533,17.49762],[121.45638,17.49909],[121.4559,17.50116],[121.45499,17.50098],[121.45428,17.5001],[121.45253,17.4954],[121.45061,17.49211]],[[121.45257,17.50171],[121.45135,17.49512],[121.45189,17.49541],[121.45398,17.50046],[121.45484,17.50142],[121.45257,17.50171]],[[121.45208,17.50165],[121.45188,17.50111],[121.45203,17.50078],[121.45239,17.50134],[121.45208,17.50165]],[[121.45113,17.50256],[121.45151,17.50132],[121.45235,17.50208],[121.45514,17.50146],[121.45581,17.50177],[121.45694,17.50783],[121.45696,17.51023],[121.45634,17.51025],[121.45503,17.50782],[121.45261,17.50585],[121.45148,17.50434],[121.45113,17.50256]],[[121.45224,17.51123],[121.45221,17.50949],[121.45243,17.50942],[121.45265,17.51032],[121.45224,17.51123]],[[121.45126,17.51245],[121.4515,17.51055],[121.45162,17.5105],[121.45187,17.51139],[121.45126,17.51245]],[[121.45284,17.5102],[121.45303,17.50872],[121.45432,17.5114],[121.45419,17.51381],[121.45349,17.5152],[121.45251,17.51476],[121.45154,17.51338],[121.45284,17.5102]],[[121.45223,17.52242],[121.45223,17.51814],[121.45252,17.52115],[121.45223,17.52242]],[[121.45437,17.51995],[121.45481,17.51903],[121.45512,17.51908],[121.45609,17.52113],[121.45586,17.52464],[121.45537,17.52555],[121.45453,17.52427],[121.45476,17.52189],[121.45437,17.51995]],[[121.45675,17.52477],[121.45688,17.52223],[121.45745,17.52202],[121.45785,17.52261],[121.45795,17.52528],[121.45721,17.52726],[121.45675,17.52477]],[[121.45174,17.5279],[121.45209,17.5265],[121.45281,17.5275],[121.45214,17.52836],[121.45174,17.5279]],[[121.45188,17.5327],[121.4535,17.53048],[121.45388,17.53067],[121.45413,17.53158],[121.45194,17.5362],[121.45047,17.53811],[121.44995,17.537],[121.45188,17.5327]],[[121.45031,17.55229],[121.45039,17.55121],[121.45217,17.54926],[121.45227,17.55073],[121.45031,17.55229]],[[121.45245,17.5578],[121.45219,17.55497],[121.45438,17.55564],[121.45585,17.55812],[121.4561,17.56025],[121.45696,17.56109],[121.45629,17.56355],[121.45593,17.56255],[121.45479,17.56169],[121.45387,17.56014],[121.45342,17.55856],[121.45245,17.5578]],[[121.45256,17.56407],[121.45256,17.56019],[121.4537,17.56055],[121.45401,17.56157],[121.4529,17.5643],[121.45256,17.56407]],[[121.45142,17.56654],[121.45185,17.5657],[121.4523,17.56582],[121.45259,17.56749],[121.45216,17.56851],[121.45142,17.56654]],[[121.45306,17.56512],[121.45381,17.56229],[121.45505,17.56218],[121.45602,17.56379],[121.45371,17.56914],[121.45303,17.57172],[121.45304,17.57254],[121.45383,17.57333],[121.45348,17.57456],[121.45248,17.57317],[121.45239,17.5704],[121.45307,17.56855],[121.45306,17.56512]],[[121.45363,17.57132],[121.45417,17.56952],[121.45522,17.57137],[121.45497,17.57248],[121.45401,17.5739],[121.45363,17.57132]],[[121.45179,17.5777],[121.45195,17.57473],[121.4525,17.57467],[121.45343,17.57549],[121.45501,17.5794],[121.45423,17.58179],[121.45263,17.58339],[121.45189,17.58209],[121.45238,17.57978],[121.45179,17.5777]]]}},{"type":"Feature","properties":{"kind":"water","water":"river","name":""},"geometry":{"type":"Polygon","coordinates":[[[121.12843,17.24147],[121.12413,17.2369],[121.12264,17.23426],[121.12098,17.23324],[121.11977,17.23179],[121.11343,17.22983],[121.1135,17.22855],[121.11536,17.22656],[121.11543,17.22575],[121.11268,17.22424],[121.1105,17.2221],[121.11019,17.21654],[121.10963,17.21511],[121.10874,17.21409],[121.1073,17.21371],[121.10603,17.21407],[121.10445,17.21345],[121.10316,17.21075],[121.10239,17.2069],[121.1007,17.20508],[121.09868,17.20384],[121.09449,17.20391],[121.09299,17.20329],[121.09167,17.2016],[121.09036,17.20064],[121.08889,17.19825],[121.0881,17.19569],[121.08751,17.19513],[121.08535,17.19444],[121.08355,17.19561],[121.08385,17.19742],[121.086,17.20065],[121.08512,17.20166],[121.08376,17.201],[121.08193,17.19838],[121.08006,17.19767],[121.07934,17.19771],[121.07814,17.19821],[121.07676,17.19999],[121.07479,17.19874],[121.07422,17.19872],[121.07245,17.19926],[121.0698,17.20091],[121.06817,17.20034],[121.06777,17.19901],[121.06807,17.20047],[121.06927,17.20112],[121.0705,17.20102],[121.07221,17.1996],[121.07419,17.19892],[121.07669,17.20019],[121.07755,17.19954],[121.07831,17.19819],[121.08001,17.19783],[121.08159,17.19845],[121.08347,17.20102],[121.08519,17.202],[121.08623,17.20125],[121.08636,17.20048],[121.08407,17.19724],[121.0838,17.19583],[121.08472,17.1951],[121.08654,17.19517],[121.08763,17.19637],[121.08826,17.19777],[121.08988,17.20056],[121.09302,17.20376],[121.09624,17.20447],[121.09858,17.2042],[121.10094,17.20588],[121.10236,17.20821],[121.10304,17.21123],[121.10421,17.21381],[121.10612,17.21476],[121.10727,17.21419],[121.10816,17.21432],[121.10884,17.21492],[121.10962,17.21642],[121.10982,17.22104],[121.11031,17.22243],[121.11212,17.22441],[121.11501,17.22601],[121.11282,17.22887],[121.11276,17.2295],[121.11344,17.23048],[121.11958,17.23207],[121.12199,17.23431],[121.12437,17.2377],[121.128,17.24166],[121.12843,17.24147]],[[121.08739,17.19526],[121.08791,17.1959],[121.08733,17.19527],[121.08739,17.19526]],[[121.08813,17.19699],[121.08841,17.19751],[121.08848,17.19783],[121.08815,17.19737],[121.08813,17.19699]]]}},{"type":"Feature","properties":{"kind":"water","water":"river","name":""},"geometry":{"type":"Polygon","coordinates":[[[121.19101,17.33188],[121.18992,17.33031],[121.18868,17.32962],[121.18383,17.32843],[121.18331,17.32784],[121.18275,17.32571],[121.18216,17.32519],[121.18093,17.3248],[121.17782,17.32479],[121.17574,17.32415],[121.17378,17.3226],[121.17283,17.32098],[121.17285,17.31938],[121.17115,17.31343],[121.17085,17.31094],[121.17159,17.30486],[121.17234,17.30266],[121.17229,17.30062],[121.1705,17.29861],[121.16656,17.29686],[121.16917,17.29358],[121.16946,17.29241],[121.17029,17.29151],[121.17043,17.29022],[121.16801,17.28855],[121.16535,17.28893],[121.16399,17.28869],[121.16187,17.2876],[121.16115,17.28642],[121.16136,17.28404],[121.16465,17.27763],[121.16453,17.27549],[121.16376,17.27388],[121.16219,17.2722],[121.16154,17.27192],[121.1599,17.27228],[121.15802,17.27446],[121.15707,17.27413],[121.15421,17.26941],[121.15273,17.26502],[121.15194,17.26386],[121.14674,17.2596],[121.14295,17.25829],[121.14111,17.25677],[121.14053,17.25488],[121.14312,17.25102],[121.14308,17.25018],[121.14212,17.24859],[121.14107,17.24806],[121.13765,17.24986],[121.13702,17.24987],[121.13457,17.24784],[121.13456,17.24682],[121.13113,17.24321],[121.12843,17.24147],[121.128,17.24166],[121.13062,17.24344],[121.13406,17.24736],[121.1342,17.24819],[121.13651,17.25001],[121.13761,17.25026],[121.13926,17.24978],[121.14115,17.24855],[121.14201,17.24909],[121.14265,17.2514],[121.14006,17.25505],[121.14115,17.25765],[121.14342,17.25891],[121.14646,17.25988],[121.15088,17.26359],[121.15222,17.26534],[121.15426,17.27106],[121.15619,17.27387],[121.15812,17.27485],[121.15887,17.27442],[121.15934,17.27323],[121.1601,17.27276],[121.162,17.2731],[121.16293,17.2739],[121.16352,17.27586],[121.16343,17.2778],[121.16048,17.28305],[121.16074,17.28436],[121.16051,17.28609],[121.16122,17.28784],[121.16299,17.28893],[121.16807,17.28951],[121.16963,17.29041],[121.16958,17.29134],[121.16882,17.29182],[121.16621,17.29565],[121.16604,17.29698],[121.16738,17.29807],[121.17015,17.29904],[121.17167,17.30061],[121.17192,17.30231],[121.17077,17.30492],[121.16996,17.30831],[121.169,17.30938],[121.16899,17.3112],[121.16933,17.313],[121.17032,17.31375],[121.17133,17.31576],[121.17264,17.32191],[121.17389,17.32357],[121.17587,17.32505],[121.17828,17.32591],[121.18165,17.32533],[121.18237,17.32604],[121.18287,17.32794],[121.18374,17.32883],[121.18871,17.33018],[121.19021,17.33116],[121.19046,17.33191],[121.19101,17.33188]],[[121.16152,17.27248],[121.16191,17.27225],[121.16244,17.27281],[121.16236,17.27285],[121.16152,17.27248]],[[121.16064,17.28342],[121.16121,17.28248],[121.1615,17.28258],[121.16113,17.2841],[121.16064,17.28342]],[[121.16692,17.28916],[121.16771,17.2889],[121.1684,17.28913],[121.16833,17.28921],[121.16692,17.28916]],[[121.16678,17.29521],[121.16712,17.29455],[121.16735,17.2945],[121.16731,17.29486],[121.16678,17.29521]]]}},{"type":"Feature","properties":{"kind":"water","water":"river","name":""},"geometry":{"type":"Polygon","coordinates":[[[121.40738,17.39353],[121.41014,17.39635],[121.4127,17.39791],[121.41539,17.39877],[121.41623,17.39962],[121.41716,17.40157],[121.41761,17.40371],[121.41747,17.40927],[121.41776,17.41012],[121.41942,17.41106],[121.42049,17.41091],[121.42343,17.41268],[121.4255,17.41496],[121.42656,17.41844],[121.42648,17.42351],[121.42987,17.43702],[121.42925,17.43755],[121.4281,17.44462],[121.4286,17.44553],[121.43137,17.44691],[121.43288,17.44856],[121.43466,17.45403],[121.43652,17.45663],[121.43713,17.45813],[121.43819,17.46472],[121.44232,17.46634],[121.44421,17.46817],[121.44499,17.47014],[121.44467,17.47165],[121.44543,17.48215],[121.44796,17.48204],[121.44657,17.47887],[121.4479,17.47531],[121.44725,17.47137],[121.44625,17.46903],[121.44466,17.46664],[121.44278,17.46521],[121.44158,17.46481],[121.44071,17.46379],[121.43766,17.45524],[121.43755,17.4543],[121.43841,17.4512],[121.43793,17.44831],[121.43631,17.44353],[121.43662,17.44077],[121.4342,17.43562],[121.43296,17.43354],[121.43122,17.43199],[121.43055,17.43009],[121.42965,17.42485],[121.42864,17.42154],[121.42856,17.41995],[121.42919,17.41708],[121.42875,17.41539],[121.42756,17.41387],[121.42496,17.41183],[121.42004,17.40966],[121.41889,17.40253],[121.41708,17.3981],[121.41422,17.39414],[121.41147,17.39188],[121.4092,17.39092],[121.4089,17.3909],[121.40738,17.39353]],[[121.40857,17.39195],[121.40926,17.3918],[121.40963,17.39198],[121.40918,17.39227],[121.40857,17.39195]],[[121.41018,17.39342],[121.41095,17.39327],[121.41293,17.39408],[121.41457,17.39633],[121.41496,17.39757],[121.41383,17.39739],[121.41212,17.39602],[121.41018,17.39342]],[[121.43034,17.43285],[121.43177,17.43331],[121.43345,17.43581],[121.43113,17.43485],[121.43035,17.43386],[121.43034,17.43285]],[[121.43341,17.4351],[121.43375,17.43524],[121.43371,17.43542],[121.43341,17.4351]],[[121.43098,17.43724],[121.43343,17.4374],[121.43432,17.43812],[121.43501,17.43975],[121.43475,17.44271],[121.43304,17.44122],[121.43098,17.43724]],[[121.42958,17.44087],[121.43013,17.44199],[121.4301,17.44291],[121.42946,17.44158],[121.42958,17.44087]],[[121.43098,17.44261],[121.43154,17.44319],[121.43142,17.44433],[121.43088,17.44362],[121.43098,17.44261]],[[121.4325,17.44211],[121.43344,17.44247],[121.43485,17.44585],[121.43477,17.44792],[121.43325,17.445],[121.4325,17.44211]],[[121.43507,17.44428],[121.43536,17.44416],[121.43666,17.44856],[121.43669,17.45134],[121.43638,17.45204],[121.43498,17.44928],[121.43552,17.44725],[121.43507,17.44428]]]}},{"type":"Feature","properties":{"kind":"water","water":"river","name":""},"geometry":{"type":"Polygon","coordinates":[[[121.06025,17.14686],[121.05933,17.14744],[121.0569,17.14562],[121.05324,17.1459],[121.04707,17.15002],[121.04716,17.15095],[121.0491,17.15219],[121.0498,17.15344],[121.04736,17.15721],[121.04781,17.15775],[121.04983,17.15812],[121.05087,17.15972],[121.04818,17.16246],[121.04632,17.16659],[121.04761,17.16779],[121.04912,17.16773],[121.05143,17.1669],[121.05236,17.16725],[121.05349,17.16913],[121.05158,17.17011],[121.05124,17.17071],[121.05181,17.17193],[121.05267,17.17257],[121.05325,17.1724],[121.05391,17.17144],[121.05587,17.17061],[121.05897,17.17003],[121.06004,17.17048],[121.06001,17.17226],[121.05856,17.17528],[121.05977,17.17656],[121.06174,17.17725],[121.06122,17.17984],[121.06146,17.1816],[121.06234,17.18275],[121.06462,17.18341],[121.06865,17.18827],[121.06962,17.19012],[121.06968,17.19315],[121.0679,17.19492],[121.06816,17.19671],[121.06777,17.19872],[121.06783,17.19902],[121.06827,17.19684],[121.06804,17.19493],[121.06994,17.19328],[121.06999,17.19054],[121.06933,17.18871],[121.06494,17.18335],[121.06426,17.18286],[121.06249,17.18258],[121.06212,17.18202],[121.06146,17.17975],[121.06198,17.17696],[121.05885,17.17521],[121.06037,17.17259],[121.06024,17.17029],[121.05943,17.16977],[121.05646,17.17024],[121.05384,17.17131],[121.05323,17.17227],[121.05269,17.1724],[121.05152,17.17069],[121.05367,17.16926],[121.05363,17.1684],[121.05266,17.16707],[121.05155,17.16666],[121.0483,17.1676],[121.04665,17.16646],[121.04829,17.16274],[121.05109,17.15974],[121.04994,17.15791],[121.0476,17.15727],[121.05017,17.1536],[121.04986,17.15253],[121.04754,17.15088],[121.04735,17.15011],[121.05297,17.14623],[121.05501,17.14627],[121.05702,17.14584],[121.05962,17.14767],[121.06058,17.14702],[121.06025,17.14686]],[[121.05583,17.14584],[121.05532,17.14604],[121.05584,17.14577],[121.05583,17.14584]]]}},{"type":"Feature","properties":{"kind":"water","water":"river","name":""},"geometry":{"type":"Polygon","coordinates":[[[121.41288,17.62633],[121.41145,17.62943],[121.41138,17.63433],[121.40939,17.64481],[121.40931,17.65118],[121.40994,17.65307],[121.4112,17.65424],[121.41205,17.65447],[121.41517,17.65249],[121.42268,17.6528],[121.42487,17.65361],[121.42814,17.65593],[121.42895,17.65762],[121.42921,17.66032],[121.42804,17.66232],[121.42477,17.66571],[121.42998,17.67455],[121.43144,17.67889],[121.434,17.68401],[121.43738,17.68604],[121.43824,17.68596],[121.44098,17.68773],[121.44055,17.68452],[121.43674,17.68278],[121.43442,17.68044],[121.43267,17.67607],[121.43281,17.67448],[121.43097,17.67252],[121.43092,17.66976],[121.43221,17.66613],[121.43125,17.65984],[121.43121,17.65551],[121.43068,17.65393],[121.42683,17.65125],[121.42621,17.64998],[121.42531,17.6497],[121.41401,17.65106],[121.41197,17.64887],[121.41157,17.64282],[121.41203,17.64091],[121.41256,17.64083],[121.41341,17.63971],[121.41403,17.6396],[121.41734,17.6338],[121.41751,17.63284],[121.41586,17.62848],[121.41609,17.62649],[121.41691,17.6244],[121.41998,17.62423],[121.42416,17.62254],[121.42778,17.62228],[121.42869,17.62276],[121.43106,17.6226],[121.43702,17.62143],[121.43812,17.6203],[121.43875,17.61793],[121.44051,17.61706],[121.44129,17.61569],[121.4424,17.61478],[121.44308,17.61299],[121.44289,17.60987],[121.44334,17.60858],[121.44231,17.60538],[121.44439,17.60349],[121.44347,17.59964],[121.44357,17.59825],[121.4421,17.59562],[121.4421,17.59368],[121.44396,17.59024],[121.44572,17.58877],[121.4447,17.58839],[121.44291,17.58846],[121.43851,17.59007],[121.43855,17.58753],[121.43756,17.58635],[121.43761,17.58679],[121.43685,17.58739],[121.43444,17.58796],[121.43249,17.58911],[121.43213,17.59015],[121.43277,17.59152],[121.43285,17.59507],[121.43333,17.59605],[121.43357,17.59927],[121.43505,17.60576],[121.43461,17.61158],[121.43538,17.61231],[121.43494,17.61386],[121.4336,17.61583],[121.43338,17.61732],[121.43093,17.61861],[121.42694,17.619],[121.42163,17.61765],[121.42031,17.61697],[121.41745,17.61797],[121.41605,17.61919],[121.41481,17.62127],[121.41314,17.62062],[121.41288,17.62633]],[[121.43423,17.59322],[121.4331,17.59358],[121.43315,17.59148],[121.43258,17.5902],[121.43398,17.58897],[121.43526,17.58849],[121.43775,17.58891],[121.43625,17.59141],[121.43423,17.59322]],[[121.4377,17.60073],[121.43605,17.59899],[121.43597,17.5942],[121.43801,17.5914],[121.44091,17.59002],[121.44245,17.58983],[121.44273,17.59049],[121.44121,17.59248],[121.44103,17.59414],[121.44147,17.59589],[121.44303,17.59876],[121.44271,17.60029],[121.4415,17.60223],[121.44162,17.60521],[121.44085,17.60794],[121.4377,17.60073]],[[121.43827,17.61104],[121.4392,17.60776],[121.43986,17.60943],[121.44008,17.61278],[121.43982,17.61374],[121.43883,17.61318],[121.43827,17.61104]],[[121.44181,17.61351],[121.442,17.61143],[121.44232,17.61088],[121.44264,17.613],[121.44218,17.61424],[121.44181,17.61351]],[[121.43639,17.61963],[121.43404,17.62089],[121.43191,17.62097],[121.4337,17.61909],[121.43664,17.61359],[121.43718,17.61334],[121.43812,17.61406],[121.43823,17.61587],[121.43639,17.61963]],[[121.41566,17.624],[121.41604,17.62104],[121.41774,17.61894],[121.42017,17.61779],[121.42235,17.61856],[121.42308,17.62038],[121.42251,17.62216],[121.41964,17.62365],[121.41684,17.62363],[121.41566,17.624]],[[121.41343,17.6372],[121.41295,17.63568],[121.41307,17.63247],[121.41351,17.63109],[121.41483,17.62948],[121.41562,17.63103],[121.41631,17.63421],[121.41438,17.63762],[121.41401,17.63774],[121.41343,17.6372]]]}},{"type":"Feature","properties":{"kind":"water","water":"river","name":""},"geometry":{"type":"Polygon","coordinates":[[[121.19046,17.33191],[121.18797,17.33533],[121.18691,17.34025],[121.18739,17.34177],[121.18837,17.3423],[121.18968,17.34232],[121.19163,17.34172],[121.19324,17.34208],[121.19565,17.34488],[121.19456,17.35557],[121.19337,17.35725],[121.19124,17.35797],[121.19035,17.35877],[121.19081,17.36039],[121.1935,17.36485],[121.19473,17.36591],[121.19623,17.36603],[121.19756,17.36555],[121.19895,17.36322],[121.20148,17.36284],[121.20343,17.36358],[121.20655,17.36807],[121.20764,17.3689],[121.20706,17.37342],[121.20764,17.3751],[121.20831,17.37551],[121.21065,17.37516],[121.21297,17.37641],[121.21746,17.37662],[121.21887,17.37707],[121.21944,17.3793],[121.22365,17.38423],[121.22536,17.38512],[121.22789,17.38508],[121.22857,17.38637],[121.22736,17.3907],[121.23009,17.39181],[121.2304,17.39122],[121.22886,17.39038],[121.22874,17.38893],[121.22934,17.38706],[121.22878,17.38512],[121.22786,17.38426],[121.22494,17.38438],[121.22377,17.38364],[121.22017,17.37924],[121.21979,17.37615],[121.21379,17.37584],[121.21126,17.37463],[121.20806,17.37459],[121.20781,17.37353],[121.20847,17.36889],[121.20657,17.36666],[121.20401,17.36172],[121.20237,17.36092],[121.19968,17.36109],[121.19824,17.36246],[121.19694,17.36468],[121.19524,17.36528],[121.19432,17.36484],[121.1925,17.36195],[121.19152,17.35921],[121.19211,17.35851],[121.19387,17.35817],[121.19542,17.35582],[121.19633,17.34505],[121.19569,17.34346],[121.19368,17.3415],[121.18904,17.34061],[121.18784,17.3392],[121.18873,17.33502],[121.19096,17.33225],[121.19101,17.33188],[121.19046,17.33191]],[[121.18776,17.34027],[121.19012,17.34152],[121.19021,17.34167],[121.18809,17.34159],[121.18747,17.3406],[121.18776,17.34027]],[[121.20331,17.36213],[121.20393,17.36248],[121.2039,17.36323],[121.20327,17.36256],[121.20331,17.36213]]]}},{"type":"Feature","properties":{"kind":"water","water":"river","name":""},"geometry":{"type":"Polygon","coordinates":[[[120.48065,16.34665],[120.4808,16.34787],[120.47977,16.34932],[120.48135,16.34993],[120.48149,16.35082],[120.4811,16.35189],[120.48009,16.35284],[120.47915,16.35511],[120.47966,16.35538],[120.48131,16.35473],[120.48241,16.35475],[120.48322,16.35569],[120.48388,16.35771],[120.48492,16.35967],[120.48652,16.3622],[120.48742,16.36314],[120.48776,16.36424],[120.48657,16.36605],[120.48741,16.36755],[120.48861,16.37226],[120.48919,16.37332],[120.48896,16.37401],[120.48948,16.37494],[120.48861,16.37571],[120.48848,16.37789],[120.48959,16.38091],[120.49043,16.38149],[120.49255,16.38196],[120.49423,16.38387],[120.49599,16.38414],[120.49837,16.38326],[120.50057,16.38092],[120.49884,16.38198],[120.49822,16.38311],[120.49585,16.3839],[120.49438,16.38376],[120.49251,16.38151],[120.49151,16.38105],[120.49048,16.38118],[120.4897,16.38058],[120.48882,16.37837],[120.48887,16.37578],[120.48969,16.37499],[120.48916,16.37392],[120.48935,16.37313],[120.48842,16.37094],[120.48838,16.36959],[120.4877,16.36843],[120.48765,16.36738],[120.4868,16.36581],[120.48783,16.36447],[120.4878,16.36343],[120.48519,16.3598],[120.48343,16.35574],[120.4824,16.35449],[120.47943,16.35514],[120.48019,16.3529],[120.48111,16.35216],[120.48169,16.35045],[120.48154,16.34993],[120.48045,16.34907],[120.48095,16.34809],[120.48099,16.34663],[120.48065,16.34665]]]}},{"type":"Feature","properties":{"kind":"water","water":"reservoir","name":"Magat Dam Reservoir"},"geometry":{"type":"MultiPolygon","coordinates":[[[[121.3514,16.78287],[121.35115,16.78381],[121.3502,16.78359],[121.34961,16.7839],[121.35085,16.78452],[121.35032,16.78492],[121.35058,16.78528],[121.34917,16.78615],[121.34866,16.78583],[121.34834,16.7865],[121.34715,16.78685],[121.34625,16.78663],[121.34598,16.78704],[121.34515,16.78677],[121.34468,16.78717],[121.34313,16.78725],[121.34276,16.78693],[121.3417,16.78721],[121.34124,16.78667],[121.34027,16.7867],[121.33849,16.78473],[121.33739,16.78441],[121.33724,16.78407],[121.33783,16.78336],[121.33711,16.78352],[121.33723,16.78275],[121.3379,16.7826],[121.33894,16.78062],[121.34005,16.78113],[121.33956,16.78056],[121.34,16.78042],[121.34023,16.77936],[121.34282,16.77837],[121.34352,16.77756],[121.34458,16.77717],[121.34561,16.77525],[121.34207,16.77393],[121.3411,16.77494],[121.34102,16.77459],[121.34066,16.77481],[121.34062,16.77416],[121.34012,16.77455],[121.33962,16.77375],[121.33919,16.77419],[121.33954,16.77441],[121.33951,16.77517],[121.34015,16.77567],[121.33929,16.77595],[121.33931,16.77643],[121.33707,16.77615],[121.33656,16.77544],[121.33675,16.77642],[121.33796,16.77714],[121.33735,16.77749],[121.33701,16.77843],[121.33707,16.77735],[121.33664,16.77729],[121.33631,16.77838],[121.33572,16.77867],[121.33651,16.77906],[121.33604,16.77961],[121.33411,16.77911],[121.33384,16.7787],[121.33202,16.7796],[121.33084,16.77848],[121.33079,16.77752],[121.3299,16.77691],[121.33053,16.77764],[121.33042,16.77859],[121.33121,16.77952],[121.33102,16.78001],[121.33213,16.78025],[121.33395,16.77981],[121.33478,16.78022],[121.33452,16.78131],[121.33494,16.7819],[121.3349,16.78439],[121.33596,16.78662],[121.3367,16.78734],[121.33655,16.78812],[121.33739,16.78809],[121.3377,16.78894],[121.33945,16.78945],[121.33836,16.78971],[121.33802,16.79054],[121.33864,16.79002],[121.34017,16.79028],[121.34132,16.79003],[121.34129,16.79085],[121.34249,16.79136],[121.34232,16.79215],[121.34341,16.79251],[121.34345,16.79443],[121.34238,16.79526],[121.34232,16.79622],[121.34154,16.79553],[121.34192,16.79639],[121.34256,16.79637],[121.34263,16.79569],[121.34381,16.79526],[121.34474,16.79298],[121.34334,16.7911],[121.34338,16.79011],[121.34544,16.78969],[121.34628,16.79007],[121.34654,16.78951],[121.3466,16.79007],[121.3473,16.79065],[121.34741,16.78939],[121.34796,16.78917],[121.34866,16.7897],[121.34865,16.78889],[121.35004,16.789],[121.35006,16.78834],[121.35295,16.78672],[121.35428,16.7851],[121.35488,16.78385],[121.35528,16.78091],[121.35503,16.78037],[121.35547,16.77929],[121.35543,16.77856],[121.35506,16.77839],[121.35528,16.77812],[121.35607,16.77882],[121.35642,16.77999],[121.35663,16.78343],[121.35616,16.78402],[121.35676,16.78421],[121.35771,16.78796],[121.35839,16.78841],[121.36041,16.78943],[121.36459,16.78994],[121.37079,16.78964],[121.37217,16.789],[121.37319,16.78906],[121.37389,16.78957],[121.3742,16.78915],[121.37465,16.78937],[121.37475,16.79059],[121.37369,16.79047],[121.37339,16.79111],[121.37361,16.792],[121.37295,16.79183],[121.37295,16.79255],[121.37225,16.79225],[121.37249,16.79285],[121.37175,16.7932],[121.37093,16.79454],[121.3695,16.79381],[121.37004,16.79266],[121.36988,16.79214],[121.36905,16.79366],[121.367,16.79359],[121.36847,16.79386],[121.36877,16.79443],[121.36939,16.7942],[121.37002,16.7945],[121.3705,16.79544],[121.37032,16.79644],[121.36976,16.79651],[121.36992,16.79712],[121.3706,16.79737],[121.37011,16.79804],[121.37031,16.79856],[121.37342,16.79949],[121.3752,16.79823],[121.37739,16.79782],[121.3778,16.79811],[121.3779,16.79764],[121.37848,16.79757],[121.37888,16.79795],[121.37881,16.79921],[121.37946,16.79871],[121.37973,16.79757],[121.38012,16.79804],[121.38056,16.79743],[121.38098,16.79786],[121.3814,16.79745],[121.38179,16.79781],[121.38238,16.79738],[121.38271,16.79788],[121.38304,16.79736],[121.38328,16.79781],[121.38397,16.79747],[121.38462,16.79793],[121.38506,16.79736],[121.38555,16.79756],[121.38533,16.79854],[121.38391,16.79914],[121.38388,16.79952],[121.38562,16.79926],[121.38648,16.79781],[121.38789,16.7989],[121.38782,16.79938],[121.38845,16.79985],[121.3874,16.80056],[121.38601,16.79986],[121.38639,16.80057],[121.38595,16.80083],[121.38622,16.80136],[121.38745,16.80144],[121.38842,16.80077],[121.3887,16.80105],[121.38772,16.80143],[121.38764,16.80198],[121.38696,16.80196],[121.38743,16.80279],[121.38648,16.80256],[121.38653,16.803],[121.38614,16.80301],[121.38386,16.80188],[121.38297,16.80208],[121.38263,16.80175],[121.38279,16.80105],[121.38186,16.80081],[121.38212,16.80163],[121.38182,16.80192],[121.37993,16.80207],[121.38133,16.80273],[121.38225,16.80232],[121.38156,16.80273],[121.3827,16.80347],[121.38207,16.80483],[121.38107,16.80453],[121.37922,16.80692],[121.37928,16.80813],[121.37858,16.80874],[121.37897,16.80896],[121.37906,16.80997],[121.37953,16.80697],[121.38036,16.80664],[121.38116,16.80565],[121.38094,16.80626],[121.38141,16.80608],[121.3821,16.80659],[121.38267,16.80511],[121.38301,16.80521],[121.38395,16.80364],[121.38527,16.80414],[121.38497,16.80486],[121.38559,16.80482],[121.38595,16.80434],[121.38686,16.80477],[121.38804,16.80441],[121.38911,16.80282],[121.38931,16.80337],[121.38817,16.80484],[121.38792,16.80606],[121.38832,16.80508],[121.38881,16.80506],[121.38948,16.80427],[121.39021,16.8049],[121.39057,16.80456],[121.39114,16.80488],[121.39445,16.80739],[121.39559,16.80718],[121.39622,16.80771],[121.39597,16.80684],[121.39833,16.80664],[121.39997,16.80726],[121.39853,16.80801],[121.40077,16.80833],[121.40139,16.80785],[121.40118,16.80869],[121.40246,16.80803],[121.40293,16.80872],[121.40361,16.80847],[121.40611,16.80912],[121.40769,16.81039],[121.40761,16.81113],[121.40688,16.8113],[121.40589,16.81016],[121.40581,16.81151],[121.40447,16.81124],[121.40339,16.812],[121.40282,16.81131],[121.40267,16.81221],[121.40079,16.81316],[121.4011,16.81451],[121.40169,16.8138],[121.40284,16.81351],[121.40244,16.81427],[121.40346,16.81394],[121.4033,16.81469],[121.4039,16.81489],[121.40452,16.81438],[121.40453,16.81344],[121.40521,16.81298],[121.40569,16.8131],[121.40527,16.81373],[121.40562,16.81412],[121.40629,16.81391],[121.40608,16.81342],[121.4066,16.81247],[121.40662,16.81322],[121.40732,16.81348],[121.40695,16.814],[121.40766,16.81518],[121.40647,16.81445],[121.40612,16.8148],[121.40651,16.81524],[121.4061,16.81594],[121.40464,16.81554],[121.40485,16.81633],[121.40426,16.81666],[121.40357,16.81601],[121.40344,16.81687],[121.40391,16.81716],[121.40355,16.81761],[121.40282,16.81749],[121.40288,16.81804],[121.40348,16.81799],[121.40398,16.81889],[121.40414,16.81763],[121.40592,16.81683],[121.40515,16.81798],[121.40528,16.81834],[121.40633,16.81777],[121.40757,16.81777],[121.40758,16.81869],[121.40844,16.81958],[121.40836,16.81823],[121.40866,16.81798],[121.40905,16.81903],[121.41024,16.81877],[121.41014,16.82007],[121.41067,16.82016],[121.41127,16.81962],[121.41147,16.82028],[121.41222,16.82023],[121.4129,16.82149],[121.41291,16.82043],[121.4143,16.82061],[121.41473,16.82169],[121.41441,16.82219],[121.41571,16.824],[121.41527,16.82359],[121.41444,16.82389],[121.41449,16.82347],[121.41409,16.82336],[121.41448,16.8229],[121.41419,16.82218],[121.4138,16.82256],[121.41266,16.82231],[121.41363,16.82382],[121.41353,16.8251],[121.41146,16.82463],[121.41338,16.82619],[121.41435,16.82602],[121.41457,16.82788],[121.4136,16.82853],[121.41313,16.82953],[121.41199,16.82938],[121.41274,16.83005],[121.41257,16.83064],[121.41208,16.83034],[121.40974,16.83159],[121.40959,16.83225],[121.41006,16.83271],[121.41366,16.83297],[121.41385,16.8334],[121.41451,16.8325],[121.41475,16.83296],[121.41691,16.83294],[121.41759,16.83318],[121.41832,16.83432],[121.41882,16.8336],[121.41863,16.83262],[121.41935,16.8327],[121.41979,16.83339],[121.4211,16.83309],[121.42239,16.83354],[121.42221,16.83441],[121.42314,16.83446],[121.42385,16.83608],[121.42432,16.8363],[121.42472,16.83537],[121.42568,16.83505],[121.42688,16.83555],[121.42784,16.83717],[121.42841,16.83712],[121.42898,16.8378],[121.43,16.83802],[121.43036,16.83758],[121.43128,16.83773],[121.43139,16.83709],[121.43267,16.83723],[121.43254,16.8367],[121.43571,16.83485],[121.43665,16.83344],[121.43745,16.83405],[121.4405,16.83289],[121.44104,16.83338],[121.44155,16.83285],[121.44383,16.8328],[121.44475,16.83221],[121.44534,16.83243],[121.44676,16.83209],[121.44709,16.8324],[121.44867,16.83192],[121.44932,16.83274],[121.45003,16.8321],[121.45148,16.83203],[121.45291,16.83162],[121.45304,16.83111],[121.45401,16.8311],[121.45335,16.82858],[121.4527,16.82835],[121.45254,16.82772],[121.45268,16.82572],[121.45362,16.82365],[121.44551,16.82259],[121.43714,16.81838],[121.43618,16.81823],[121.43509,16.81735],[121.43481,16.81825],[121.43406,16.81832],[121.43408,16.81762],[121.43465,16.81713],[121.43345,16.81656],[121.43109,16.81635],[121.43099,16.81705],[121.42962,16.81711],[121.4295,16.81667],[121.43016,16.81627],[121.42367,16.81578],[121.42416,16.81635],[121.42303,16.81636],[121.42022,16.81552],[121.40258,16.80305],[121.39599,16.80317],[121.39474,16.80385],[121.3942,16.80313],[121.39387,16.80376],[121.3935,16.80367],[121.39356,16.80329],[121.3925,16.80319],[121.39127,16.80048],[121.39118,16.79902],[121.38705,16.79497],[121.38438,16.79486],[121.37578,16.79589],[121.37299,16.79709],[121.37282,16.79637],[121.37334,16.79545],[121.37892,16.79116],[121.37896,16.79059],[121.37955,16.79014],[121.37904,16.7899],[121.37931,16.78931],[121.37511,16.7865],[121.36264,16.78731],[121.36058,16.78601],[121.36056,16.78531],[121.3598,16.78469],[121.36083,16.78416],[121.36016,16.78405],[121.36025,16.78333],[121.35971,16.78328],[121.36023,16.78206],[121.36002,16.78136],[121.36056,16.78138],[121.36021,16.7803],[121.36083,16.78066],[121.36099,16.78016],[121.36062,16.77975],[121.36142,16.77986],[121.36107,16.77818],[121.36131,16.77792],[121.35545,16.77255],[121.35392,16.7726],[121.35288,16.77371],[121.35217,16.78243],[121.3514,16.78287]]],[[[121.34647,16.77446],[121.34598,16.77535],[121.34613,16.77568],[121.34647,16.77446]]]]}},{"type":"Feature","properties":{"kind":"water","water":"river","name":""},"geometry":{"type":"Polygon","coordinates":[[[120.6488,17.69976],[120.65177,17.69935],[120.65327,17.69856],[120.65811,17.6983],[120.65929,17.69776],[120.66025,17.69647],[120.66032,17.69531],[120.66001,17.69471],[120.65897,17.69349],[120.658,17.69271],[120.65674,17.68964],[120.65505,17.68708],[120.65186,17.68743],[120.64996,17.68862],[120.65034,17.68906],[120.6528,17.68789],[120.6543,17.68788],[120.65536,17.68969],[120.6557,17.69184],[120.65519,17.69454],[120.65391,17.69669],[120.65237,17.69809],[120.64862,17.69875],[120.6488,17.69976]],[[120.65783,17.69285],[120.65977,17.69448],[120.66021,17.69603],[120.6587,17.69738],[120.65645,17.69829],[120.65432,17.69848],[120.65472,17.69706],[120.65783,17.69285]]]}},{"type":"Feature","properties":{"kind":"water","water":"river","name":""},"geometry":{"type":"Polygon","coordinates":[[[120.596,17.63747],[120.59758,17.63682],[120.5999,17.63788],[120.60125,17.63756],[120.60268,17.63598],[120.60348,17.63431],[120.60389,17.63327],[120.60365,17.63217],[120.60553,17.62994],[120.60548,17.62817],[120.60504,17.62817],[120.60492,17.62972],[120.60335,17.63226],[120.60357,17.63341],[120.60225,17.63633],[120.60045,17.63764],[120.59934,17.63751],[120.59768,17.63659],[120.59655,17.63683],[120.596,17.63747]]]}},{"type":"Feature","properties":{"kind":"water","water":"river","name":""},"geometry":{"type":"Polygon","coordinates":[[[120.7513,17.44328],[120.75341,17.44444],[120.75429,17.44415],[120.75626,17.44259],[120.75766,17.44074],[120.76221,17.43793],[120.76217,17.43565],[120.76327,17.4352],[120.76323,17.43419],[120.7623,17.4344],[120.76188,17.43507],[120.76046,17.43576],[120.75819,17.43923],[120.75171,17.44044],[120.7513,17.44328]],[[120.7549,17.44114],[120.75233,17.44247],[120.75178,17.4423],[120.75213,17.44128],[120.75414,17.44092],[120.7549,17.44114]],[[120.75347,17.44257],[120.75273,17.44256],[120.75391,17.44194],[120.75393,17.44207],[120.75347,17.44257]],[[120.75382,17.44413],[120.75293,17.44405],[120.7517,17.44326],[120.7523,17.44273],[120.75341,17.443],[120.75485,17.4417],[120.75672,17.44108],[120.75652,17.44206],[120.75382,17.44413]],[[120.7516,17.44316],[120.75169,17.44262],[120.75196,17.44266],[120.75198,17.44284],[120.7516,17.44316]]]}},{"type":"Feature","properties":{"kind":"water","water":"river","name":""},"geometry":{"type":"Polygon","coordinates":[[[120.74761,17.43825],[120.74956,17.43993],[120.75006,17.44179],[120.74663,17.44266],[120.74545,17.44409],[120.74551,17.44444],[120.74646,17.4447],[120.74984,17.44302],[120.7513,17.44328],[120.75169,17.44198],[120.75171,17.44044],[120.75045,17.43909],[120.75052,17.43853],[120.74516,17.43614],[120.74485,17.43689],[120.74761,17.43825]]]}},{"type":"Feature","properties":{"kind":"water","water":"river","name":""},"geometry":{"type":"Polygon","coordinates":[[[120.94197,17.66634],[120.94488,17.66616],[120.94788,17.66657],[120.94888,17.66503],[120.95013,17.66415],[120.9497,17.66364],[120.94675,17.66565],[120.94479,17.66497],[120.94308,17.66489],[120.94153,17.66594],[120.94197,17.66634]]]}},{"type":"Feature","properties":{"kind":"water","water":"river","name":""},"geometry":{"type":"Polygon","coordinates":[[[120.6876,17.18045],[120.68824,17.18098],[120.68922,17.1792],[120.68909,17.17598],[120.69124,17.17568],[120.69159,17.17317],[120.69219,17.17299],[120.69418,17.17375],[120.69572,17.17325],[120.69572,17.17283],[120.6937,17.17333],[120.69178,17.17253],[120.69093,17.17312],[120.69112,17.17503],[120.69085,17.1756],[120.68892,17.17575],[120.68855,17.17641],[120.68888,17.17924],[120.6876,17.18045]]]}},{"type":"Feature","properties":{"kind":"water","water":"river","name":""},"geometry":{"type":"Polygon","coordinates":[[[120.67932,17.21596],[120.68032,17.21501],[120.67865,17.21376],[120.67633,17.21107],[120.67651,17.2088],[120.68151,17.20073],[120.68143,17.19861],[120.67953,17.19704],[120.67674,17.19655],[120.67321,17.19505],[120.67458,17.19257],[120.67885,17.1919],[120.68029,17.19096],[120.682,17.1879],[120.68442,17.18686],[120.68893,17.184],[120.68904,17.18256],[120.68824,17.18098],[120.68607,17.17983],[120.68498,17.18114],[120.68706,17.18266],[120.68703,17.18368],[120.68502,17.18392],[120.68067,17.18575],[120.67985,17.18707],[120.68004,17.18788],[120.67937,17.1904],[120.67861,17.19089],[120.67493,17.19095],[120.67307,17.19144],[120.67143,17.19256],[120.67167,17.19432],[120.67386,17.19716],[120.6761,17.19878],[120.67843,17.19811],[120.67977,17.1994],[120.67943,17.20137],[120.67591,17.20503],[120.67424,17.21027],[120.67932,17.21596]]]}},{"type":"Feature","properties":{"kind":"water","water":"river","name":""},"geometry":{"type":"Polygon","coordinates":[[[120.48583,17.54667],[120.4894,17.54679],[120.49198,17.54578],[120.49488,17.54727],[120.49786,17.55117],[120.49925,17.55097],[120.49977,17.5514],[120.49986,17.55059],[120.50026,17.55088],[120.50163,17.55014],[120.50201,17.55036],[120.50563,17.54752],[120.5064,17.54648],[120.50646,17.54391],[120.50872,17.54328],[120.51511,17.54534],[120.51689,17.54524],[120.51762,17.54618],[120.52076,17.54686],[120.52485,17.54424],[120.52104,17.5443],[120.52102,17.54397],[120.51803,17.54445],[120.50854,17.54165],[120.50663,17.54178],[120.50536,17.54339],[120.50517,17.54547],[120.50415,17.54701],[120.50107,17.54973],[120.49951,17.55003],[120.49772,17.54928],[120.49577,17.54601],[120.49328,17.5442],[120.49132,17.54483],[120.48785,17.54489],[120.48508,17.54549],[120.48371,17.54674],[120.48331,17.54802],[120.48583,17.54667]]]}},{"type":"Feature","properties":{"kind":"water","water":"river","name":""},"geometry":{"type":"Polygon","coordinates":[[[120.57797,16.48881],[120.57837,16.4883],[120.57982,16.48816],[120.58039,16.48716],[120.57999,16.48434],[120.57921,16.48376],[120.57886,16.48189],[120.57777,16.48032],[120.5778,16.47851],[120.57884,16.4765],[120.57876,16.4751],[120.58107,16.47235],[120.58085,16.47071],[120.58193,16.47091],[120.582,16.46958],[120.58324,16.46852],[120.58407,16.46674],[120.58501,16.4659],[120.58696,16.46552],[120.58834,16.46341],[120.59024,16.4623],[120.59162,16.46045],[120.59163,16.46008],[120.59112,16.45983],[120.59136,16.45817],[120.59063,16.45729],[120.59173,16.45592],[120.59229,16.45381],[120.5923,16.44732],[120.59325,16.44708],[120.5934,16.4469],[120.59245,16.44378],[120.59263,16.44342],[120.5945,16.44267],[120.59528,16.44208],[120.59548,16.44153],[120.59522,16.43864],[120.59569,16.43781],[120.59635,16.43504],[120.59745,16.43348],[120.59764,16.43232],[120.59578,16.43602],[120.59516,16.43835],[120.59524,16.44177],[120.59476,16.4424],[120.59257,16.44329],[120.59228,16.44372],[120.59239,16.44496],[120.59331,16.44681],[120.59217,16.44727],[120.5921,16.4537],[120.59151,16.45591],[120.59047,16.45727],[120.59123,16.45845],[120.59075,16.45987],[120.59146,16.46044],[120.59014,16.46222],[120.58827,16.4633],[120.58673,16.46516],[120.58459,16.46574],[120.58303,16.46721],[120.58149,16.46927],[120.58162,16.47048],[120.58051,16.47065],[120.58068,16.4723],[120.57846,16.47508],[120.57855,16.47577],[120.57746,16.4783],[120.57743,16.48051],[120.57834,16.48157],[120.57892,16.48382],[120.57974,16.48465],[120.5801,16.48573],[120.57963,16.48795],[120.57805,16.48816],[120.57757,16.48854],[120.57797,16.48881]]]}},{"type":"Feature","properties":{"kind":"water","water":"river","name":""},"geometry":{"type":"Polygon","coordinates":[[[120.55603,16.51244],[120.55865,16.51029],[120.56195,16.51044],[120.56303,16.50917],[120.56475,16.50842],[120.56798,16.50888],[120.56961,16.5083],[120.57075,16.50698],[120.57218,16.50674],[120.57235,16.50615],[120.57179,16.50436],[120.57207,16.50194],[120.57345,16.50097],[120.57336,16.49808],[120.57488,16.49687],[120.57577,16.49522],[120.57588,16.49329],[120.57657,16.49216],[120.57728,16.49205],[120.57846,16.48982],[120.57797,16.48881],[120.57761,16.48875],[120.57804,16.48963],[120.57715,16.49072],[120.57706,16.49151],[120.57633,16.49174],[120.57568,16.49292],[120.57553,16.49491],[120.5747,16.49682],[120.57297,16.49793],[120.57331,16.50066],[120.57163,16.5022],[120.5715,16.50414],[120.57198,16.50603],[120.57162,16.50667],[120.57061,16.50669],[120.56966,16.50783],[120.56876,16.5079],[120.56807,16.50852],[120.5669,16.50849],[120.56585,16.50795],[120.56271,16.50879],[120.56136,16.51001],[120.55838,16.50996],[120.55678,16.51158],[120.55587,16.51194],[120.55603,16.51244]]]}},{"type":"Feature","properties":{"kind":"water","water":"river","name":""},"geometry":{"type":"Polygon","coordinates":[[[120.56977,16.50832],[120.5736,16.50966],[120.57408,16.5102],[120.57432,16.51264],[120.57689,16.51332],[120.57863,16.51511],[120.57916,16.51478],[120.57785,16.51339],[120.57623,16.51263],[120.57509,16.5126],[120.57384,16.50919],[120.57272,16.50913],[120.56977,16.50801],[120.56977,16.50832]]]}},{"type":"Feature","properties":{"kind":"water","water":"river","name":""},"geometry":{"type":"Polygon","coordinates":[[[120.69791,16.2336],[120.69725,16.23408],[120.70027,16.23573],[120.7019,16.23835],[120.7056,16.24179],[120.70748,16.2453],[120.71021,16.24797],[120.71343,16.25012],[120.71336,16.2508],[120.71429,16.25104],[120.71464,16.25039],[120.72062,16.24851],[120.72116,16.2494],[120.72544,16.24852],[120.72718,16.24989],[120.72894,16.25254],[120.73092,16.25431],[120.73122,16.25676],[120.73031,16.25705],[120.7328,16.25906],[120.73333,16.25998],[120.73188,16.26209],[120.73256,16.26421],[120.73377,16.26573],[120.73518,16.26654],[120.73621,16.26661],[120.73787,16.26599],[120.73917,16.2663],[120.73827,16.26838],[120.73906,16.26989],[120.74042,16.27033],[120.74102,16.27097],[120.74097,16.27193],[120.74034,16.27258],[120.74045,16.27423],[120.74275,16.27826],[120.74424,16.2791],[120.7433,16.28268],[120.74021,16.28764],[120.74264,16.29122],[120.74271,16.29224],[120.74108,16.29316],[120.7403,16.29327],[120.74,16.29281],[120.7382,16.29344],[120.73656,16.29498],[120.73621,16.29579],[120.73693,16.29796],[120.73662,16.29935],[120.73523,16.30154],[120.73278,16.30223],[120.72829,16.30426],[120.72708,16.30555],[120.72639,16.30697],[120.72645,16.3075],[120.72757,16.30819],[120.7285,16.31052],[120.72856,16.31292],[120.728,16.31493],[120.72958,16.31647],[120.72988,16.31799],[120.72804,16.31887],[120.72724,16.31894],[120.72644,16.31844],[120.72523,16.31875],[120.72236,16.32165],[120.72128,16.32423],[120.72128,16.32592],[120.72255,16.32884],[120.72494,16.32982],[120.72568,16.33052],[120.72767,16.33013],[120.72904,16.33052],[120.73181,16.33448],[120.73438,16.3362],[120.73415,16.33716],[120.73183,16.33681],[120.73045,16.33744],[120.72891,16.34103],[120.72883,16.34189],[120.72957,16.3421],[120.72949,16.34116],[120.73113,16.33799],[120.73483,16.33726],[120.73487,16.33631],[120.73301,16.33345],[120.73217,16.33325],[120.73097,16.3322],[120.73002,16.33062],[120.72223,16.32664],[120.72162,16.32561],[120.72188,16.3235],[120.72484,16.31983],[120.72871,16.31957],[120.72987,16.31921],[120.73087,16.31817],[120.7313,16.31735],[120.73121,16.31651],[120.72951,16.31339],[120.72976,16.31045],[120.72693,16.3069],[120.72833,16.30504],[120.73001,16.30421],[120.73538,16.30377],[120.736,16.30188],[120.7369,16.30108],[120.73696,16.30004],[120.73817,16.29807],[120.74341,16.29251],[120.74378,16.29127],[120.74205,16.28837],[120.74154,16.28669],[120.74514,16.28242],[120.74595,16.27964],[120.74533,16.27849],[120.74406,16.27866],[120.74311,16.27799],[120.7406,16.2739],[120.74148,16.27104],[120.73866,16.26884],[120.73939,16.26606],[120.73819,16.26579],[120.73526,16.26628],[120.733,16.26442],[120.73207,16.26229],[120.73356,16.26075],[120.73379,16.25957],[120.73095,16.2575],[120.73154,16.25656],[120.73114,16.25507],[120.73142,16.25416],[120.72955,16.25283],[120.72774,16.25],[120.72545,16.24821],[120.72211,16.24885],[120.72031,16.24806],[120.71394,16.25023],[120.70811,16.24506],[120.70673,16.242],[120.70176,16.23638],[120.70048,16.2345],[120.70072,16.23402],[120.69791,16.2336]]]}},{"type":"Feature","properties":{"kind":"water","water":"river","name":""},"geometry":{"type":"Polygon","coordinates":[[[120.67258,16.36349],[120.67449,16.363],[120.67502,16.36251],[120.67361,16.36064],[120.67509,16.35888],[120.67868,16.3585],[120.67998,16.35973],[120.68156,16.36391],[120.68275,16.36432],[120.68378,16.36588],[120.6858,16.36731],[120.68554,16.36647],[120.68336,16.3648],[120.68291,16.3634],[120.68136,16.36173],[120.68119,16.35941],[120.67956,16.35812],[120.67779,16.35803],[120.67503,16.35865],[120.67326,16.36027],[120.67418,16.36272],[120.67297,16.36284],[120.67258,16.36349]]]}},{"type":"Feature","properties":{"kind":"water","water":"river","name":""},"geometry":{"type":"Polygon","coordinates":[[[120.6858,16.36731],[120.68503,16.3689],[120.68633,16.37085],[120.68645,16.3726],[120.68713,16.37373],[120.68881,16.37506],[120.68877,16.37557],[120.68769,16.37635],[120.68776,16.37767],[120.68874,16.37916],[120.68853,16.38076],[120.68887,16.38122],[120.68931,16.38104],[120.69,16.38163],[120.69049,16.38122],[120.69106,16.38149],[120.6909,16.38327],[120.69117,16.3847],[120.6916,16.38461],[120.69113,16.3833],[120.69128,16.38166],[120.69104,16.38109],[120.69041,16.38094],[120.69002,16.38136],[120.68931,16.38073],[120.68878,16.38083],[120.68896,16.37874],[120.68812,16.37783],[120.68825,16.37678],[120.68867,16.37614],[120.68943,16.376],[120.68965,16.37525],[120.68695,16.37305],[120.68647,16.37035],[120.68551,16.36935],[120.6858,16.36731]]]}},{"type":"Feature","properties":{"kind":"water","water":"river","name":""},"geometry":{"type":"Polygon","coordinates":[[[120.69118,16.38476],[120.69247,16.38515],[120.69332,16.38494],[120.69422,16.38428],[120.69561,16.38199],[120.69705,16.38082],[120.69785,16.3807],[120.6985,16.38139],[120.69908,16.38143],[120.69995,16.38073],[120.70312,16.3798],[120.70489,16.38],[120.70509,16.37805],[120.70599,16.37801],[120.70682,16.37878],[120.70877,16.37854],[120.70902,16.38008],[120.70987,16.38044],[120.71113,16.37968],[120.71183,16.37653],[120.71299,16.37811],[120.71437,16.37788],[120.71556,16.37826],[120.71389,16.37923],[120.71363,16.37995],[120.71673,16.38215],[120.71859,16.38286],[120.72077,16.38213],[120.7211,16.38289],[120.72229,16.38396],[120.72244,16.38512],[120.72284,16.38542],[120.72349,16.38542],[120.72404,16.38464],[120.72532,16.38435],[120.72433,16.38424],[120.72347,16.38528],[120.72281,16.38529],[120.72233,16.38357],[120.7213,16.3828],[120.72092,16.38195],[120.7188,16.38266],[120.71712,16.38205],[120.71373,16.37975],[120.71466,16.37897],[120.71603,16.37856],[120.71601,16.37796],[120.71423,16.37762],[120.71302,16.37785],[120.71195,16.37634],[120.71139,16.37677],[120.71082,16.37962],[120.70987,16.38012],[120.70916,16.37989],[120.70911,16.37823],[120.7068,16.3785],[120.70615,16.37762],[120.70517,16.37765],[120.7047,16.37807],[120.70487,16.37913],[120.70449,16.37984],[120.70311,16.37953],[120.70091,16.38042],[120.6999,16.38041],[120.69899,16.38112],[120.69807,16.38042],[120.69726,16.3804],[120.69524,16.38195],[120.69361,16.38431],[120.69118,16.38476]]]}},{"type":"Feature","properties":{"kind":"water","water":"river","name":""},"geometry":{"type":"Polygon","coordinates":[[[120.71944,16.36324],[120.71994,16.36726],[120.72077,16.36842],[120.72177,16.36893],[120.72165,16.36863],[120.72279,16.36718],[120.72309,16.36417],[120.72421,16.36459],[120.72608,16.3644],[120.72811,16.36331],[120.72931,16.36312],[120.73082,16.36165],[120.73205,16.36164],[120.73272,16.36107],[120.7335,16.36126],[120.73693,16.36449],[120.73965,16.36614],[120.73975,16.36629],[120.73921,16.36653],[120.73869,16.36757],[120.73653,16.3685],[120.73554,16.36975],[120.73442,16.36991],[120.73396,16.36958],[120.73426,16.36945],[120.7335,16.36916],[120.73258,16.37049],[120.73235,16.37293],[120.73136,16.37404],[120.73097,16.37377],[120.73059,16.37483],[120.7309,16.37569],[120.73227,16.37631],[120.73306,16.37796],[120.73349,16.37835],[120.73285,16.37982],[120.73292,16.38029],[120.73238,16.3806],[120.73256,16.38125],[120.73115,16.37971],[120.73056,16.37808],[120.72961,16.37696],[120.72828,16.37646],[120.72629,16.37644],[120.7251,16.37705],[120.72561,16.38027],[120.72654,16.38118],[120.72581,16.38233],[120.7253,16.3844],[120.7257,16.38399],[120.72611,16.38428],[120.72568,16.38329],[120.72676,16.38121],[120.72596,16.38002],[120.72545,16.37689],[120.72653,16.3766],[120.72854,16.37682],[120.72968,16.37787],[120.7301,16.37772],[120.73029,16.37866],[120.73262,16.38156],[120.73257,16.38065],[120.73295,16.38061],[120.73297,16.37979],[120.7338,16.37856],[120.73303,16.37765],[120.73253,16.37609],[120.73101,16.37526],[120.73107,16.37429],[120.73266,16.3731],[120.7331,16.37232],[120.73281,16.37076],[120.73335,16.36977],[120.73459,16.37002],[120.73574,16.36976],[120.73669,16.36854],[120.73878,16.36761],[120.7398,16.36629],[120.73972,16.36593],[120.73736,16.36461],[120.73716,16.36401],[120.73577,16.36288],[120.73345,16.36109],[120.73273,16.36091],[120.73193,16.36135],[120.7308,16.36128],[120.729,16.36295],[120.72484,16.3644],[120.72264,16.36377],[120.72218,16.36756],[120.72142,16.36853],[120.72038,16.36764],[120.71995,16.36617],[120.72021,16.36565],[120.71951,16.36374],[120.72082,16.35881],[120.71972,16.3541],[120.7196,16.35178],[120.7202,16.35003],[120.72195,16.3488],[120.72286,16.34992],[120.72424,16.35042],[120.72521,16.34869],[120.72537,16.34642],[120.72603,16.34495],[120.72957,16.3421],[120.72883,16.34189],[120.72828,16.34286],[120.72585,16.3448],[120.72407,16.34998],[120.72278,16.34958],[120.72226,16.34824],[120.7203,16.34949],[120.71978,16.35041],[120.71937,16.35232],[120.71952,16.35466],[120.72053,16.35849],[120.71944,16.36324]]]}},{"type":"Feature","properties":{"kind":"water","water":"river","name":""},"geometry":{"type":"Polygon","coordinates":[[[121.07428,17.97965],[121.07399,17.98014],[121.07327,17.98001],[121.07271,17.98056],[121.07356,17.98211],[121.0731,17.98323],[121.07413,17.98378],[121.07418,17.98479],[121.07438,17.98514],[121.07632,17.98447],[121.07713,17.9854],[121.07658,17.98672],[121.07721,17.98769],[121.0751,17.98823],[121.07507,17.98866],[121.07566,17.99035],[121.07612,17.99066],[121.07669,17.99071],[121.07781,17.98992],[121.0794,17.99031],[121.07934,17.99147],[121.07859,17.99197],[121.07882,17.9923],[121.07961,17.99236],[121.07963,17.9928],[121.07882,17.99314],[121.07772,17.99295],[121.07834,17.99457],[121.07784,17.99604],[121.07822,17.99649],[121.07879,17.99622],[121.07863,17.99667],[121.07903,17.99736],[121.07945,17.99757],[121.08008,17.99747],[121.07927,17.99872],[121.08053,17.99959],[121.08053,18.00047],[121.08002,18.00157],[121.07945,18.00171],[121.07935,18.00243],[121.07996,18.00308],[121.08138,18.00356],[121.08138,18.00473],[121.08196,18.00533],[121.08308,18.00816],[121.08313,18.00972],[121.08228,18.01065],[121.08207,18.01151],[121.08399,18.01307],[121.08489,18.01336],[121.08633,18.01596],[121.08658,18.01718],[121.08769,18.01793],[121.08834,18.01777],[121.0896,18.01868],[121.09402,18.02278],[121.09543,18.02288],[121.09672,18.02385],[121.09873,18.02431],[121.10066,18.02604],[121.10247,18.02639],[121.10379,18.02748],[121.10392,18.02715],[121.1046,18.02752],[121.10566,18.0273],[121.10905,18.0281],[121.11126,18.02914],[121.11339,18.02914],[121.11627,18.03012],[121.11716,18.02887],[121.11557,18.02725],[121.11562,18.02469],[121.11494,18.02433],[121.11425,18.02464],[121.11296,18.02584],[121.11204,18.02753],[121.11125,18.02748],[121.10857,18.02634],[121.1055,18.02408],[121.10535,18.02331],[121.10447,18.02263],[121.09893,18.02155],[121.09681,18.01987],[121.09421,18.01938],[121.09364,18.01859],[121.09137,18.01733],[121.08861,18.01691],[121.08876,18.01637],[121.08712,18.01486],[121.08697,18.01415],[121.08552,18.01256],[121.08547,18.01184],[121.08471,18.0113],[121.0826,18.01147],[121.08273,18.01067],[121.08391,18.00943],[121.08384,18.00886],[121.08282,18.00588],[121.08174,18.00463],[121.08152,18.00279],[121.08008,18.0028],[121.07971,18.00247],[121.0798,18.00188],[121.0805,18.00144],[121.08081,17.99985],[121.08058,17.99922],[121.07947,17.99877],[121.0795,17.99842],[121.08052,17.99733],[121.07928,17.99739],[121.0788,17.99679],[121.07896,17.99607],[121.07801,17.99614],[121.07856,17.9949],[121.07808,17.99325],[121.07951,17.99323],[121.07988,17.99284],[121.07987,17.99229],[121.07882,17.99199],[121.07947,17.99181],[121.07953,17.99022],[121.07764,17.98976],[121.07652,17.9906],[121.07588,17.99036],[121.07529,17.98837],[121.0774,17.9877],[121.07683,17.98689],[121.07738,17.98544],[121.07677,17.98444],[121.07613,17.98439],[121.07438,17.98491],[121.07443,17.984],[121.07327,17.98316],[121.07383,17.98222],[121.07307,17.98056],[121.07349,17.98022],[121.07395,17.98054],[121.07428,17.97965]]]}},{"type":"Feature","properties":{"kind":"water","water":"river","name":""},"geometry":{"type":"Polygon","coordinates":[[[121.00583,17.97528],[121.00423,17.97693],[121.00124,17.97612],[120.99809,17.97657],[120.99737,17.97627],[120.99335,17.97778],[120.99258,17.9774],[120.99141,17.97573],[120.98635,17.97408],[120.98546,17.9741],[120.98408,17.9749],[120.98023,17.97527],[120.97278,17.97426],[120.97174,17.97524],[120.9696,17.97537],[120.96827,17.97603],[120.96699,17.97617],[120.9658,17.97563],[120.9648,17.97583],[120.9677,17.97631],[120.96961,17.97562],[120.97106,17.97566],[120.97323,17.97483],[120.97466,17.97475],[120.97997,17.97575],[120.98163,17.97541],[120.98434,17.97567],[120.98647,17.9752],[120.99071,17.97628],[120.99259,17.97864],[120.99344,17.97897],[120.99442,17.97814],[120.9999,17.97691],[121.00494,17.97752],[121.00627,17.9756],[121.00815,17.9758],[121.0111,17.97777],[121.01671,17.97712],[121.01741,17.97777],[121.01741,17.97928],[121.02026,17.97962],[121.0213,17.98173],[121.02018,17.98269],[121.02135,17.9845],[121.02385,17.98565],[121.02628,17.98583],[121.02786,17.98802],[121.02933,17.98927],[121.03087,17.99195],[121.0319,17.99274],[121.03413,17.99295],[121.03574,17.99481],[121.03509,17.99643],[121.03616,17.9975],[121.0363,17.99849],[121.03814,17.99884],[121.03924,17.9984],[121.03949,17.99936],[121.03905,18.00067],[121.04051,18.00204],[121.04176,18.0025],[121.04369,18.00217],[121.0448,18.0037],[121.04669,18.00289],[121.04824,18.0042],[121.04994,18.00463],[121.04982,18.00549],[121.05059,18.00725],[121.0531,18.00694],[121.05565,18.00922],[121.05715,18.00991],[121.05904,18.01017],[121.06055,18.01158],[121.06223,18.01243],[121.06577,18.01268],[121.06813,18.0151],[121.07012,18.01548],[121.0729,18.01453],[121.07452,18.01645],[121.0768,18.0168],[121.07867,18.01791],[121.08053,18.01689],[121.08122,18.01531],[121.08341,18.01475],[121.08354,18.01338],[121.08399,18.01307],[121.08284,18.01231],[121.08282,18.01414],[121.08061,18.01428],[121.07913,18.01579],[121.07839,18.01607],[121.07729,18.01604],[121.07663,18.015],[121.07304,18.01407],[121.07214,18.01346],[121.06961,18.01496],[121.06827,18.01421],[121.06744,18.01248],[121.06574,18.01205],[121.06569,18.01164],[121.06452,18.01095],[121.06161,18.01037],[121.06097,18.00936],[121.0596,18.00963],[121.05624,18.00904],[121.05311,18.0065],[121.05067,18.00622],[121.05048,18.00474],[121.05088,18.00457],[121.05076,18.00427],[121.04842,18.00374],[121.04723,18.00207],[121.04511,18.00328],[121.04459,18.00305],[121.04462,18.00236],[121.04401,18.00135],[121.04265,18.00212],[121.04076,18.0017],[121.03931,18.00062],[121.03997,17.9995],[121.03941,17.99797],[121.0378,17.99846],[121.03723,17.99803],[121.03657,17.9982],[121.03646,17.99687],[121.03586,17.99632],[121.03655,17.99508],[121.03447,17.99258],[121.03192,17.99195],[121.03107,17.98997],[121.02824,17.98788],[121.02632,17.98531],[121.02309,17.98495],[121.02139,17.98391],[121.02059,17.9827],[121.02167,17.98166],[121.02085,17.97923],[121.01771,17.97895],[121.01785,17.97794],[121.01726,17.97706],[121.01614,17.97641],[121.01328,17.97637],[121.01156,17.9769],[121.00813,17.97503],[121.00583,17.97528]]]}},{"type":"Feature","properties":{"kind":"water","water":"river","name":""},"geometry":{"type":"Polygon","coordinates":[[[120.97726,18.12799],[120.97707,18.12524],[120.97808,18.12451],[120.98027,18.12502],[120.98201,18.12351],[120.98392,18.12358],[120.98496,18.12268],[120.98771,18.12167],[120.99056,18.11933],[120.9921,18.11777],[120.99461,18.11143],[120.99587,18.11128],[120.99649,18.1108],[120.996,18.10916],[120.99621,18.10878],[121.0004,18.1089],[121.00188,18.10992],[121.00361,18.10898],[121.00542,18.10919],[121.00524,18.1089],[121.00352,18.10862],[121.00193,18.10949],[121.0009,18.10854],[120.99903,18.10875],[120.99704,18.10822],[120.99539,18.10851],[120.99549,18.11065],[120.99319,18.11186],[120.99193,18.11655],[120.9904,18.11848],[120.98741,18.12107],[120.98482,18.12183],[120.98377,18.12281],[120.9817,18.1231],[120.98017,18.12442],[120.97764,18.1244],[120.97656,18.12565],[120.97682,18.12756],[120.97726,18.12799]]]}},{"type":"Feature","properties":{"kind":"water","water":"river","name":""},"geometry":{"type":"Polygon","coordinates":[[[120.98735,18.09687],[120.98532,18.09653],[120.98479,18.0958],[120.98487,18.09473],[120.98362,18.09369],[120.98309,18.09268],[120.98288,18.09075],[120.98325,18.08909],[120.98286,18.08719],[120.98364,18.08491],[120.98344,18.08386],[120.98228,18.08211],[120.98233,18.08065],[120.98487,18.07816],[120.98618,18.07577],[120.98734,18.07519],[120.98922,18.07214],[120.99051,18.07166],[120.98956,18.07008],[120.99037,18.06919],[120.99201,18.06854],[120.99109,18.06525],[120.9915,18.06473],[120.99379,18.06518],[120.99401,18.06421],[120.99365,18.0631],[120.99455,18.06042],[120.99535,18.06001],[120.9967,18.06022],[120.99869,18.0591],[120.99938,18.05819],[120.99952,18.0567],[121.00213,18.05402],[120.99938,18.05625],[120.99911,18.05792],[120.9984,18.05895],[120.99696,18.05972],[120.99521,18.05955],[120.99448,18.05999],[120.99315,18.06274],[120.99337,18.06467],[120.99186,18.06424],[120.99065,18.0645],[120.9904,18.06528],[120.99141,18.06805],[120.99005,18.06885],[120.98894,18.07026],[120.98997,18.07147],[120.98881,18.07186],[120.98436,18.07802],[120.98128,18.08104],[120.97989,18.08144],[120.98029,18.08205],[120.98148,18.08173],[120.9832,18.08462],[120.98242,18.08781],[120.9828,18.08948],[120.98239,18.09174],[120.98278,18.093],[120.98423,18.0946],[120.98421,18.09583],[120.98487,18.09694],[120.98656,18.09731],[120.98735,18.09687]]]}},{"type":"Feature","properties":{"kind":"water","water":"river","name":""},"geometry":{"type":"Polygon","coordinates":[[[120.98739,18.09764],[120.99036,18.09837],[120.99253,18.09971],[120.99347,18.10033],[120.99516,18.10273],[120.99668,18.10244],[120.9978,18.10281],[120.99962,18.1046],[121.00233,18.10475],[121.00362,18.10587],[121.00373,18.1077],[121.00542,18.10919],[121.00909,18.11126],[121.01142,18.11129],[121.01271,18.11173],[121.01408,18.11391],[121.01813,18.11725],[121.02037,18.11812],[121.02208,18.1176],[121.02427,18.11453],[121.02543,18.11395],[121.03036,18.11471],[121.03081,18.11414],[121.03155,18.11407],[121.03375,18.11248],[121.03453,18.11234],[121.03514,18.11292],[121.03427,18.11415],[121.03463,18.11528],[121.03654,18.11634],[121.03822,18.11586],[121.03999,18.11469],[121.04304,18.11136],[121.0437,18.11131],[121.04605,18.11293],[121.04726,18.11308],[121.04854,18.11271],[121.04884,18.112],[121.04744,18.11041],[121.04721,18.10919],[121.04828,18.1078],[121.04914,18.10773],[121.05223,18.10879],[121.05493,18.11043],[121.0559,18.11063],[121.05736,18.10996],[121.05668,18.1094],[121.0568,18.10887],[121.05804,18.10843],[121.05919,18.10921],[121.06011,18.11056],[121.06149,18.11413],[121.06413,18.11468],[121.06595,18.11751],[121.06582,18.11939],[121.06408,18.12413],[121.06418,18.12495],[121.06556,18.12684],[121.06672,18.12764],[121.06753,18.12754],[121.06831,18.12689],[121.07345,18.1284],[121.07737,18.13129],[121.07888,18.13313],[121.07906,18.13454],[121.08148,18.13461],[121.08059,18.13291],[121.07733,18.13027],[121.07273,18.12482],[121.07069,18.12412],[121.06897,18.1244],[121.06729,18.12327],[121.06654,18.12164],[121.06686,18.1197],[121.06643,18.11718],[121.06534,18.11484],[121.06389,18.11372],[121.06251,18.11387],[121.06068,18.10981],[121.05866,18.10807],[121.05724,18.10793],[121.05642,18.10827],[121.05582,18.10909],[121.05593,18.10985],[121.05509,18.10994],[121.05262,18.10832],[121.04966,18.10727],[121.04799,18.10709],[121.04701,18.1079],[121.04656,18.10927],[121.04732,18.11165],[121.04713,18.11195],[121.04595,18.11184],[121.04389,18.11067],[121.04235,18.11082],[121.03957,18.11398],[121.03743,18.11561],[121.03682,18.11566],[121.03569,18.11525],[121.03554,18.11245],[121.03413,18.11156],[121.033,18.11185],[121.03028,18.11394],[121.02971,18.11403],[121.02831,18.11333],[121.02489,18.1134],[121.02389,18.11392],[121.02203,18.11707],[121.02064,18.1177],[121.01968,18.1174],[121.01459,18.11369],[121.01358,18.11212],[121.01216,18.11093],[121.00942,18.11085],[121.00526,18.10828],[121.00417,18.10693],[121.00398,18.10546],[121.00257,18.10425],[120.99973,18.10376],[120.99712,18.10177],[120.99511,18.10172],[120.99301,18.09912],[120.98735,18.09687],[120.98739,18.09764]]]}},{"type":"Feature","properties":{"kind":"water","water":"river","name":""},"geometry":{"type":"Polygon","coordinates":[[[120.96941,18.09714],[120.97198,18.09754],[120.97311,18.09885],[120.97375,18.09899],[120.97577,18.09816],[120.97771,18.09859],[120.97954,18.09757],[120.98147,18.09924],[120.98215,18.0989],[120.98358,18.09688],[120.98542,18.09822],[120.98642,18.09821],[120.98739,18.09764],[120.98735,18.09687],[120.98656,18.09731],[120.98654,18.09785],[120.98525,18.09782],[120.98337,18.09653],[120.9814,18.09891],[120.97942,18.09719],[120.9777,18.09821],[120.97549,18.09783],[120.97355,18.0985],[120.97215,18.09719],[120.97006,18.09699],[120.96738,18.09597],[120.96592,18.0947],[120.96383,18.09399],[120.96323,18.09309],[120.95981,18.09358],[120.96045,18.09377],[120.9603,18.0943],[120.96187,18.09347],[120.9631,18.09349],[120.96358,18.09432],[120.96565,18.09498],[120.96733,18.09615],[120.96755,18.09679],[120.96729,18.09698],[120.96627,18.09624],[120.96391,18.09784],[120.96278,18.09778],[120.96247,18.09884],[120.96333,18.10034],[120.96109,18.10106],[120.9602,18.10266],[120.95895,18.10229],[120.95753,18.10274],[120.95687,18.10345],[120.95697,18.10521],[120.95583,18.10572],[120.95424,18.10744],[120.95523,18.10698],[120.95618,18.10718],[120.95626,18.10589],[120.95735,18.10532],[120.9572,18.1043],[120.9577,18.10316],[120.96072,18.10281],[120.96141,18.10125],[120.96366,18.10053],[120.96382,18.09994],[120.9628,18.09875],[120.96315,18.098],[120.96435,18.09822],[120.96606,18.0966],[120.96727,18.09747],[120.96817,18.09652],[120.96941,18.09714]]]}},{"type":"Feature","properties":{"kind":"water","water":"river","name":""},"geometry":{"type":"Polygon","coordinates":[[[120.52891,16.43183],[120.52995,16.43287],[120.53099,16.43279],[120.53143,16.43322],[120.53285,16.43302],[120.53373,16.43241],[120.53653,16.43278],[120.53798,16.4334],[120.54254,16.43184],[120.54508,16.4344],[120.54484,16.4334],[120.54229,16.43116],[120.53807,16.43311],[120.53406,16.43214],[120.53202,16.43287],[120.52946,16.4323],[120.52891,16.43183]]]}},{"type":"Feature","properties":{"kind":"water","water":"river","name":""},"geometry":{"type":"Polygon","coordinates":[[[121.16792,18.02268],[121.16938,18.02355],[121.17064,18.01914],[121.17115,18.01869],[121.17612,18.01787],[121.17779,18.01827],[121.17851,18.019],[121.18071,18.02339],[121.18151,18.02412],[121.18129,18.02694],[121.18011,18.02656],[121.18057,18.02803],[121.17948,18.02969],[121.18045,18.03163],[121.18161,18.03205],[121.18371,18.03186],[121.1856,18.03338],[121.18897,18.03465],[121.19024,18.03747],[121.19184,18.03716],[121.19212,18.03575],[121.19042,18.03551],[121.18912,18.03391],[121.18405,18.03141],[121.1817,18.03113],[121.18154,18.02899],[121.18246,18.02673],[121.18218,18.02251],[121.17843,18.01768],[121.17741,18.0172],[121.17519,18.01704],[121.17021,18.01851],[121.16826,18.02125],[121.16792,18.02268]]]}},{"type":"Feature","properties":{"kind":"water","water":"river","name":""},"geometry":{"type":"Polygon","coordinates":[[[121.14102,17.99316],[121.14266,17.99511],[121.14151,17.99581],[121.14275,17.99754],[121.14233,17.99888],[121.145,18.0003],[121.14547,18.00123],[121.14533,18.00157],[121.14422,18.0014],[121.14423,18.00214],[121.14652,18.0027],[121.14667,18.00206],[121.14622,18.00179],[121.1466,18.00156],[121.14721,18.00307],[121.14822,18.00248],[121.14954,18.00251],[121.15024,18.00324],[121.15131,18.00333],[121.15201,18.005],[121.15119,18.00537],[121.15157,18.00642],[121.15267,18.00686],[121.15336,18.00795],[121.15429,18.00826],[121.15495,18.00938],[121.15711,18.00948],[121.1581,18.00862],[121.15913,18.00917],[121.15834,18.01062],[121.16067,18.01241],[121.16115,18.01355],[121.16182,18.0134],[121.1616,18.01281],[121.16191,18.01232],[121.16389,18.01266],[121.16486,18.01323],[121.16543,18.01313],[121.16649,18.01244],[121.16719,18.01275],[121.16712,18.01326],[121.16811,18.0142],[121.16966,18.01476],[121.17008,18.01359],[121.1696,18.01274],[121.16878,18.01226],[121.16855,18.0114],[121.16862,18.01087],[121.16956,18.01042],[121.17103,18.01175],[121.17087,18.0126],[121.1715,18.0128],[121.17263,18.01227],[121.17249,18.01307],[121.17494,18.01485],[121.17756,18.01362],[121.17792,18.01428],[121.17669,18.01608],[121.17699,18.017],[121.1767,18.01723],[121.17734,18.01719],[121.17732,18.01571],[121.17829,18.01456],[121.17806,18.01362],[121.17626,18.01333],[121.17569,18.01434],[121.175,18.01454],[121.17286,18.01312],[121.17258,18.01191],[121.17114,18.01242],[121.1712,18.01153],[121.16947,18.01015],[121.16865,18.0104],[121.1682,18.01148],[121.16863,18.01246],[121.16976,18.01341],[121.16966,18.01431],[121.16778,18.01368],[121.16757,18.01266],[121.16641,18.01223],[121.16513,18.01311],[121.16411,18.01255],[121.1617,18.0122],[121.16134,18.0134],[121.16096,18.01244],[121.15865,18.01076],[121.15943,18.00952],[121.15893,18.00876],[121.15841,18.00834],[121.15729,18.00919],[121.15518,18.00917],[121.15428,18.00791],[121.15164,18.0061],[121.15155,18.00539],[121.15232,18.0053],[121.15171,18.0032],[121.15016,18.00294],[121.14989,18.00228],[121.14803,18.00224],[121.14724,18.00281],[121.14743,18.00167],[121.14656,18.00134],[121.1459,18.00154],[121.14651,18.00244],[121.14471,18.00195],[121.14442,18.00167],[121.14567,18.00162],[121.14546,18.00051],[121.14251,17.99866],[121.14304,17.99773],[121.14271,17.99655],[121.142,17.99584],[121.14305,17.99499],[121.14138,17.99316],[121.14206,17.99127],[121.14504,17.99046],[121.14406,17.98931],[121.1435,17.98929],[121.14391,17.98827],[121.14475,17.98884],[121.1466,17.98861],[121.14804,17.98802],[121.14836,17.98748],[121.14825,17.98712],[121.14669,17.98627],[121.14723,17.98557],[121.14613,17.9847],[121.14825,17.98363],[121.14775,17.98061],[121.14719,17.97968],[121.14611,17.97924],[121.14669,17.97683],[121.14627,17.97587],[121.14709,17.97452],[121.14922,17.97243],[121.1491,17.97141],[121.1499,17.97121],[121.15055,17.97154],[121.15181,17.97064],[121.15336,17.9683],[121.1541,17.96787],[121.15435,17.96683],[121.15197,17.97013],[121.15065,17.97124],[121.14985,17.97097],[121.1487,17.97138],[121.14891,17.9725],[121.1466,17.97459],[121.14582,17.97582],[121.14631,17.97704],[121.14573,17.97932],[121.14715,17.98002],[121.14787,17.98329],[121.14768,17.98374],[121.1464,17.98407],[121.14581,17.98467],[121.14681,17.98553],[121.14649,17.98642],[121.14817,17.98747],[121.14647,17.9885],[121.14488,17.98865],[121.14398,17.98793],[121.14323,17.98854],[121.14299,17.98946],[121.14454,17.99035],[121.142,17.99066],[121.14102,17.99316]]]}},{"type":"Feature","properties":{"kind":"water","water":"river","name":""},"geometry":{"type":"Polygon","coordinates":[[[121.14038,18.03366],[121.14078,18.03509],[121.14146,18.03486],[121.14612,18.03051],[121.14871,18.02867],[121.1493,18.02752],[121.14871,18.0277],[121.14884,18.02701],[121.14956,18.02604],[121.15042,18.02321],[121.15358,18.01991],[121.1561,18.02009],[121.15746,18.02081],[121.15992,18.02434],[121.16213,18.02659],[121.16403,18.02779],[121.16695,18.02677],[121.16938,18.02355],[121.16792,18.02268],[121.16704,18.02472],[121.16615,18.02519],[121.16475,18.02495],[121.16127,18.02249],[121.16067,18.02114],[121.15851,18.0198],[121.15735,18.01857],[121.15495,18.01756],[121.1493,18.02044],[121.14772,18.02587],[121.14685,18.02729],[121.14407,18.03055],[121.14038,18.03366]]]}},{"type":"Feature","properties":{"kind":"water","water":"river","name":""},"geometry":{"type":"Polygon","coordinates":[[[120.69152,17.67426],[120.69224,17.67608],[120.69245,17.67993],[120.69336,17.68019],[120.69576,17.67994],[120.69713,17.68032],[120.70049,17.68435],[120.70321,17.68633],[120.70508,17.68855],[120.70522,17.69039],[120.70408,17.69239],[120.70351,17.69586],[120.70277,17.69747],[120.70357,17.69911],[120.70292,17.69751],[120.70412,17.69523],[120.70445,17.6927],[120.70574,17.68921],[120.70494,17.68732],[120.69936,17.6824],[120.69675,17.67959],[120.69554,17.67941],[120.69403,17.67983],[120.693,17.6795],[120.6932,17.67684],[120.69292,17.67556],[120.69147,17.67323],[120.69064,17.67369],[120.69152,17.67426]]]}},{"type":"Feature","properties":{"kind":"water","water":"river","name":""},"geometry":{"type":"Polygon","coordinates":[[[121.15781,17.79826],[121.15587,17.79578],[121.15652,17.794],[121.15636,17.79328],[121.15341,17.7937],[121.15066,17.79202],[121.1492,17.79143],[121.14923,17.79058],[121.14795,17.78939],[121.14865,17.78794],[121.14857,17.78592],[121.14816,17.78547],[121.14695,17.78525],[121.14536,17.78122],[121.14323,17.78054],[121.14129,17.77882],[121.14214,17.77742],[121.14217,17.77649],[121.14206,17.77599],[121.14104,17.77575],[121.14192,17.77635],[121.14121,17.77898],[121.1428,17.78053],[121.14527,17.78135],[121.14659,17.78503],[121.1471,17.78552],[121.14834,17.78586],[121.14846,17.78799],[121.14773,17.7895],[121.14909,17.79061],[121.14894,17.79146],[121.15318,17.79387],[121.1563,17.7935],[121.15567,17.79578],[121.15612,17.79667],[121.15793,17.79862],[121.15938,17.7995],[121.16076,17.80139],[121.16262,17.80103],[121.1629,17.80327],[121.16224,17.8043],[121.16279,17.80469],[121.16299,17.80558],[121.1662,17.80728],[121.16903,17.81073],[121.16992,17.81083],[121.17057,17.80955],[121.17098,17.80942],[121.17266,17.81178],[121.17462,17.81262],[121.17515,17.81339],[121.17739,17.81346],[121.1772,17.81655],[121.17665,17.8173],[121.17686,17.81861],[121.17939,17.81878],[121.18198,17.82104],[121.18237,17.82186],[121.1815,17.82259],[121.18151,17.82359],[121.18324,17.82442],[121.18397,17.82401],[121.18454,17.8227],[121.18534,17.82368],[121.19122,17.8246],[121.19492,17.82412],[121.19553,17.82564],[121.19417,17.82628],[121.19367,17.82697],[121.1946,17.82987],[121.19613,17.82976],[121.19723,17.82892],[121.19863,17.82909],[121.19943,17.83066],[121.19914,17.83211],[121.19986,17.83447],[121.2016,17.83473],[121.20435,17.8336],[121.20497,17.83663],[121.20601,17.83752],[121.20708,17.83756],[121.21104,17.83608],[121.21254,17.83235],[121.21296,17.83236],[121.21403,17.83363],[121.21496,17.83595],[121.21573,17.83578],[121.21693,17.83412],[121.21689,17.83225],[121.21763,17.83273],[121.21896,17.83268],[121.21961,17.83163],[121.22073,17.83174],[121.22083,17.83075],[121.22265,17.83222],[121.22385,17.83165],[121.22549,17.83266],[121.22821,17.83177],[121.229,17.83313],[121.2299,17.83362],[121.23227,17.83262],[121.2319,17.83404],[121.23234,17.83435],[121.23351,17.83418],[121.23421,17.83449],[121.2361,17.83393],[121.23603,17.83561],[121.23657,17.83613],[121.23885,17.83534],[121.23947,17.83403],[121.24017,17.83354],[121.24125,17.83406],[121.2422,17.83544],[121.24595,17.83755],[121.25294,17.83729],[121.25547,17.83771],[121.25743,17.83605],[121.26002,17.83003],[121.26148,17.82975],[121.26138,17.82946],[121.26013,17.82954],[121.25931,17.83018],[121.25719,17.83558],[121.25553,17.83733],[121.25304,17.83676],[121.24857,17.83701],[121.24551,17.83521],[121.24026,17.83305],[121.23931,17.83321],[121.23786,17.83531],[121.23674,17.83579],[121.23642,17.83541],[121.23639,17.83371],[121.23435,17.83424],[121.23351,17.83378],[121.23233,17.83403],[121.23285,17.8328],[121.23264,17.83235],[121.23181,17.83229],[121.23002,17.83338],[121.22816,17.83145],[121.22542,17.83226],[121.22351,17.83124],[121.22255,17.83184],[121.22086,17.83042],[121.22031,17.83073],[121.2204,17.83147],[121.21945,17.83133],[121.21877,17.83254],[121.21806,17.83262],[121.21729,17.83188],[121.2168,17.8319],[121.21644,17.83239],[121.21625,17.83447],[121.21543,17.83543],[121.21486,17.83523],[121.21379,17.83256],[121.21256,17.832],[121.21175,17.83298],[121.21128,17.83513],[121.21061,17.83585],[121.20705,17.83721],[121.20632,17.83713],[121.20546,17.8368],[121.20499,17.83609],[121.20454,17.8333],[121.20099,17.83437],[121.20001,17.83399],[121.1996,17.83055],[121.19889,17.82892],[121.19732,17.82862],[121.19491,17.82959],[121.19395,17.82701],[121.19577,17.82558],[121.19577,17.82465],[121.19494,17.82376],[121.19359,17.8242],[121.19206,17.82391],[121.19148,17.82422],[121.18572,17.82357],[121.18464,17.82242],[121.18415,17.82257],[121.18355,17.82409],[121.18211,17.82367],[121.18176,17.82294],[121.18256,17.82172],[121.18215,17.82087],[121.17936,17.81844],[121.17736,17.81847],[121.17688,17.81791],[121.17782,17.81397],[121.17765,17.8133],[121.17542,17.81322],[121.17477,17.81252],[121.173,17.81173],[121.17117,17.80911],[121.17041,17.80932],[121.16974,17.81063],[121.16929,17.8105],[121.16617,17.80697],[121.16325,17.80561],[121.16261,17.80426],[121.16308,17.80316],[121.16262,17.80084],[121.16093,17.80128],[121.15958,17.79933],[121.15781,17.79826]],[[121.24235,17.8341],[121.24563,17.83551],[121.24831,17.83723],[121.24623,17.83734],[121.24521,17.83695],[121.24233,17.83523],[121.24194,17.83433],[121.24235,17.8341]]]}},{"type":"Feature","properties":{"kind":"water","water":"river","name":""},"geometry":{"type":"Polygon","coordinates":[[[121.26138,17.82946],[121.26404,17.8305],[121.26674,17.82902],[121.26773,17.82654],[121.26792,17.82265],[121.26892,17.81744],[121.27012,17.81435],[121.27071,17.81361],[121.27197,17.81308],[121.27204,17.81255],[121.27168,17.81231],[121.26894,17.81501],[121.26722,17.82134],[121.2673,17.82626],[121.2662,17.82912],[121.26543,17.82945],[121.26327,17.82919],[121.26138,17.82946]]]}},{"type":"Feature","properties":{"kind":"water","water":"river","name":""},"geometry":{"type":"Polygon","coordinates":[[[121.27964,17.81134],[121.2814,17.81092],[121.28334,17.80971],[121.28477,17.80967],[121.28481,17.81001],[121.28729,17.80803],[121.28778,17.80676],[121.28762,17.80654],[121.28626,17.80854],[121.28358,17.80907],[121.27936,17.81101],[121.27964,17.81134]]]}},{"type":"Feature","properties":{"kind":"water","water":"river","name":""},"geometry":{"type":"Polygon","coordinates":[[[121.25916,17.84508],[121.25972,17.84735],[121.25869,17.84986],[121.25897,17.8514],[121.2594,17.85176],[121.26305,17.85208],[121.26447,17.8536],[121.26676,17.85492],[121.26626,17.85582],[121.26636,17.85602],[121.26901,17.85677],[121.26845,17.85822],[121.26865,17.85869],[121.27082,17.85914],[121.27196,17.85982],[121.27283,17.85971],[121.27468,17.86063],[121.27788,17.8608],[121.27864,17.85986],[121.27811,17.85929],[121.27882,17.85829],[121.28014,17.85832],[121.28039,17.8586],[121.27993,17.85936],[121.28205,17.85997],[121.28534,17.86207],[121.28537,17.86262],[121.28473,17.86331],[121.28516,17.86429],[121.28606,17.86541],[121.28702,17.86538],[121.28593,17.86518],[121.28498,17.86356],[121.28494,17.86315],[121.28559,17.8626],[121.28537,17.86192],[121.28223,17.85993],[121.28009,17.85921],[121.28066,17.85845],[121.28045,17.8582],[121.27874,17.85811],[121.27796,17.85917],[121.2784,17.8599],[121.27786,17.86063],[121.2747,17.86042],[121.27276,17.85951],[121.27187,17.8596],[121.27067,17.85888],[121.2686,17.85844],[121.26934,17.85669],[121.26656,17.85597],[121.26695,17.85488],[121.26472,17.85356],[121.26287,17.8517],[121.25923,17.85132],[121.25894,17.85036],[121.25918,17.84887],[121.26153,17.84384],[121.26169,17.83912],[121.26078,17.83518],[121.26097,17.83436],[121.26173,17.83278],[121.26335,17.83187],[121.26476,17.83025],[121.26303,17.83182],[121.2618,17.83233],[121.26078,17.83412],[121.26054,17.83533],[121.26116,17.83741],[121.26132,17.84081],[121.25942,17.84338],[121.25916,17.84508]],[[121.2594,17.84449],[121.25968,17.84348],[121.26134,17.84158],[121.26123,17.8443],[121.26,17.84621],[121.2594,17.84449]]]}},{"type":"Feature","properties":{"kind":"water","water":"river","name":""},"geometry":{"type":"Polygon","coordinates":[[[120.6959,17.31099],[120.69685,17.31526],[120.69885,17.32077],[120.70173,17.32554],[120.70474,17.32911],[120.70283,17.33248],[120.69959,17.33538],[120.69869,17.33782],[120.69868,17.34037],[120.70083,17.34396],[120.70477,17.34407],[120.70609,17.34277],[120.70842,17.34239],[120.70846,17.34556],[120.71043,17.34916],[120.71044,17.34976],[120.70839,17.35316],[120.70729,17.3579],[120.70659,17.35934],[120.70725,17.35953],[120.70822,17.35791],[120.71033,17.35107],[120.71125,17.34987],[120.71155,17.34862],[120.70897,17.34568],[120.70949,17.34378],[120.70868,17.34189],[120.70788,17.34173],[120.70272,17.34346],[120.70121,17.34343],[120.70055,17.34279],[120.69913,17.33815],[120.6996,17.33628],[120.70129,17.33431],[120.70215,17.33422],[120.70323,17.33324],[120.70455,17.3316],[120.70541,17.33016],[120.7053,17.32839],[120.70061,17.32294],[120.69964,17.32118],[120.69843,17.31825],[120.69856,17.31701],[120.69645,17.31058],[120.69392,17.30648],[120.69284,17.30297],[120.6927,17.30168],[120.69526,17.29831],[120.69646,17.29586],[120.69755,17.29166],[120.69826,17.2861],[120.69635,17.28188],[120.69446,17.28037],[120.69208,17.2802],[120.68522,17.28323],[120.68438,17.28274],[120.68485,17.27897],[120.68721,17.27619],[120.68779,17.27358],[120.68586,17.26861],[120.68371,17.26494],[120.67878,17.2644],[120.67207,17.26518],[120.67189,17.26681],[120.67664,17.26753],[120.68193,17.26748],[120.68543,17.27037],[120.68652,17.2729],[120.6865,17.27509],[120.68474,17.27686],[120.68352,17.27892],[120.68285,17.28103],[120.68305,17.28446],[120.68422,17.28497],[120.68637,17.28502],[120.69048,17.28269],[120.69241,17.28251],[120.69348,17.28264],[120.69558,17.28408],[120.69583,17.28739],[120.69527,17.29113],[120.6954,17.29315],[120.6946,17.29586],[120.69288,17.29768],[120.69202,17.30044],[120.69202,17.30266],[120.69335,17.30706],[120.6959,17.31099]],[[120.69784,17.31608],[120.69797,17.31635],[120.69785,17.3168],[120.69784,17.31608]],[[120.69968,17.34003],[120.69996,17.34122],[120.70029,17.34281],[120.699,17.34065],[120.69925,17.33976],[120.69968,17.34003]]]}},{"type":"Feature","properties":{"kind":"water","water":"river","name":""},"geometry":{"type":"Polygon","coordinates":[[[121.501,17.14146],[121.50145,17.14245],[121.50273,17.1431],[121.50433,17.1431],[121.50454,17.14295],[121.50377,17.14269],[121.50407,17.14224],[121.50538,17.14158],[121.50671,17.14145],[121.50775,17.14215],[121.51317,17.14249],[121.51449,17.14224],[121.51859,17.14467],[121.51946,17.14479],[121.52051,17.14405],[121.52115,17.14186],[121.51976,17.13934],[121.51936,17.13779],[121.51764,17.1364],[121.51653,17.13612],[121.51515,17.1364],[121.51369,17.13443],[121.51382,17.13398],[121.51603,17.13386],[121.51712,17.13286],[121.5175,17.13162],[121.51935,17.13008],[121.51928,17.12677],[121.5198,17.12555],[121.52158,17.12511],[121.52249,17.12547],[121.52417,17.12418],[121.52459,17.12234],[121.52299,17.11867],[121.52302,17.11696],[121.52376,17.11565],[121.52498,17.11525],[121.52692,17.11776],[121.53115,17.11908],[121.5345,17.1191],[121.53573,17.11872],[121.53732,17.11909],[121.53861,17.11855],[121.5388,17.11818],[121.53821,17.117],[121.53668,17.11634],[121.53497,17.11638],[121.53265,17.11419],[121.53144,17.11228],[121.53238,17.11146],[121.53437,17.11133],[121.53466,17.11077],[121.5376,17.1091],[121.53871,17.10995],[121.54085,17.11058],[121.54141,17.11273],[121.54425,17.11457],[121.54576,17.11652],[121.54568,17.11782],[121.54623,17.11883],[121.54891,17.11955],[121.54967,17.12042],[121.54984,17.12118],[121.54884,17.12363],[121.54887,17.12678],[121.55003,17.12757],[121.55278,17.12758],[121.55546,17.12847],[121.55938,17.13089],[121.56049,17.13215],[121.56112,17.13146],[121.55846,17.12926],[121.55483,17.12736],[121.55262,17.12675],[121.5505,17.12709],[121.54978,17.12676],[121.54931,17.12459],[121.55044,17.1206],[121.54888,17.11894],[121.54694,17.11852],[121.54615,17.11713],[121.54586,17.11518],[121.54499,17.11471],[121.54431,17.11334],[121.54137,17.11202],[121.54123,17.11039],[121.54079,17.10977],[121.53727,17.10873],[121.53481,17.10998],[121.53409,17.11116],[121.53264,17.11089],[121.53112,17.11163],[121.5309,17.11218],[121.53198,17.11421],[121.53435,17.11643],[121.53502,17.11688],[121.53722,17.11699],[121.53811,17.1177],[121.53822,17.11823],[121.53702,17.11856],[121.53534,17.1183],[121.53109,17.11855],[121.52714,17.11742],[121.52609,17.11544],[121.52529,17.11485],[121.52412,17.1149],[121.52283,17.11625],[121.52255,17.11827],[121.52263,17.11925],[121.52405,17.12185],[121.52382,17.12386],[121.52345,17.1243],[121.52185,17.12442],[121.51907,17.12542],[121.51873,17.12679],[121.51896,17.12916],[121.51861,17.13019],[121.51714,17.13142],[121.51622,17.13336],[121.51425,17.13323],[121.5133,17.1338],[121.51351,17.135],[121.5148,17.13659],[121.51772,17.13696],[121.51867,17.13763],[121.52037,17.14104],[121.52051,17.14212],[121.52047,17.14332],[121.51949,17.14438],[121.51867,17.14423],[121.51596,17.14237],[121.51306,17.14132],[121.51113,17.14167],[121.50634,17.14117],[121.50269,17.14248],[121.50184,17.14184],[121.50161,17.13978],[121.50119,17.13971],[121.501,17.14146]]]}},{"type":"Feature","properties":{"kind":"water","water":"river","name":""},"geometry":{"type":"Polygon","coordinates":[[[121.56074,17.13238],[121.56422,17.13543],[121.56489,17.13461],[121.56141,17.13172],[121.56074,17.13238]]]}},{"type":"Feature","properties":{"kind":"water","water":"river","name":""},"geometry":{"type":"Polygon","coordinates":[[[120.67932,17.21596],[120.68039,17.21801],[120.68014,17.21895],[120.68073,17.22171],[120.68379,17.22491],[120.684,17.22633],[120.68175,17.229],[120.68167,17.23112],[120.68072,17.23177],[120.67876,17.23528],[120.67881,17.23593],[120.68163,17.24052],[120.68164,17.24187],[120.67984,17.24251],[120.67743,17.24248],[120.67298,17.24172],[120.66962,17.24271],[120.66895,17.24358],[120.66908,17.24641],[120.67601,17.24935],[120.67739,17.25311],[120.67747,17.25568],[120.67625,17.2583],[120.67447,17.25975],[120.66882,17.2614],[120.66694,17.26245],[120.66634,17.26472],[120.66777,17.26627],[120.67189,17.26681],[120.67207,17.26518],[120.67126,17.26436],[120.66924,17.26509],[120.66862,17.26439],[120.66929,17.26279],[120.67506,17.26118],[120.67884,17.25804],[120.67958,17.25378],[120.67793,17.25046],[120.67762,17.24841],[120.67643,17.24681],[120.67083,17.24585],[120.67028,17.245],[120.67121,17.24394],[120.67464,17.24309],[120.67874,17.24331],[120.68178,17.24422],[120.68249,17.24404],[120.68369,17.2414],[120.68096,17.23757],[120.68088,17.23508],[120.68429,17.22817],[120.68638,17.22778],[120.68663,17.22732],[120.68609,17.22435],[120.68339,17.22224],[120.68159,17.21595],[120.68032,17.21501],[120.67932,17.21596]]]}},{"type":"Feature","properties":{"kind":"water","water":"river","name":""},"geometry":{"type":"Polygon","coordinates":[[[120.44332,16.3846],[120.44433,16.38609],[120.44383,16.38678],[120.44404,16.38766],[120.44862,16.38819],[120.44884,16.38972],[120.44738,16.39101],[120.4477,16.39227],[120.4508,16.39356],[120.45321,16.39639],[120.45358,16.4006],[120.45526,16.40445],[120.45509,16.40507],[120.45305,16.40518],[120.45311,16.40591],[120.455,16.40561],[120.45563,16.40522],[120.45576,16.40463],[120.45552,16.40331],[120.45411,16.4009],[120.45363,16.3957],[120.45202,16.3938],[120.44802,16.39176],[120.44803,16.39114],[120.44884,16.39071],[120.44951,16.38955],[120.44952,16.3881],[120.44817,16.38735],[120.44465,16.3871],[120.4452,16.3856],[120.44377,16.38432],[120.44332,16.3846]]]}},{"type":"Feature","properties":{"kind":"water","water":"river","name":""},"geometry":{"type":"Polygon","coordinates":[[[120.45037,16.40884],[120.45297,16.40753],[120.45411,16.40838],[120.45605,16.41329],[120.45862,16.41706],[120.46124,16.41755],[120.46527,16.41737],[120.46704,16.41821],[120.46733,16.41984],[120.46617,16.42304],[120.46703,16.4239],[120.46905,16.42401],[120.46965,16.42489],[120.47007,16.42486],[120.46989,16.42375],[120.46781,16.42317],[120.46722,16.42248],[120.46824,16.41898],[120.46767,16.41771],[120.46565,16.41674],[120.45915,16.4166],[120.45674,16.41368],[120.45554,16.40975],[120.45431,16.40762],[120.45284,16.40703],[120.45094,16.40811],[120.45031,16.40801],[120.45041,16.40668],[120.45311,16.40591],[120.45305,16.40518],[120.45127,16.40525],[120.44936,16.40659],[120.44925,16.4073],[120.44991,16.40846],[120.45037,16.40884]]]}},{"type":"Feature","properties":{"kind":"water","water":"river","name":""},"geometry":{"type":"Polygon","coordinates":[[[120.72258,17.67283],[120.72322,17.6731],[120.7238,17.67449],[120.72335,17.67569],[120.72492,17.6773],[120.73136,17.68002],[120.73299,17.68281],[120.73452,17.68434],[120.73926,17.68624],[120.74123,17.68633],[120.74436,17.68793],[120.7462,17.69008],[120.74787,17.69459],[120.74965,17.69429],[120.74902,17.69359],[120.74586,17.68538],[120.73733,17.68292],[120.73129,17.67722],[120.72769,17.67194],[120.72619,17.67172],[120.7225,17.67241],[120.72258,17.67283]],[[120.72423,17.67527],[120.72405,17.67323],[120.72432,17.67279],[120.72573,17.67265],[120.72753,17.67337],[120.72974,17.67663],[120.73208,17.6795],[120.73243,17.67945],[120.73212,17.6801],[120.72529,17.67681],[120.72505,17.67595],[120.72423,17.67527]]]}},{"type":"Feature","properties":{"kind":"water","water":"river","name":""},"geometry":{"type":"Polygon","coordinates":[[[120.46925,16.42926],[120.47029,16.43417],[120.47144,16.43591],[120.47321,16.43753],[120.47498,16.43785],[120.47594,16.43749],[120.47826,16.4354],[120.47944,16.43496],[120.48155,16.43532],[120.48397,16.43457],[120.48414,16.4352],[120.48305,16.438],[120.48366,16.43953],[120.48577,16.44025],[120.48766,16.44012],[120.48979,16.44078],[120.491,16.4406],[120.49114,16.44132],[120.49051,16.44375],[120.49076,16.44473],[120.4918,16.44533],[120.49375,16.4444],[120.49413,16.44252],[120.49481,16.44154],[120.49837,16.44128],[120.50037,16.4406],[120.5011,16.43975],[120.50005,16.43719],[120.50118,16.43602],[120.50459,16.43659],[120.50585,16.43627],[120.50629,16.43546],[120.50619,16.43375],[120.50753,16.43359],[120.50816,16.43289],[120.50792,16.43196],[120.50697,16.43085],[120.50735,16.42988],[120.50959,16.42981],[120.51235,16.42786],[120.5139,16.42754],[120.51559,16.42577],[120.51625,16.42372],[120.51918,16.42472],[120.52131,16.42896],[120.52288,16.42939],[120.52479,16.42931],[120.5279,16.43195],[120.52891,16.43183],[120.52801,16.43162],[120.52703,16.43046],[120.52474,16.42901],[120.52266,16.42904],[120.52137,16.42861],[120.51945,16.42456],[120.51613,16.42329],[120.51556,16.42381],[120.51467,16.42636],[120.51388,16.4271],[120.51223,16.42753],[120.50974,16.42938],[120.50748,16.42921],[120.50643,16.42963],[120.50627,16.43084],[120.50779,16.43257],[120.50756,16.43303],[120.5065,16.43297],[120.50577,16.43354],[120.50558,16.43588],[120.50087,16.43576],[120.49976,16.43727],[120.50061,16.43942],[120.50014,16.44015],[120.49817,16.44088],[120.49533,16.44101],[120.49381,16.44227],[120.49361,16.44355],[120.4931,16.44417],[120.49194,16.44487],[120.49095,16.44425],[120.49141,16.44033],[120.48775,16.43965],[120.48506,16.43961],[120.48409,16.43912],[120.48431,16.43419],[120.48129,16.43501],[120.47844,16.43469],[120.47567,16.43708],[120.47353,16.4371],[120.47266,16.43647],[120.47041,16.43289],[120.46988,16.42947],[120.47007,16.42486],[120.46965,16.42489],[120.46925,16.42926]]]}},{"type":"Feature","properties":{"kind":"water","water":"river","name":""},"geometry":{"type":"Polygon","coordinates":[[[120.47965,16.43462],[120.48063,16.43372],[120.48008,16.43053],[120.4824,16.42999],[120.48255,16.42901],[120.48161,16.4269],[120.48174,16.42636],[120.48365,16.4245],[120.48415,16.42348],[120.48419,16.42223],[120.48551,16.42196],[120.48574,16.42156],[120.48572,16.42087],[120.48454,16.41887],[120.48461,16.41828],[120.48815,16.41604],[120.48996,16.41605],[120.49162,16.41438],[120.48987,16.41577],[120.48824,16.41574],[120.48549,16.41766],[120.48437,16.41765],[120.484,16.41806],[120.48549,16.42144],[120.48406,16.42201],[120.48351,16.42436],[120.48157,16.42641],[120.48156,16.42726],[120.48236,16.42964],[120.4818,16.43008],[120.47989,16.43039],[120.48051,16.43349],[120.47884,16.4346],[120.47965,16.43462]]]}}]}